gbifID	datasetKey	occurrenceID	kingdom	phylum	class	order	family	genus	species	infraspecificEpithet	taxonRank	scientificName	verbatimScientificName	verbatimScientificNameAuthorship	countryCode	locality	stateProvince	occurrenceStatus	individualCount	publishingOrgKey	decimalLatitude	decimalLongitude	coordinateUncertaintyInMeters	coordinatePrecision	elevation	elevationAccuracy	depth	depthAccuracy	eventDate	day	month	year	taxonKey	speciesKey	basisOfRecord	institutionCode	collectionCode	catalogNumber	recordNumber	identifiedBy	dateIdentified	license	rightsHolder	recordedBy	typeStatus	establishmentMeans	lastInterpreted	mediaType	issue
5864861599	040c5662-da76-4782-a48e-cdea1892d14c	CIOSD8428-23	Animalia	Arthropoda	Insecta	Lepidoptera	Noctuidae	Euxoa	Euxoa auxiliaris		UNRANKED	BOLD:ABZ9343	BOLD:ABZ9343		US	Mojave National Preserve, Desert Studies Center	California	PRESENT		b3bf3a83-1f68-4541-a03f-330d30d567f5	35.14	-116.1049			313.0	0.0			2023-05-11	11	5	2023	10155302	4301148	MATERIAL_SAMPLE	Centre for Biodiversity Genomics		CBG-A17553-F08				CC_BY_4_0		LACM			2025-10-27T10:35:18.292Z		GEODETIC_DATUM_ASSUMED_WGS84;COUNTRY_DERIVED_FROM_COORDINATES;CONTINENT_DERIVED_FROM_COORDINATES;COLLECTION_MATCH_NONE;INSTITUTION_MATCH_FUZZY
5864802218	040c5662-da76-4782-a48e-cdea1892d14c	CIOSD8429-23	Animalia	Arthropoda	Insecta	Lepidoptera	Noctuidae	Euxoa	Euxoa auxiliaris		UNRANKED	BOLD:ABZ9343	BOLD:ABZ9343		US	Mojave National Preserve, Desert Studies Center	California	PRESENT		b3bf3a83-1f68-4541-a03f-330d30d567f5	35.14	-116.1049			313.0	0.0			2023-05-11	11	5	2023	10155302	4301148	MATERIAL_SAMPLE	Centre for Biodiversity Genomics		CBG-A17553-F09				CC_BY_4_0		LACM			2025-10-27T10:35:59.313Z		GEODETIC_DATUM_ASSUMED_WGS84;COUNTRY_DERIVED_FROM_COORDINATES;CONTINENT_DERIVED_FROM_COORDINATES;COLLECTION_MATCH_NONE;INSTITUTION_MATCH_FUZZY
5864602473	040c5662-da76-4782-a48e-cdea1892d14c	CIOSD15709-23	Animalia	Arthropoda	Insecta	Lepidoptera	Noctuidae	Euxoa	Euxoa auxiliaris		UNRANKED	BOLD:ABZ9343	BOLD:ABZ9343		US	Burns Pinon Ridge Reserve	California	PRESENT		b3bf3a83-1f68-4541-a03f-330d30d567f5	34.149	-116.456			1251.0	0.0			2023-05-13	13	5	2023	10155302	4301148	MATERIAL_SAMPLE	Centre for Biodiversity Genomics		CBG-A17523-D08				CC_BY_4_0		Kung, Giar-Ann			2025-10-27T10:35:21.216Z		GEODETIC_DATUM_ASSUMED_WGS84;COUNTRY_DERIVED_FROM_COORDINATES;CONTINENT_DERIVED_FROM_COORDINATES;COLLECTION_MATCH_NONE;INSTITUTION_MATCH_FUZZY
5864540779	040c5662-da76-4782-a48e-cdea1892d14c	CISSB16879-23	Animalia	Arthropoda	Insecta	Lepidoptera	Noctuidae	Euxoa	Euxoa auxiliaris		UNRANKED	BOLD:ABZ9343	BOLD:ABZ9343		US	Valley of the Moon	California	PRESENT		b3bf3a83-1f68-4541-a03f-330d30d567f5	32.63425	-116.0931			1137.0	0.0			2023-04-11	11	4	2023	10155302	4301148	MATERIAL_SAMPLE	Centre for Biodiversity Genomics		CBG-A18372-F04		Spencer K. Monckton		CC_BY_4_0		Horna Lowell, Eva; Allingham, Rachel; Deer, Ellie; Horsley, Pam			2025-10-27T10:35:55.853Z		GEODETIC_DATUM_ASSUMED_WGS84;COUNTRY_DERIVED_FROM_COORDINATES;CONTINENT_DERIVED_FROM_COORDINATES;COLLECTION_MATCH_NONE;INSTITUTION_MATCH_FUZZY
5864524289	040c5662-da76-4782-a48e-cdea1892d14c	CIOSD8426-23	Animalia	Arthropoda	Insecta	Lepidoptera	Noctuidae	Euxoa	Euxoa auxiliaris		UNRANKED	BOLD:ABZ9343	BOLD:ABZ9343		US	Mojave National Preserve, Desert Studies Center	California	PRESENT		b3bf3a83-1f68-4541-a03f-330d30d567f5	35.14	-116.1049			313.0	0.0			2023-05-11	11	5	2023	10155302	4301148	MATERIAL_SAMPLE	Centre for Biodiversity Genomics		CBG-A17553-F06				CC_BY_4_0		LACM			2025-10-27T10:35:42.875Z		GEODETIC_DATUM_ASSUMED_WGS84;COUNTRY_DERIVED_FROM_COORDINATES;CONTINENT_DERIVED_FROM_COORDINATES;COLLECTION_MATCH_NONE;INSTITUTION_MATCH_FUZZY
5864491001	040c5662-da76-4782-a48e-cdea1892d14c	CIOSD8430-23	Animalia	Arthropoda	Insecta	Lepidoptera	Noctuidae	Euxoa	Euxoa auxiliaris		UNRANKED	BOLD:ABZ9343	BOLD:ABZ9343		US	Mojave National Preserve, Desert Studies Center	California	PRESENT		b3bf3a83-1f68-4541-a03f-330d30d567f5	35.14	-116.1049			313.0	0.0			2023-05-11	11	5	2023	10155302	4301148	MATERIAL_SAMPLE	Centre for Biodiversity Genomics		CBG-A17553-F10				CC_BY_4_0		LACM			2025-10-27T10:35:55.224Z		GEODETIC_DATUM_ASSUMED_WGS84;COUNTRY_DERIVED_FROM_COORDINATES;CONTINENT_DERIVED_FROM_COORDINATES;COLLECTION_MATCH_NONE;INSTITUTION_MATCH_FUZZY
5864487814	040c5662-da76-4782-a48e-cdea1892d14c	CIOSD8405-23	Animalia	Arthropoda	Insecta	Lepidoptera	Noctuidae	Euxoa	Euxoa auxiliaris		UNRANKED	BOLD:ABZ9343	BOLD:ABZ9343		US	Mojave National Preserve, Desert Studies Center	California	PRESENT		b3bf3a83-1f68-4541-a03f-330d30d567f5	35.14	-116.1049			313.0	0.0			2023-05-11	11	5	2023	10155302	4301148	MATERIAL_SAMPLE	Centre for Biodiversity Genomics		CBG-A17553-D09				CC_BY_4_0		LACM			2025-10-27T10:35:18.550Z		GEODETIC_DATUM_ASSUMED_WGS84;COUNTRY_DERIVED_FROM_COORDINATES;CONTINENT_DERIVED_FROM_COORDINATES;COLLECTION_MATCH_NONE;INSTITUTION_MATCH_FUZZY
5864163694	040c5662-da76-4782-a48e-cdea1892d14c	CIOSG35409-23	Animalia	Arthropoda	Insecta	Lepidoptera	Noctuidae	Euxoa	Euxoa auxiliaris		UNRANKED	BOLD:ABZ9343	BOLD:ABZ9343		US	Granite Mountains Reserve	California	PRESENT		b3bf3a83-1f68-4541-a03f-330d30d567f5	34.783	-115.651			1293.0	0.0			2023-04-13	13	4	2023	10155302	4301148	MATERIAL_SAMPLE	Centre for Biodiversity Genomics		CBG-A21703-E08		Spencer K. Monckton		CC_BY_4_0		Jones, Jacob; Perez, Julia			2025-10-27T10:36:02.657Z		GEODETIC_DATUM_ASSUMED_WGS84;COUNTRY_DERIVED_FROM_COORDINATES;CONTINENT_DERIVED_FROM_COORDINATES;COLLECTION_MATCH_NONE;INSTITUTION_MATCH_FUZZY
5864096238	040c5662-da76-4782-a48e-cdea1892d14c	CISSB19926-23	Animalia	Arthropoda	Insecta	Lepidoptera	Noctuidae	Euxoa	Euxoa auxiliaris		UNRANKED	BOLD:ABZ9343	BOLD:ABZ9343		US	Three Willowglen Trail, Fawnskin	California	PRESENT		b3bf3a83-1f68-4541-a03f-330d30d567f5	34.2725	-116.93083			2123.0	0.0			2023-05-16	16	5	2023	10155302	4301148	MATERIAL_SAMPLE	Centre for Biodiversity Genomics		CBG-A23274-F02		Spencer K. Monckton		CC_BY_4_0		Heraty, John; Weirauch, Christiane			2025-10-27T10:35:54.652Z		GEODETIC_DATUM_ASSUMED_WGS84;COUNTRY_DERIVED_FROM_COORDINATES;CONTINENT_DERIVED_FROM_COORDINATES;COLLECTION_MATCH_NONE;INSTITUTION_MATCH_FUZZY
5863780607	040c5662-da76-4782-a48e-cdea1892d14c	CIOSD41688-23	Animalia	Arthropoda	Insecta	Lepidoptera	Noctuidae	Euxoa	Euxoa auxiliaris		UNRANKED	BOLD:ABZ9343	BOLD:ABZ9343		US	Burns Pinon Ridge Reserve	California	PRESENT		b3bf3a83-1f68-4541-a03f-330d30d567f5	34.149	-116.456			1251.0	0.0			2023-05-13	13	5	2023	10155302	4301148	MATERIAL_SAMPLE	Centre for Biodiversity Genomics		CBG-A18356-G08		Spencer K. Monckton		CC_BY_4_0		Kung, Giar-Ann			2025-10-27T10:35:20.891Z		GEODETIC_DATUM_ASSUMED_WGS84;COUNTRY_DERIVED_FROM_COORDINATES;CONTINENT_DERIVED_FROM_COORDINATES;COLLECTION_MATCH_NONE;INSTITUTION_MATCH_FUZZY
5863642503	040c5662-da76-4782-a48e-cdea1892d14c	CIOSG11088-23	Animalia	Arthropoda	Insecta	Lepidoptera	Noctuidae	Euxoa	Euxoa auxiliaris		UNRANKED	BOLD:ABZ9343	BOLD:ABZ9343		US	Oasis de los Osos	California	PRESENT		b3bf3a83-1f68-4541-a03f-330d30d567f5	33.8894	-116.6864			404.0	0.0			2023-04-11	11	4	2023	10155302	4301148	MATERIAL_SAMPLE	Centre for Biodiversity Genomics		CBG-A21719-E10		Spencer K. Monckton		CC_BY_4_0		Perez, Julia; Jones, Jacob			2025-10-27T10:35:21.070Z		GEODETIC_DATUM_ASSUMED_WGS84;COUNTRY_DERIVED_FROM_COORDINATES;CONTINENT_DERIVED_FROM_COORDINATES;COLLECTION_MATCH_NONE;INSTITUTION_MATCH_FUZZY
5863575739	040c5662-da76-4782-a48e-cdea1892d14c	CIOSD8434-23	Animalia	Arthropoda	Insecta	Lepidoptera	Noctuidae	Euxoa	Euxoa auxiliaris		UNRANKED	BOLD:ABZ9343	BOLD:ABZ9343		US	Mojave National Preserve, Desert Studies Center	California	PRESENT		b3bf3a83-1f68-4541-a03f-330d30d567f5	35.14	-116.1049			313.0	0.0			2023-05-11	11	5	2023	10155302	4301148	MATERIAL_SAMPLE	Centre for Biodiversity Genomics		CBG-A17553-G02				CC_BY_4_0		LACM			2025-10-27T10:35:18.386Z		GEODETIC_DATUM_ASSUMED_WGS84;COUNTRY_DERIVED_FROM_COORDINATES;CONTINENT_DERIVED_FROM_COORDINATES;COLLECTION_MATCH_NONE;INSTITUTION_MATCH_FUZZY
5863362082	040c5662-da76-4782-a48e-cdea1892d14c	CIOSH16709-23	Animalia	Arthropoda	Insecta	Lepidoptera	Noctuidae	Euxoa	Euxoa auxiliaris		UNRANKED	BOLD:ABZ9343	BOLD:ABZ9343		US	Granite Mountains Reserve	California	PRESENT		b3bf3a83-1f68-4541-a03f-330d30d567f5	34.7828	-115.6508			1293.0	0.0			2023-05-06	6	5	2023	10155302	4301148	MATERIAL_SAMPLE	Centre for Biodiversity Genomics		CBG-A21688-H02		Spencer K. Monckton		CC_BY_4_0		Jones, Jacob; Perez, Julia			2025-10-27T10:35:40.947Z		GEODETIC_DATUM_ASSUMED_WGS84;COUNTRY_DERIVED_FROM_COORDINATES;CONTINENT_DERIVED_FROM_COORDINATES;COLLECTION_MATCH_NONE;INSTITUTION_MATCH_FUZZY
5863224719	040c5662-da76-4782-a48e-cdea1892d14c	CIOSF48985-23	Animalia	Arthropoda	Insecta	Lepidoptera	Noctuidae	Euxoa	Euxoa auxiliaris		UNRANKED	BOLD:ABZ9343	BOLD:ABZ9343		US	San Bernardino National Forest, Fawnskin/Big Bear	California	PRESENT		b3bf3a83-1f68-4541-a03f-330d30d567f5	34.26628	-116.8988			2111.0	0.0			2023-06-09	9	6	2023	10155302	4301148	MATERIAL_SAMPLE	Centre for Biodiversity Genomics		CBG-A23377-A01		Spencer K. Monckton		CC_BY_4_0		Baker, Austin; Laine, Jesse; Tang, Nathan			2025-10-27T10:35:38.805Z		GEODETIC_DATUM_ASSUMED_WGS84;COUNTRY_DERIVED_FROM_COORDINATES;CONTINENT_DERIVED_FROM_COORDINATES;COLLECTION_MATCH_NONE;INSTITUTION_MATCH_FUZZY
5863038676	040c5662-da76-4782-a48e-cdea1892d14c	CISSB16880-23	Animalia	Arthropoda	Insecta	Lepidoptera	Noctuidae	Euxoa	Euxoa auxiliaris		UNRANKED	BOLD:ABZ9343	BOLD:ABZ9343		US	Valley of the Moon	California	PRESENT		b3bf3a83-1f68-4541-a03f-330d30d567f5	32.63425	-116.0931			1137.0	0.0			2023-04-11	11	4	2023	10155302	4301148	MATERIAL_SAMPLE	Centre for Biodiversity Genomics		CBG-A18372-F05		Spencer K. Monckton		CC_BY_4_0		Horna Lowell, Eva; Allingham, Rachel; Deer, Ellie; Horsley, Pam			2025-10-27T10:35:21.318Z		GEODETIC_DATUM_ASSUMED_WGS84;COUNTRY_DERIVED_FROM_COORDINATES;CONTINENT_DERIVED_FROM_COORDINATES;COLLECTION_MATCH_NONE;INSTITUTION_MATCH_FUZZY
5863026243	040c5662-da76-4782-a48e-cdea1892d14c	CIOSD8417-23	Animalia	Arthropoda	Insecta	Lepidoptera	Noctuidae	Euxoa	Euxoa auxiliaris		UNRANKED	BOLD:ABZ9343	BOLD:ABZ9343		US	Mojave National Preserve, Desert Studies Center	California	PRESENT		b3bf3a83-1f68-4541-a03f-330d30d567f5	35.14	-116.1049			313.0	0.0			2023-05-11	11	5	2023	10155302	4301148	MATERIAL_SAMPLE	Centre for Biodiversity Genomics		CBG-A17553-E09				CC_BY_4_0		LACM			2025-10-27T10:35:37.113Z		GEODETIC_DATUM_ASSUMED_WGS84;COUNTRY_DERIVED_FROM_COORDINATES;CONTINENT_DERIVED_FROM_COORDINATES;COLLECTION_MATCH_NONE;INSTITUTION_MATCH_FUZZY
5862834435	040c5662-da76-4782-a48e-cdea1892d14c	CIOSH16669-23	Animalia	Arthropoda	Insecta	Lepidoptera	Noctuidae	Euxoa	Euxoa auxiliaris		UNRANKED	BOLD:ABZ9343	BOLD:ABZ9343		US	Granite Mountains Reserve	California	PRESENT		b3bf3a83-1f68-4541-a03f-330d30d567f5	34.7828	-115.6508			1293.0	0.0			2023-05-06	6	5	2023	10155302	4301148	MATERIAL_SAMPLE	Centre for Biodiversity Genomics		CBG-A21688-D10		Spencer K. Monckton		CC_BY_4_0		Jones, Jacob; Perez, Julia			2025-10-27T10:35:42.475Z		GEODETIC_DATUM_ASSUMED_WGS84;COUNTRY_DERIVED_FROM_COORDINATES;CONTINENT_DERIVED_FROM_COORDINATES;COLLECTION_MATCH_NONE;INSTITUTION_MATCH_FUZZY
5862795872	040c5662-da76-4782-a48e-cdea1892d14c	CIOSD8415-23	Animalia	Arthropoda	Insecta	Lepidoptera	Noctuidae	Euxoa	Euxoa auxiliaris		UNRANKED	BOLD:ABZ9343	BOLD:ABZ9343		US	Mojave National Preserve, Desert Studies Center	California	PRESENT		b3bf3a83-1f68-4541-a03f-330d30d567f5	35.14	-116.1049			313.0	0.0			2023-05-11	11	5	2023	10155302	4301148	MATERIAL_SAMPLE	Centre for Biodiversity Genomics		CBG-A17553-E07				CC_BY_4_0		LACM			2025-10-27T10:35:57.106Z		GEODETIC_DATUM_ASSUMED_WGS84;COUNTRY_DERIVED_FROM_COORDINATES;CONTINENT_DERIVED_FROM_COORDINATES;COLLECTION_MATCH_NONE;INSTITUTION_MATCH_FUZZY
5862667417	040c5662-da76-4782-a48e-cdea1892d14c	CIOSH16666-23	Animalia	Arthropoda	Insecta	Lepidoptera	Noctuidae	Euxoa	Euxoa auxiliaris		UNRANKED	BOLD:ABZ9343	BOLD:ABZ9343		US	Granite Mountains Reserve	California	PRESENT		b3bf3a83-1f68-4541-a03f-330d30d567f5	34.7828	-115.6508			1293.0	0.0			2023-05-06	6	5	2023	10155302	4301148	MATERIAL_SAMPLE	Centre for Biodiversity Genomics		CBG-A21688-D07		Spencer K. Monckton		CC_BY_4_0		Jones, Jacob; Perez, Julia			2025-10-27T10:35:49.354Z		GEODETIC_DATUM_ASSUMED_WGS84;COUNTRY_DERIVED_FROM_COORDINATES;CONTINENT_DERIVED_FROM_COORDINATES;COLLECTION_MATCH_NONE;INSTITUTION_MATCH_FUZZY
5862618306	040c5662-da76-4782-a48e-cdea1892d14c	CIOSH16708-23	Animalia	Arthropoda	Insecta	Lepidoptera	Noctuidae	Euxoa	Euxoa auxiliaris		UNRANKED	BOLD:ABZ9343	BOLD:ABZ9343		US	Granite Mountains Reserve	California	PRESENT		b3bf3a83-1f68-4541-a03f-330d30d567f5	34.7828	-115.6508			1293.0	0.0			2023-05-06	6	5	2023	10155302	4301148	MATERIAL_SAMPLE	Centre for Biodiversity Genomics		CBG-A21688-H01		Spencer K. Monckton		CC_BY_4_0		Jones, Jacob; Perez, Julia			2025-10-27T10:35:57.384Z		GEODETIC_DATUM_ASSUMED_WGS84;COUNTRY_DERIVED_FROM_COORDINATES;CONTINENT_DERIVED_FROM_COORDINATES;COLLECTION_MATCH_NONE;INSTITUTION_MATCH_FUZZY
5862591605	040c5662-da76-4782-a48e-cdea1892d14c	CIOSD8431-23	Animalia	Arthropoda	Insecta	Lepidoptera	Noctuidae	Euxoa	Euxoa auxiliaris		UNRANKED	BOLD:ABZ9343	BOLD:ABZ9343		US	Mojave National Preserve, Desert Studies Center	California	PRESENT		b3bf3a83-1f68-4541-a03f-330d30d567f5	35.14	-116.1049			313.0	0.0			2023-05-11	11	5	2023	10155302	4301148	MATERIAL_SAMPLE	Centre for Biodiversity Genomics		CBG-A17553-F11				CC_BY_4_0		LACM			2025-10-27T10:35:18.262Z		GEODETIC_DATUM_ASSUMED_WGS84;COUNTRY_DERIVED_FROM_COORDINATES;CONTINENT_DERIVED_FROM_COORDINATES;COLLECTION_MATCH_NONE;INSTITUTION_MATCH_FUZZY
5862499547	040c5662-da76-4782-a48e-cdea1892d14c	CIOSD41702-23	Animalia	Arthropoda	Insecta	Lepidoptera	Noctuidae	Euxoa	Euxoa auxiliaris		UNRANKED	BOLD:ABZ9343	BOLD:ABZ9343		US	Burns Pinon Ridge Reserve	California	PRESENT		b3bf3a83-1f68-4541-a03f-330d30d567f5	34.149	-116.456			1251.0	0.0			2023-05-13	13	5	2023	10155302	4301148	MATERIAL_SAMPLE	Centre for Biodiversity Genomics		CBG-A18356-H10		Spencer K. Monckton		CC_BY_4_0		Kung, Giar-Ann			2025-10-27T10:35:47.467Z		GEODETIC_DATUM_ASSUMED_WGS84;COUNTRY_DERIVED_FROM_COORDINATES;CONTINENT_DERIVED_FROM_COORDINATES;COLLECTION_MATCH_NONE;INSTITUTION_MATCH_FUZZY
5862280789	040c5662-da76-4782-a48e-cdea1892d14c	CIOSD8436-23	Animalia	Arthropoda	Insecta	Lepidoptera	Noctuidae	Euxoa	Euxoa auxiliaris		UNRANKED	BOLD:ABZ9343	BOLD:ABZ9343		US	Mojave National Preserve, Desert Studies Center	California	PRESENT		b3bf3a83-1f68-4541-a03f-330d30d567f5	35.14	-116.1049			313.0	0.0			2023-05-11	11	5	2023	10155302	4301148	MATERIAL_SAMPLE	Centre for Biodiversity Genomics		CBG-A17553-G04				CC_BY_4_0		LACM			2025-10-27T10:35:57.458Z		GEODETIC_DATUM_ASSUMED_WGS84;COUNTRY_DERIVED_FROM_COORDINATES;CONTINENT_DERIVED_FROM_COORDINATES;COLLECTION_MATCH_NONE;INSTITUTION_MATCH_FUZZY
5862266683	040c5662-da76-4782-a48e-cdea1892d14c	CIOSD8416-23	Animalia	Arthropoda	Insecta	Lepidoptera	Noctuidae	Euxoa	Euxoa auxiliaris		UNRANKED	BOLD:ABZ9343	BOLD:ABZ9343		US	Mojave National Preserve, Desert Studies Center	California	PRESENT		b3bf3a83-1f68-4541-a03f-330d30d567f5	35.14	-116.1049			313.0	0.0			2023-05-11	11	5	2023	10155302	4301148	MATERIAL_SAMPLE	Centre for Biodiversity Genomics		CBG-A17553-E08				CC_BY_4_0		LACM			2025-10-27T10:35:53.790Z		GEODETIC_DATUM_ASSUMED_WGS84;COUNTRY_DERIVED_FROM_COORDINATES;CONTINENT_DERIVED_FROM_COORDINATES;COLLECTION_MATCH_NONE;INSTITUTION_MATCH_FUZZY
5862192893	040c5662-da76-4782-a48e-cdea1892d14c	CIOSD16053-23	Animalia	Arthropoda	Insecta	Lepidoptera	Noctuidae	Euxoa	Euxoa auxiliaris		UNRANKED	BOLD:ABZ9343	BOLD:ABZ9343		US	Burns Pinon Ridge Reserve	California	PRESENT		b3bf3a83-1f68-4541-a03f-330d30d567f5	34.149	-116.456			1251.0	0.0			2023-05-13	13	5	2023	10155302	4301148	MATERIAL_SAMPLE	Centre for Biodiversity Genomics		CBG-A18354-A08				CC_BY_4_0		Kung, Giar-Ann			2025-10-27T10:35:57.549Z		GEODETIC_DATUM_ASSUMED_WGS84;COUNTRY_DERIVED_FROM_COORDINATES;CONTINENT_DERIVED_FROM_COORDINATES;COLLECTION_MATCH_NONE;INSTITUTION_MATCH_FUZZY
5862109738	040c5662-da76-4782-a48e-cdea1892d14c	CIOSH16667-23	Animalia	Arthropoda	Insecta	Lepidoptera	Noctuidae	Euxoa	Euxoa auxiliaris		UNRANKED	BOLD:ABZ9343	BOLD:ABZ9343		US	Granite Mountains Reserve	California	PRESENT		b3bf3a83-1f68-4541-a03f-330d30d567f5	34.7828	-115.6508			1293.0	0.0			2023-05-06	6	5	2023	10155302	4301148	MATERIAL_SAMPLE	Centre for Biodiversity Genomics		CBG-A21688-D08		Spencer K. Monckton		CC_BY_4_0		Jones, Jacob; Perez, Julia			2025-10-27T10:35:20.845Z		GEODETIC_DATUM_ASSUMED_WGS84;COUNTRY_DERIVED_FROM_COORDINATES;CONTINENT_DERIVED_FROM_COORDINATES;COLLECTION_MATCH_NONE;INSTITUTION_MATCH_FUZZY
5862087962	040c5662-da76-4782-a48e-cdea1892d14c	CIOSH16712-23	Animalia	Arthropoda	Insecta	Lepidoptera	Noctuidae	Euxoa	Euxoa auxiliaris		UNRANKED	BOLD:ABZ9343	BOLD:ABZ9343		US	Granite Mountains Reserve	California	PRESENT		b3bf3a83-1f68-4541-a03f-330d30d567f5	34.7828	-115.6508			1293.0	0.0			2023-05-06	6	5	2023	10155302	4301148	MATERIAL_SAMPLE	Centre for Biodiversity Genomics		CBG-A21688-H05		Spencer K. Monckton		CC_BY_4_0		Jones, Jacob; Perez, Julia			2025-10-27T10:35:20.893Z		GEODETIC_DATUM_ASSUMED_WGS84;COUNTRY_DERIVED_FROM_COORDINATES;CONTINENT_DERIVED_FROM_COORDINATES;COLLECTION_MATCH_NONE;INSTITUTION_MATCH_FUZZY
5861959076	040c5662-da76-4782-a48e-cdea1892d14c	CIOSD8421-23	Animalia	Arthropoda	Insecta	Lepidoptera	Noctuidae	Euxoa	Euxoa auxiliaris		UNRANKED	BOLD:ABZ9343	BOLD:ABZ9343		US	Mojave National Preserve, Desert Studies Center	California	PRESENT		b3bf3a83-1f68-4541-a03f-330d30d567f5	35.14	-116.1049			313.0	0.0			2023-05-11	11	5	2023	10155302	4301148	MATERIAL_SAMPLE	Centre for Biodiversity Genomics		CBG-A17553-F01				CC_BY_4_0		LACM			2025-10-27T10:35:38.219Z		GEODETIC_DATUM_ASSUMED_WGS84;COUNTRY_DERIVED_FROM_COORDINATES;CONTINENT_DERIVED_FROM_COORDINATES;COLLECTION_MATCH_NONE;INSTITUTION_MATCH_FUZZY
5861906744	040c5662-da76-4782-a48e-cdea1892d14c	CIOSG35407-23	Animalia	Arthropoda	Insecta	Lepidoptera	Noctuidae	Euxoa	Euxoa auxiliaris		UNRANKED	BOLD:ABZ9343	BOLD:ABZ9343		US	Granite Mountains Reserve	California	PRESENT		b3bf3a83-1f68-4541-a03f-330d30d567f5	34.783	-115.651			1293.0	0.0			2023-04-13	13	4	2023	10155302	4301148	MATERIAL_SAMPLE	Centre for Biodiversity Genomics		CBG-A21703-E06		Spencer K. Monckton		CC_BY_4_0		Jones, Jacob; Perez, Julia			2025-10-27T10:36:01.525Z		GEODETIC_DATUM_ASSUMED_WGS84;COUNTRY_DERIVED_FROM_COORDINATES;CONTINENT_DERIVED_FROM_COORDINATES;COLLECTION_MATCH_NONE;INSTITUTION_MATCH_FUZZY
5861899452	040c5662-da76-4782-a48e-cdea1892d14c	CIOSD8422-23	Animalia	Arthropoda	Insecta	Lepidoptera	Noctuidae	Euxoa	Euxoa auxiliaris		UNRANKED	BOLD:ABZ9343	BOLD:ABZ9343		US	Mojave National Preserve, Desert Studies Center	California	PRESENT		b3bf3a83-1f68-4541-a03f-330d30d567f5	35.14	-116.1049			313.0	0.0			2023-05-11	11	5	2023	10155302	4301148	MATERIAL_SAMPLE	Centre for Biodiversity Genomics		CBG-A17553-F02				CC_BY_4_0		LACM			2025-10-27T10:35:18.345Z		GEODETIC_DATUM_ASSUMED_WGS84;COUNTRY_DERIVED_FROM_COORDINATES;CONTINENT_DERIVED_FROM_COORDINATES;COLLECTION_MATCH_NONE;INSTITUTION_MATCH_FUZZY
5861758517	040c5662-da76-4782-a48e-cdea1892d14c	CIOSD15710-23	Animalia	Arthropoda	Insecta	Lepidoptera	Noctuidae	Euxoa	Euxoa auxiliaris		UNRANKED	BOLD:ABZ9343	BOLD:ABZ9343		US	Burns Pinon Ridge Reserve	California	PRESENT		b3bf3a83-1f68-4541-a03f-330d30d567f5	34.149	-116.456			1251.0	0.0			2023-05-13	13	5	2023	10155302	4301148	MATERIAL_SAMPLE	Centre for Biodiversity Genomics		CBG-A17523-D09				CC_BY_4_0		Kung, Giar-Ann			2025-10-27T10:35:21.280Z		GEODETIC_DATUM_ASSUMED_WGS84;COUNTRY_DERIVED_FROM_COORDINATES;CONTINENT_DERIVED_FROM_COORDINATES;COLLECTION_MATCH_NONE;INSTITUTION_MATCH_FUZZY
5861694518	040c5662-da76-4782-a48e-cdea1892d14c	CIOSD8414-23	Animalia	Arthropoda	Insecta	Lepidoptera	Noctuidae	Euxoa	Euxoa auxiliaris		UNRANKED	BOLD:ABZ9343	BOLD:ABZ9343		US	Mojave National Preserve, Desert Studies Center	California	PRESENT		b3bf3a83-1f68-4541-a03f-330d30d567f5	35.14	-116.1049			313.0	0.0			2023-05-11	11	5	2023	10155302	4301148	MATERIAL_SAMPLE	Centre for Biodiversity Genomics		CBG-A17553-E06				CC_BY_4_0		LACM			2025-10-27T10:35:18.374Z		GEODETIC_DATUM_ASSUMED_WGS84;COUNTRY_DERIVED_FROM_COORDINATES;CONTINENT_DERIVED_FROM_COORDINATES;COLLECTION_MATCH_NONE;INSTITUTION_MATCH_FUZZY
5861688814	040c5662-da76-4782-a48e-cdea1892d14c	CIOSD8420-23	Animalia	Arthropoda	Insecta	Lepidoptera	Noctuidae	Euxoa	Euxoa auxiliaris		UNRANKED	BOLD:ABZ9343	BOLD:ABZ9343		US	Mojave National Preserve, Desert Studies Center	California	PRESENT		b3bf3a83-1f68-4541-a03f-330d30d567f5	35.14	-116.1049			313.0	0.0			2023-05-11	11	5	2023	10155302	4301148	MATERIAL_SAMPLE	Centre for Biodiversity Genomics		CBG-A17553-E12				CC_BY_4_0		LACM			2025-10-27T10:35:18.257Z		GEODETIC_DATUM_ASSUMED_WGS84;COUNTRY_DERIVED_FROM_COORDINATES;CONTINENT_DERIVED_FROM_COORDINATES;COLLECTION_MATCH_NONE;INSTITUTION_MATCH_FUZZY
5861652049	040c5662-da76-4782-a48e-cdea1892d14c	CIOSD8418-23	Animalia	Arthropoda	Insecta	Lepidoptera	Noctuidae	Euxoa	Euxoa auxiliaris		UNRANKED	BOLD:ABZ9343	BOLD:ABZ9343		US	Mojave National Preserve, Desert Studies Center	California	PRESENT		b3bf3a83-1f68-4541-a03f-330d30d567f5	35.14	-116.1049			313.0	0.0			2023-05-11	11	5	2023	10155302	4301148	MATERIAL_SAMPLE	Centre for Biodiversity Genomics		CBG-A17553-E10				CC_BY_4_0		LACM			2025-10-27T10:35:36.375Z		GEODETIC_DATUM_ASSUMED_WGS84;COUNTRY_DERIVED_FROM_COORDINATES;CONTINENT_DERIVED_FROM_COORDINATES;COLLECTION_MATCH_NONE;INSTITUTION_MATCH_FUZZY
5861503366	040c5662-da76-4782-a48e-cdea1892d14c	CIOSD8413-23	Animalia	Arthropoda	Insecta	Lepidoptera	Noctuidae	Euxoa	Euxoa auxiliaris		UNRANKED	BOLD:ABZ9343	BOLD:ABZ9343		US	Mojave National Preserve, Desert Studies Center	California	PRESENT		b3bf3a83-1f68-4541-a03f-330d30d567f5	35.14	-116.1049			313.0	0.0			2023-05-11	11	5	2023	10155302	4301148	MATERIAL_SAMPLE	Centre for Biodiversity Genomics		CBG-A17553-E05				CC_BY_4_0		LACM			2025-10-27T10:35:36.534Z		GEODETIC_DATUM_ASSUMED_WGS84;COUNTRY_DERIVED_FROM_COORDINATES;CONTINENT_DERIVED_FROM_COORDINATES;COLLECTION_MATCH_NONE;INSTITUTION_MATCH_FUZZY
5861474253	040c5662-da76-4782-a48e-cdea1892d14c	CIOSD8419-23	Animalia	Arthropoda	Insecta	Lepidoptera	Noctuidae	Euxoa	Euxoa auxiliaris		UNRANKED	BOLD:ABZ9343	BOLD:ABZ9343		US	Mojave National Preserve, Desert Studies Center	California	PRESENT		b3bf3a83-1f68-4541-a03f-330d30d567f5	35.14	-116.1049			313.0	0.0			2023-05-11	11	5	2023	10155302	4301148	MATERIAL_SAMPLE	Centre for Biodiversity Genomics		CBG-A17553-E11				CC_BY_4_0		LACM			2025-10-27T10:35:36.667Z		GEODETIC_DATUM_ASSUMED_WGS84;COUNTRY_DERIVED_FROM_COORDINATES;CONTINENT_DERIVED_FROM_COORDINATES;COLLECTION_MATCH_NONE;INSTITUTION_MATCH_FUZZY
5861471943	040c5662-da76-4782-a48e-cdea1892d14c	CIOSD8433-23	Animalia	Arthropoda	Insecta	Lepidoptera	Noctuidae	Euxoa	Euxoa auxiliaris		UNRANKED	BOLD:ABZ9343	BOLD:ABZ9343		US	Mojave National Preserve, Desert Studies Center	California	PRESENT		b3bf3a83-1f68-4541-a03f-330d30d567f5	35.14	-116.1049			313.0	0.0			2023-05-11	11	5	2023	10155302	4301148	MATERIAL_SAMPLE	Centre for Biodiversity Genomics		CBG-A17553-G01				CC_BY_4_0		LACM			2025-10-27T10:35:55.360Z		GEODETIC_DATUM_ASSUMED_WGS84;COUNTRY_DERIVED_FROM_COORDINATES;CONTINENT_DERIVED_FROM_COORDINATES;COLLECTION_MATCH_NONE;INSTITUTION_MATCH_FUZZY
5861444946	040c5662-da76-4782-a48e-cdea1892d14c	CISSB20048-23	Animalia	Arthropoda	Insecta	Lepidoptera	Noctuidae	Euxoa	Euxoa auxiliaris		UNRANKED	BOLD:ABZ9343	BOLD:ABZ9343		US	Three Willowglen Trail, Fawnskin	California	PRESENT		b3bf3a83-1f68-4541-a03f-330d30d567f5	34.2725	-116.93083			2123.0	0.0			2023-05-28	28	5	2023	10155302	4301148	MATERIAL_SAMPLE	Centre for Biodiversity Genomics		CBG-A23275-H05		Spencer K. Monckton		CC_BY_4_0		Heraty, John; Weirauch, Christiane			2025-10-27T10:35:21.042Z		GEODETIC_DATUM_ASSUMED_WGS84;COUNTRY_DERIVED_FROM_COORDINATES;CONTINENT_DERIVED_FROM_COORDINATES;COLLECTION_MATCH_NONE;INSTITUTION_MATCH_FUZZY
5861426229	040c5662-da76-4782-a48e-cdea1892d14c	CIOSH16671-23	Animalia	Arthropoda	Insecta	Lepidoptera	Noctuidae	Euxoa	Euxoa auxiliaris		UNRANKED	BOLD:ABZ9343	BOLD:ABZ9343		US	Granite Mountains Reserve	California	PRESENT		b3bf3a83-1f68-4541-a03f-330d30d567f5	34.7828	-115.6508			1293.0	0.0			2023-05-06	6	5	2023	10155302	4301148	MATERIAL_SAMPLE	Centre for Biodiversity Genomics		CBG-A21688-D12		Spencer K. Monckton		CC_BY_4_0		Jones, Jacob; Perez, Julia			2025-10-27T10:35:28.696Z		GEODETIC_DATUM_ASSUMED_WGS84;COUNTRY_DERIVED_FROM_COORDINATES;CONTINENT_DERIVED_FROM_COORDINATES;COLLECTION_MATCH_NONE;INSTITUTION_MATCH_FUZZY
5861316686	040c5662-da76-4782-a48e-cdea1892d14c	CIOSD23647-23	Animalia	Arthropoda	Insecta	Lepidoptera	Noctuidae	Euxoa	Euxoa auxiliaris		UNRANKED	BOLD:ABZ9343	BOLD:ABZ9343		US	4km N Honey Lake	California	PRESENT		b3bf3a83-1f68-4541-a03f-330d30d567f5	40.348976	-120.290665			1219.0	0.0			2023-06-02	2	6	2023	10155302	4301148	MATERIAL_SAMPLE	Centre for Biodiversity Genomics		CBG-A21601-A02				CC_BY_4_0		Korneyev, Severyn; Maples, Benjamin			2025-10-27T10:35:21.337Z		GEODETIC_DATUM_ASSUMED_WGS84;COUNTRY_DERIVED_FROM_COORDINATES;CONTINENT_DERIVED_FROM_COORDINATES;COLLECTION_MATCH_NONE;INSTITUTION_MATCH_FUZZY
5861170273	040c5662-da76-4782-a48e-cdea1892d14c	CIOSD15697-23	Animalia	Arthropoda	Insecta	Lepidoptera	Noctuidae	Euxoa	Euxoa auxiliaris		UNRANKED	BOLD:ABZ9343	BOLD:ABZ9343		US	Burns Pinon Ridge Reserve	California	PRESENT		b3bf3a83-1f68-4541-a03f-330d30d567f5	34.149	-116.456			1251.0	0.0			2023-05-13	13	5	2023	10155302	4301148	MATERIAL_SAMPLE	Centre for Biodiversity Genomics		CBG-A17523-C08				CC_BY_4_0		Kung, Giar-Ann			2025-10-27T10:35:43.113Z		GEODETIC_DATUM_ASSUMED_WGS84;COUNTRY_DERIVED_FROM_COORDINATES;CONTINENT_DERIVED_FROM_COORDINATES;COLLECTION_MATCH_NONE;INSTITUTION_MATCH_FUZZY
5861129849	040c5662-da76-4782-a48e-cdea1892d14c	CIOSB48489-23	Animalia	Arthropoda	Insecta	Lepidoptera	Noctuidae	Euxoa	Euxoa auxiliaris		UNRANKED	BOLD:ABZ9343	BOLD:ABZ9343		US	Mojave National Preserve, Desert Studies Center	California	PRESENT		b3bf3a83-1f68-4541-a03f-330d30d567f5	35.14	-116.1049			313.0	0.0			2023-04-13	13	4	2023	10155302	4301148	MATERIAL_SAMPLE	Centre for Biodiversity Genomics		CBG-A18365-A03				CC_BY_4_0		LACM			2025-10-27T10:36:03.184Z		GEODETIC_DATUM_ASSUMED_WGS84;COUNTRY_DERIVED_FROM_COORDINATES;CONTINENT_DERIVED_FROM_COORDINATES;COLLECTION_MATCH_NONE;INSTITUTION_MATCH_FUZZY
5861068067	040c5662-da76-4782-a48e-cdea1892d14c	CIOSD8423-23	Animalia	Arthropoda	Insecta	Lepidoptera	Noctuidae	Euxoa	Euxoa auxiliaris		UNRANKED	BOLD:ABZ9343	BOLD:ABZ9343		US	Mojave National Preserve, Desert Studies Center	California	PRESENT		b3bf3a83-1f68-4541-a03f-330d30d567f5	35.14	-116.1049			313.0	0.0			2023-05-11	11	5	2023	10155302	4301148	MATERIAL_SAMPLE	Centre for Biodiversity Genomics		CBG-A17553-F03				CC_BY_4_0		LACM			2025-10-27T10:35:49.336Z		GEODETIC_DATUM_ASSUMED_WGS84;COUNTRY_DERIVED_FROM_COORDINATES;CONTINENT_DERIVED_FROM_COORDINATES;COLLECTION_MATCH_NONE;INSTITUTION_MATCH_FUZZY
5860556418	040c5662-da76-4782-a48e-cdea1892d14c	CISSB9171-23	Animalia	Arthropoda	Insecta	Lepidoptera	Noctuidae	Euxoa	Euxoa auxiliaris		UNRANKED	BOLD:ABZ9343	BOLD:ABZ9343		US	Mojave National Preserve, Desert Studies Center	California	PRESENT		b3bf3a83-1f68-4541-a03f-330d30d567f5	35.1398	-116.1049			286.0	0.0			2023-05-31	31	5	2023	10155302	4301148	MATERIAL_SAMPLE	Centre for Biodiversity Genomics		CBG-A13341-D10				CC_BY_4_0		Baker, Austin; Laine, Jesse; Tang, Nathan			2025-10-27T10:35:49.271Z		GEODETIC_DATUM_ASSUMED_WGS84;COUNTRY_DERIVED_FROM_COORDINATES;CONTINENT_DERIVED_FROM_COORDINATES;COLLECTION_MATCH_NONE;INSTITUTION_MATCH_FUZZY
5860514193	040c5662-da76-4782-a48e-cdea1892d14c	CIOSG11077-23	Animalia	Arthropoda	Insecta	Lepidoptera	Noctuidae	Euxoa	Euxoa auxiliaris		UNRANKED	BOLD:ABZ9343	BOLD:ABZ9343		US	Oasis de los Osos	California	PRESENT		b3bf3a83-1f68-4541-a03f-330d30d567f5	33.8894	-116.6864			404.0	0.0			2023-04-11	11	4	2023	10155302	4301148	MATERIAL_SAMPLE	Centre for Biodiversity Genomics		CBG-A21719-D11		Spencer K. Monckton		CC_BY_4_0		Perez, Julia; Jones, Jacob			2025-10-27T10:35:21.451Z		GEODETIC_DATUM_ASSUMED_WGS84;COUNTRY_DERIVED_FROM_COORDINATES;CONTINENT_DERIVED_FROM_COORDINATES;COLLECTION_MATCH_NONE;INSTITUTION_MATCH_FUZZY
5860514179	040c5662-da76-4782-a48e-cdea1892d14c	CIOSF48872-23	Animalia	Arthropoda	Insecta	Lepidoptera	Noctuidae	Euxoa	Euxoa auxiliaris		UNRANKED	BOLD:ABZ9343	BOLD:ABZ9343		US	Anza Borrego UC Reserve	California	PRESENT		b3bf3a83-1f68-4541-a03f-330d30d567f5	33.239216	-116.392624			216.0	0.0			2023-04-12	12	4	2023	10155302	4301148	MATERIAL_SAMPLE	Centre for Biodiversity Genomics		CBG-A23318-G06		Spencer K. Monckton		CC_BY_4_0		Horna Lowell, Eva; Deer, Ellie			2025-10-27T10:35:21.451Z		GEODETIC_DATUM_ASSUMED_WGS84;COUNTRY_DERIVED_FROM_COORDINATES;CONTINENT_DERIVED_FROM_COORDINATES;COLLECTION_MATCH_NONE;INSTITUTION_MATCH_FUZZY
5860252952	040c5662-da76-4782-a48e-cdea1892d14c	CIOSD8425-23	Animalia	Arthropoda	Insecta	Lepidoptera	Noctuidae	Euxoa	Euxoa auxiliaris		UNRANKED	BOLD:ABZ9343	BOLD:ABZ9343		US	Mojave National Preserve, Desert Studies Center	California	PRESENT		b3bf3a83-1f68-4541-a03f-330d30d567f5	35.14	-116.1049			313.0	0.0			2023-05-11	11	5	2023	10155302	4301148	MATERIAL_SAMPLE	Centre for Biodiversity Genomics		CBG-A17553-F05				CC_BY_4_0		LACM			2025-10-27T10:35:38.555Z		GEODETIC_DATUM_ASSUMED_WGS84;COUNTRY_DERIVED_FROM_COORDINATES;CONTINENT_DERIVED_FROM_COORDINATES;COLLECTION_MATCH_NONE;INSTITUTION_MATCH_FUZZY
5860185761	040c5662-da76-4782-a48e-cdea1892d14c	CIOSG11075-23	Animalia	Arthropoda	Insecta	Lepidoptera	Noctuidae	Euxoa	Euxoa auxiliaris		UNRANKED	BOLD:ABZ9343	BOLD:ABZ9343		US	Oasis de los Osos	California	PRESENT		b3bf3a83-1f68-4541-a03f-330d30d567f5	33.8894	-116.6864			404.0	0.0			2023-04-11	11	4	2023	10155302	4301148	MATERIAL_SAMPLE	Centre for Biodiversity Genomics		CBG-A21719-D09		Spencer K. Monckton		CC_BY_4_0		Perez, Julia; Jones, Jacob			2025-10-27T10:35:40.888Z		GEODETIC_DATUM_ASSUMED_WGS84;COUNTRY_DERIVED_FROM_COORDINATES;CONTINENT_DERIVED_FROM_COORDINATES;COLLECTION_MATCH_NONE;INSTITUTION_MATCH_FUZZY
5827425991	50c9509d-22c7-4a22-a47d-8c48425ef4a7	https://www.inaturalist.org/observations/167965751	Animalia	Arthropoda	Insecta	Lepidoptera	Noctuidae	Euxoa	Euxoa auxiliaris		SPECIES	Euxoa auxiliaris Grote, 1873	Euxoa auxiliaris		US		South Dakota	PRESENT		28eb1a3f-1c15-4a95-931a-4af90ecb574d	42.851769	-97.55659	9440.0						2023-05-01T14:14	1	5	2023	4301148	4301148	HUMAN_OBSERVATION	iNaturalist	Observations	167965751		Peter Jessen	2023-06-17T21:32:01	CC_BY_NC_4_0	Peter Jessen	Peter Jessen			2025-10-27T23:31:32.096Z	StillImage	COORDINATE_ROUNDED;CONTINENT_DERIVED_FROM_COORDINATES
5292971598	50c9509d-22c7-4a22-a47d-8c48425ef4a7	https://www.inaturalist.org/observations/155835835	Animalia	Arthropoda	Insecta	Lepidoptera	Noctuidae	Euxoa	Euxoa auxiliaris		SPECIES	Euxoa auxiliaris Grote, 1873	Euxoa auxiliaris		US		Arizona	PRESENT		28eb1a3f-1c15-4a95-931a-4af90ecb574d	33.402019	-112.002109	26.0						2023-04-16T05:43:49	16	4	2023	4301148	4301148	HUMAN_OBSERVATION	iNaturalist	Observations	155835835		plawrynpx	2023-04-21T01:54:26	CC_BY_NC_4_0	plawrynpx	plawrynpx			2025-10-27T23:29:05.449Z	StillImage	COORDINATE_ROUNDED;CONTINENT_DERIVED_FROM_COORDINATES
5292726565	50c9509d-22c7-4a22-a47d-8c48425ef4a7	https://www.inaturalist.org/observations/158367029	Animalia	Arthropoda	Insecta	Lepidoptera	Noctuidae	Euxoa	Euxoa auxiliaris		SPECIES	Euxoa auxiliaris Grote, 1873	Euxoa auxiliaris		US		Arizona	PRESENT		28eb1a3f-1c15-4a95-931a-4af90ecb574d	33.401555	-112.002079	49.0						2023-04-27T09:57:48	27	4	2023	4301148	4301148	HUMAN_OBSERVATION	iNaturalist	Observations	158367029		plawrynpx	2023-04-30T23:25:22	CC_BY_NC_4_0	plawrynpx	plawrynpx			2025-10-27T22:08:13.284Z	StillImage	COORDINATE_ROUNDED;CONTINENT_DERIVED_FROM_COORDINATES
5292181694	50c9509d-22c7-4a22-a47d-8c48425ef4a7	https://www.inaturalist.org/observations/162404979	Animalia	Arthropoda	Insecta	Lepidoptera	Noctuidae	Euxoa	Euxoa auxiliaris		SPECIES	Euxoa auxiliaris Grote, 1873	Euxoa auxiliaris		US		Kansas	PRESENT		28eb1a3f-1c15-4a95-931a-4af90ecb574d	38.955804	-95.233414	13.0						2023-05-18T20:17:59	18	5	2023	4301148	4301148	HUMAN_OBSERVATION	iNaturalist	Observations	162404979		thewxmoth	2025-08-06T17:13:16	CC_BY_NC_4_0	Ben Sikes	Ben Sikes			2025-10-28T00:22:11.134Z	StillImage	COORDINATE_ROUNDED;CONTINENT_DERIVED_FROM_COORDINATES
5230259439	50c9509d-22c7-4a22-a47d-8c48425ef4a7	https://www.inaturalist.org/observations/188366860	Animalia	Arthropoda	Insecta	Lepidoptera	Noctuidae	Euxoa	Euxoa auxiliaris		SPECIES	Euxoa auxiliaris Grote, 1873	Euxoa auxiliaris		US		Texas	PRESENT		28eb1a3f-1c15-4a95-931a-4af90ecb574d	30.826866	-97.739428	29304.0						2023-10-18T20:40:41	18	10	2023	4301148	4301148	HUMAN_OBSERVATION	iNaturalist	Observations	188366860		Jack Cochran	2025-07-15T15:22:33	CC_BY_NC_4_0	Kristie Thompson	Kristie Thompson			2025-10-27T22:16:58.193Z	StillImage	COORDINATE_ROUNDED;CONTINENT_DERIVED_FROM_COORDINATES
5222580250	ba9984d8-d982-4fe6-b81c-a7585790034a	edf74ad1-6527-47db-961b-a403e586f8c3	Animalia	Arthropoda	Insecta	Lepidoptera	Noctuidae	Euxoa	Euxoa auxiliaris		SPECIES	Euxoa auxiliaris Grote, 1873	Euxoa auxiliaris		US	Stengl Biol. Res. Station - Sampling Point 167	Texas	PRESENT		3c6ad080-bdbe-11da-ac59-b8a03c50a862	30.090249	-97.169795							2023-10-19	19	10	2023	4301148	4301148	PRESERVED_SPECIMEN	UTIC	Entomology Collection	358754		Gabbard, Valarie	2025-01-01T00:00:00	CC0_1_0		Valarie Gabbard;Jane Strobel;Briseida Yañez			2025-10-27T17:09:04.621Z		GEODETIC_DATUM_ASSUMED_WGS84;INSTITUTION_MATCH_FUZZY;INSTITUTION_COLLECTION_MISMATCH
5206669353	50c9509d-22c7-4a22-a47d-8c48425ef4a7	https://www.inaturalist.org/observations/159248545	Animalia	Arthropoda	Insecta	Lepidoptera	Noctuidae	Euxoa	Euxoa auxiliaris		SPECIES	Euxoa auxiliaris Grote, 1873	Euxoa auxiliaris		US		Texas	PRESENT		28eb1a3f-1c15-4a95-931a-4af90ecb574d	33.559345	-101.846297	4.0						2023-05-02T13:13:10	2	5	2023	4301148	4301148	HUMAN_OBSERVATION	iNaturalist	Observations	159248545		ashlinnpeters	2023-05-02T19:41:07	CC_BY_NC_4_0	ashlinnpeters	ashlinnpeters			2025-10-27T23:29:43.275Z	StillImage	COORDINATE_ROUNDED;CONTINENT_DERIVED_FROM_COORDINATES
5206631363	50c9509d-22c7-4a22-a47d-8c48425ef4a7	https://www.inaturalist.org/observations/188852315	Animalia	Arthropoda	Insecta	Lepidoptera	Noctuidae	Euxoa	Euxoa auxiliaris		SPECIES	Euxoa auxiliaris Grote, 1873	Euxoa auxiliaris		US		Texas	PRESENT		28eb1a3f-1c15-4a95-931a-4af90ecb574d	33.051375	-100.516225							2023-10-18T21:11	18	10	2023	4301148	4301148	HUMAN_OBSERVATION	iNaturalist	Observations	188852315		Todd Fitzgerald	2023-10-25T01:49:58	CC_BY_NC_4_0	Todd Fitzgerald	Todd Fitzgerald			2025-10-27T22:17:37.712Z	StillImage	COORDINATE_ROUNDED;CONTINENT_DERIVED_FROM_COORDINATES
5206494352	50c9509d-22c7-4a22-a47d-8c48425ef4a7	https://www.inaturalist.org/observations/157438356	Animalia	Arthropoda	Insecta	Lepidoptera	Noctuidae	Euxoa	Euxoa auxiliaris		SPECIES	Euxoa auxiliaris Grote, 1873	Euxoa auxiliaris		US		Texas	PRESENT		28eb1a3f-1c15-4a95-931a-4af90ecb574d	33.598413	-101.92867	88.0						2023-04-28T23:12:07	28	4	2023	4301148	4301148	HUMAN_OBSERVATION	iNaturalist	Observations	157438356		George Williamson	2023-12-29T20:22:33	CC_BY_NC_4_0	smithmelanieellen	smithmelanieellen			2025-10-27T22:08:03.866Z	StillImage	COORDINATE_ROUNDED;CONTINENT_DERIVED_FROM_COORDINATES
5206480350	50c9509d-22c7-4a22-a47d-8c48425ef4a7	https://www.inaturalist.org/observations/159231240	Animalia	Arthropoda	Insecta	Lepidoptera	Noctuidae	Euxoa	Euxoa auxiliaris		SPECIES	Euxoa auxiliaris Grote, 1873	Euxoa auxiliaris		US		Texas	PRESENT		28eb1a3f-1c15-4a95-931a-4af90ecb574d	33.585156	-101.877987	54.0						2023-05-02T13:33:40	2	5	2023	4301148	4301148	HUMAN_OBSERVATION	iNaturalist	Observations	159231240		Brenden Sisco	2023-05-02T18:33:57	CC_BY_NC_4_0	Brenden Sisco	Brenden Sisco			2025-10-27T22:08:37.322Z	StillImage	COORDINATE_ROUNDED;CONTINENT_DERIVED_FROM_COORDINATES
5206457369	50c9509d-22c7-4a22-a47d-8c48425ef4a7	https://www.inaturalist.org/observations/160789616	Animalia	Arthropoda	Insecta	Lepidoptera	Noctuidae	Euxoa	Euxoa auxiliaris		SPECIES	Euxoa auxiliaris Grote, 1873	Euxoa auxiliaris		US		Texas	PRESENT		28eb1a3f-1c15-4a95-931a-4af90ecb574d	33.579742	-101.882639	24.0						2023-05-09T14:11:59	9	5	2023	4301148	4301148	HUMAN_OBSERVATION	iNaturalist	Observations	160789616		George Williamson	2023-12-29T20:00:56	CC_BY_NC_4_0	darianfinch	darianfinch			2025-10-28T00:21:49.548Z	StillImage	COORDINATE_ROUNDED;CONTINENT_DERIVED_FROM_COORDINATES
5206452359	50c9509d-22c7-4a22-a47d-8c48425ef4a7	https://www.inaturalist.org/observations/162076812	Animalia	Arthropoda	Insecta	Lepidoptera	Noctuidae	Euxoa	Euxoa auxiliaris		SPECIES	Euxoa auxiliaris Grote, 1873	Euxoa auxiliaris		US		Texas	PRESENT		28eb1a3f-1c15-4a95-931a-4af90ecb574d	33.206173	-97.149665	4.0						2023-05-16T21:29:35	16	5	2023	4301148	4301148	HUMAN_OBSERVATION	iNaturalist	Observations	162076812		Ecologist Steve	2023-05-17T02:30:03	CC_BY_NC_4_0	Ecologist Steve	Ecologist Steve			2025-10-28T00:22:06.436Z	StillImage	COORDINATE_ROUNDED;CONTINENT_DERIVED_FROM_COORDINATES
5206440379	50c9509d-22c7-4a22-a47d-8c48425ef4a7	https://www.inaturalist.org/observations/156811867	Animalia	Arthropoda	Insecta	Lepidoptera	Noctuidae	Euxoa	Euxoa auxiliaris		SPECIES	Euxoa auxiliaris Grote, 1873	Euxoa auxiliaris		US		Texas	PRESENT		28eb1a3f-1c15-4a95-931a-4af90ecb574d	31.635362	-102.815947	29.0						2023-04-26T16:31:33	26	4	2023	4301148	4301148	HUMAN_OBSERVATION	iNaturalist	Observations	156811867		sheamullican	2023-04-26T23:28:27	CC_BY_NC_4_0	sheamullican	sheamullican			2025-10-27T22:08:14.138Z	StillImage	COORDINATE_ROUNDED;CONTINENT_DERIVED_FROM_COORDINATES
5206175361	50c9509d-22c7-4a22-a47d-8c48425ef4a7	https://www.inaturalist.org/observations/159448108	Animalia	Arthropoda	Insecta	Lepidoptera	Noctuidae	Euxoa	Euxoa auxiliaris		SPECIES	Euxoa auxiliaris Grote, 1873	Euxoa auxiliaris		US		Texas	PRESENT		28eb1a3f-1c15-4a95-931a-4af90ecb574d	33.593394	-101.873031	35.0						2023-05-03T10:43:41	3	5	2023	4301148	4301148	HUMAN_OBSERVATION	iNaturalist	Observations	159448108		Brenden Sisco	2023-05-03T15:44:30	CC_BY_NC_4_0	Brenden Sisco	Brenden Sisco			2025-10-28T00:21:32.620Z	StillImage	COORDINATE_ROUNDED;CONTINENT_DERIVED_FROM_COORDINATES
5205952350	50c9509d-22c7-4a22-a47d-8c48425ef4a7	https://www.inaturalist.org/observations/158310785	Animalia	Arthropoda	Insecta	Lepidoptera	Noctuidae	Euxoa	Euxoa auxiliaris		SPECIES	Euxoa auxiliaris Grote, 1873	Euxoa auxiliaris		US		Texas	PRESENT		28eb1a3f-1c15-4a95-931a-4af90ecb574d	33.568103	-101.891625	4.0						2023-04-30T16:21:07	30	4	2023	4301148	4301148	HUMAN_OBSERVATION	iNaturalist	Observations	158310785		markmikhael1	2023-04-30T21:21:45	CC_BY_NC_4_0	markmikhael1	markmikhael1			2025-10-27T22:08:29.271Z	StillImage	COORDINATE_ROUNDED;CONTINENT_DERIVED_FROM_COORDINATES
5205824356	50c9509d-22c7-4a22-a47d-8c48425ef4a7	https://www.inaturalist.org/observations/155989948	Animalia	Arthropoda	Insecta	Lepidoptera	Noctuidae	Euxoa	Euxoa auxiliaris		SPECIES	Euxoa auxiliaris Grote, 1873	Euxoa auxiliaris		US		Texas	PRESENT		28eb1a3f-1c15-4a95-931a-4af90ecb574d	32.75249	-97.192516	2.0						2023-04-21T21:30	21	4	2023	4301148	4301148	HUMAN_OBSERVATION	iNaturalist	Observations	155989948		Sam Kieschnick	2023-04-22T02:48:29	CC_BY_4_0	Sam Kieschnick	Sam Kieschnick			2025-10-27T23:29:13.154Z	StillImage	COORDINATE_ROUNDED;CONTINENT_DERIVED_FROM_COORDINATES
5199186376	50c9509d-22c7-4a22-a47d-8c48425ef4a7	https://www.inaturalist.org/observations/162083702	Animalia	Arthropoda	Insecta	Lepidoptera	Noctuidae	Euxoa	Euxoa auxiliaris		SPECIES	Euxoa auxiliaris Grote, 1873	Euxoa auxiliaris		US		Kansas	PRESENT		28eb1a3f-1c15-4a95-931a-4af90ecb574d	38.077503	-97.350272	5.0						2023-05-16T22:22:49	16	5	2023	4301148	4301148	HUMAN_OBSERVATION	iNaturalist	Observations	162083702		Scott Jost	2023-05-17T03:32:03	CC_BY_NC_4_0	Scott Jost	Scott Jost			2025-10-27T22:09:03.690Z	StillImage	COORDINATE_ROUNDED;CONTINENT_DERIVED_FROM_COORDINATES
5172035339	323b0e80-5e4b-4cc4-936a-d93fc8cae9bc	7b724196-6b70-4707-9062-cdb2322f9028	Animalia	Arthropoda	Insecta	Lepidoptera	Noctuidae	Euxoa	Euxoa auxiliaris		SPECIES	Euxoa auxiliaris Grote, 1873	Euxoa auxiliaris	(Grote, 1873)	US	6.4 mi. NE of Big Timber, Blake's Nursery	Montana	PRESENT	1	0d923068-1cec-44de-8b78-33a51fb0cacd	45.909244	-109.914017	10.0		1280.0				2023-08-08	8	8	2023	4301148	4301148	PRESERVED_SPECIMEN	CSU	CSUC	CSU_ENT1270488				CC0_1_0	Department of Bioagricultural Sciences	Marian L. Kirst			2025-11-01T18:21:35.467Z		OCCURRENCE_STATUS_INFERRED_FROM_INDIVIDUAL_COUNT
5172028341	323b0e80-5e4b-4cc4-936a-d93fc8cae9bc	41d0e83d-df2a-4560-919c-468f62352964	Animalia	Arthropoda	Insecta	Lepidoptera	Noctuidae	Euxoa	Euxoa auxiliaris		SPECIES	Euxoa auxiliaris Grote, 1873	Euxoa auxiliaris	(Grote, 1873)	US	Blake's nursery, 6.4mi NE Big Timber Agricultural Riparian: native plant nursery & orchard near creek	Montana	PRESENT	1	0d923068-1cec-44de-8b78-33a51fb0cacd	45.909244	-109.914017	10.0		1280.0				2023-08-08	8	8	2023	4301148	4301148	PRESERVED_SPECIMEN	CSU	CSUC	CSU_ENT1270489				CC0_1_0	Department of Bioagricultural Sciences	M.L. Kirst			2025-11-01T18:21:44.787Z		GEODETIC_DATUM_ASSUMED_WGS84;OCCURRENCE_STATUS_INFERRED_FROM_INDIVIDUAL_COUNT
5168307441	50c9509d-22c7-4a22-a47d-8c48425ef4a7	https://www.inaturalist.org/observations/200849033	Animalia	Arthropoda	Insecta	Lepidoptera	Noctuidae	Euxoa	Euxoa auxiliaris		SPECIES	Euxoa auxiliaris Grote, 1873	Euxoa auxiliaris		US		Nevada	PRESENT		28eb1a3f-1c15-4a95-931a-4af90ecb574d	36.142466	-115.182212							2023-06-03T20:30:21	3	6	2023	4301148	4301148	HUMAN_OBSERVATION	iNaturalist	Observations	200849033		Kieran S	2024-02-29T21:09:15	CC_BY_NC_4_0	Kieran S	Kieran S			2025-10-27T23:37:32.548Z	StillImage	COORDINATE_ROUNDED;CONTINENT_DERIVED_FROM_COORDINATES
5168105617	50c9509d-22c7-4a22-a47d-8c48425ef4a7	https://www.inaturalist.org/observations/188215884	Animalia	Arthropoda	Insecta	Lepidoptera	Noctuidae	Euxoa	Euxoa auxiliaris		SPECIES	Euxoa auxiliaris Grote, 1873	Euxoa auxiliaris		US		Utah	PRESENT		28eb1a3f-1c15-4a95-931a-4af90ecb574d	37.155411	-113.513864	28447.0						2023-10-18T19:56:22	18	10	2023	4301148	4301148	HUMAN_OBSERVATION	iNaturalist	Observations	188215884		mrwalkway	2023-10-20T02:12:15	CC_BY_NC_4_0	mrwalkway	mrwalkway			2025-10-27T22:16:54.235Z	StillImage	COORDINATE_ROUNDED;CONTINENT_DERIVED_FROM_COORDINATES
5166820569	50c9509d-22c7-4a22-a47d-8c48425ef4a7	https://www.inaturalist.org/observations/201767604	Animalia	Arthropoda	Insecta	Lepidoptera	Noctuidae	Euxoa	Euxoa auxiliaris		SPECIES	Euxoa auxiliaris Grote, 1873	Euxoa auxiliaris		US		California	PRESENT		28eb1a3f-1c15-4a95-931a-4af90ecb574d	34.884148	-118.322817	24981.0						2023-10-18T22:34:40	18	10	2023	4301148	4301148	HUMAN_OBSERVATION	iNaturalist	Observations	201767604		theshadow	2024-03-09T09:28:42	CC_BY_NC_4_0	theshadow	theshadow			2025-10-27T23:37:42.812Z	StillImage	COORDINATE_ROUNDED;CONTINENT_DERIVED_FROM_COORDINATES
5166769689	50c9509d-22c7-4a22-a47d-8c48425ef4a7	https://www.inaturalist.org/observations/237798557	Animalia	Arthropoda	Insecta	Lepidoptera	Noctuidae	Euxoa	Euxoa auxiliaris		SPECIES	Euxoa auxiliaris Grote, 1873	Euxoa auxiliaris		US		Nevada	PRESENT		28eb1a3f-1c15-4a95-931a-4af90ecb574d	36.341518	-115.413275	28563.0						2023-07-14T22:09	14	7	2023	4301148	4301148	HUMAN_OBSERVATION	iNaturalist	Observations	237798557		mikeburchett	2024-08-25T05:46:32	CC_BY_NC_4_0	mikeburchett	mikeburchett			2025-10-28T00:38:34.898Z	StillImage	COORDINATE_ROUNDED;CONTINENT_DERIVED_FROM_COORDINATES
5139965728	50c9509d-22c7-4a22-a47d-8c48425ef4a7	https://www.inaturalist.org/observations/164409595	Animalia	Arthropoda	Insecta	Lepidoptera	Noctuidae	Euxoa	Euxoa auxiliaris		SPECIES	Euxoa auxiliaris Grote, 1873	Euxoa auxiliaris		US		Colorado	PRESENT		28eb1a3f-1c15-4a95-931a-4af90ecb574d	39.9755	-105.266572							2023-05-29T06:48:05	29	5	2023	4301148	4301148	HUMAN_OBSERVATION	iNaturalist	Observations	164409595		Cody Limber	2023-05-29T12:50:31	CC_BY_NC_4_0	Cody Limber	Cody Limber			2025-10-27T22:09:41.895Z	StillImage	COORDINATE_ROUNDED;CONTINENT_DERIVED_FROM_COORDINATES
5139948817	50c9509d-22c7-4a22-a47d-8c48425ef4a7	https://www.inaturalist.org/observations/165023221	Animalia	Arthropoda	Insecta	Lepidoptera	Noctuidae	Euxoa	Euxoa auxiliaris		SPECIES	Euxoa auxiliaris Grote, 1873	Euxoa auxiliaris		US		Colorado	PRESENT		28eb1a3f-1c15-4a95-931a-4af90ecb574d	39.925903	-105.293033							2023-06-01T08:57	1	6	2023	4301148	4301148	HUMAN_OBSERVATION	iNaturalist	Observations	165023221		Cody Limber	2023-06-01T19:23:40	CC_BY_NC_4_0	Cody Limber	Cody Limber			2025-10-27T22:09:54.754Z	StillImage	COORDINATE_ROUNDED;CONTINENT_DERIVED_FROM_COORDINATES
5138329093	323b0e80-5e4b-4cc4-936a-d93fc8cae9bc	a100f51d-e2eb-47b4-9fa4-241e9499ac09	Animalia	Arthropoda	Insecta	Lepidoptera	Noctuidae	Euxoa	Euxoa auxiliaris		SPECIES	Euxoa auxiliaris Grote, 1873	Euxoa auxiliaris	(Grote, 1873)	US	MPG Ranch, Little Baldy Gate	Montana	PRESENT	1	0d923068-1cec-44de-8b78-33a51fb0cacd	46.70926	-114.00488	10.0		1351.0				2023-07-17	17	7	2023	4301148	4301148	PRESERVED_SPECIMEN	CSU	CSUC	CSU_ENT1272714				CC0_1_0	Department of Bioagricultural Sciences	Mat Seidensticker			2025-11-01T18:21:53.001Z		GEODETIC_DATUM_ASSUMED_WGS84;OCCURRENCE_STATUS_INFERRED_FROM_INDIVIDUAL_COUNT
5133364383	50c9509d-22c7-4a22-a47d-8c48425ef4a7	https://www.inaturalist.org/observations/159550041	Animalia	Arthropoda	Insecta	Lepidoptera	Noctuidae	Euxoa	Euxoa auxiliaris		SPECIES	Euxoa auxiliaris Grote, 1873	Euxoa auxiliaris		US		Washington	PRESENT		28eb1a3f-1c15-4a95-931a-4af90ecb574d	46.727195	-117.161439	9.0						2023-05-03T10:28:21	3	5	2023	4301148	4301148	HUMAN_OBSERVATION	iNaturalist	Observations	159550041		sunsethighway67	2023-05-04T00:24:03	CC_BY_NC_4_0	sunsethighway67	sunsethighway67			2025-10-27T22:08:25.017Z	StillImage	COORDINATE_ROUNDED;CONTINENT_DERIVED_FROM_COORDINATES
5063130442	50c9509d-22c7-4a22-a47d-8c48425ef4a7	https://www.inaturalist.org/observations/258752942	Animalia	Arthropoda	Insecta	Lepidoptera	Noctuidae	Euxoa	Euxoa auxiliaris		SPECIES	Euxoa auxiliaris Grote, 1873	Euxoa auxiliaris		US		California	PRESENT		28eb1a3f-1c15-4a95-931a-4af90ecb574d	37.371891	-118.36053	28417.0						2023-10-06T07:17	6	10	2023	4301148	4301148	HUMAN_OBSERVATION	iNaturalist	Observations	258752942		Leslie Goethals	2025-01-17T16:59:31	CC_BY_NC_4_0	Leslie Goethals	Leslie Goethals			2025-10-27T23:46:47.656Z	StillImage	COORDINATE_ROUNDED;CONTINENT_DERIVED_FROM_COORDINATES
5063124445	50c9509d-22c7-4a22-a47d-8c48425ef4a7	https://www.inaturalist.org/observations/258752940	Animalia	Arthropoda	Insecta	Lepidoptera	Noctuidae	Euxoa	Euxoa auxiliaris		SPECIES	Euxoa auxiliaris Grote, 1873	Euxoa auxiliaris		US		California	PRESENT		28eb1a3f-1c15-4a95-931a-4af90ecb574d	37.398373	-118.207131	28417.0						2023-10-06T07:09	6	10	2023	4301148	4301148	HUMAN_OBSERVATION	iNaturalist	Observations	258752940		Leslie Goethals	2025-01-17T16:59:31	CC_BY_NC_4_0	Leslie Goethals	Leslie Goethals			2025-10-27T23:46:49.720Z	StillImage	COORDINATE_ROUNDED;CONTINENT_DERIVED_FROM_COORDINATES
5063027248	50c9509d-22c7-4a22-a47d-8c48425ef4a7	https://www.inaturalist.org/observations/258752943	Animalia	Arthropoda	Insecta	Lepidoptera	Noctuidae	Euxoa	Euxoa auxiliaris		SPECIES	Euxoa auxiliaris Grote, 1873	Euxoa auxiliaris		US		California	PRESENT		28eb1a3f-1c15-4a95-931a-4af90ecb574d	37.321655	-118.281553	28417.0						2023-10-06T14:53	6	10	2023	4301148	4301148	HUMAN_OBSERVATION	iNaturalist	Observations	258752943		Leslie Goethals	2025-01-17T16:59:31	CC_BY_NC_4_0	Leslie Goethals	Leslie Goethals			2025-10-27T23:46:53.835Z	StillImage	COORDINATE_ROUNDED;CONTINENT_DERIVED_FROM_COORDINATES
5008307017	50c9509d-22c7-4a22-a47d-8c48425ef4a7	https://www.inaturalist.org/observations/255477994	Animalia	Arthropoda	Insecta	Lepidoptera	Noctuidae	Euxoa	Euxoa auxiliaris		SPECIES	Euxoa auxiliaris Grote, 1873	Euxoa auxiliaris		US		California	PRESENT		28eb1a3f-1c15-4a95-931a-4af90ecb574d	37.36053	-118.331213	28417.0						2023-10-19T12:34	19	10	2023	4301148	4301148	HUMAN_OBSERVATION	iNaturalist	Observations	255477994		Chris Otahal	2024-12-18T16:00:18	CC_BY_NC_4_0	Leslie Goethals	Leslie Goethals			2025-10-27T22:33:01.546Z	StillImage	COORDINATE_ROUNDED;CONTINENT_DERIVED_FROM_COORDINATES
5008221364	50c9509d-22c7-4a22-a47d-8c48425ef4a7	https://www.inaturalist.org/observations/185230257	Animalia	Arthropoda	Insecta	Lepidoptera	Noctuidae	Euxoa	Euxoa auxiliaris		SPECIES	Euxoa auxiliaris Grote, 1873	Euxoa auxiliaris		US		California	PRESENT		28eb1a3f-1c15-4a95-931a-4af90ecb574d	38.636789	-121.268328	1.0						2023-09-23	23	9	2023	4301148	4301148	HUMAN_OBSERVATION	iNaturalist	Observations	185230257		abcdefgewing	2023-09-28T02:38:50	CC_BY_NC_4_0	abcdefgewing	abcdefgewing			2025-10-27T23:42:46.408Z	StillImage	COORDINATE_ROUNDED;CONTINENT_DERIVED_FROM_COORDINATES
5008220696	50c9509d-22c7-4a22-a47d-8c48425ef4a7	https://www.inaturalist.org/observations/189910588	Animalia	Arthropoda	Insecta	Lepidoptera	Noctuidae	Euxoa	Euxoa auxiliaris		SPECIES	Euxoa auxiliaris Grote, 1873	Euxoa auxiliaris		US		California	PRESENT		28eb1a3f-1c15-4a95-931a-4af90ecb574d	34.468691	-118.192602	2.0						2023-11-03T10:07	3	11	2023	4301148	4301148	HUMAN_OBSERVATION	iNaturalist	Observations	189910588		naturephotosuze	2023-11-04T01:26:07	CC_BY_NC_4_0	naturephotosuze	naturephotosuze			2025-10-27T22:24:20.218Z		COORDINATE_ROUNDED;CONTINENT_DERIVED_FROM_COORDINATES
5008218182	50c9509d-22c7-4a22-a47d-8c48425ef4a7	https://www.inaturalist.org/observations/188691495	Animalia	Arthropoda	Insecta	Lepidoptera	Noctuidae	Euxoa	Euxoa auxiliaris		SPECIES	Euxoa auxiliaris Grote, 1873	Euxoa auxiliaris		US		California	PRESENT		28eb1a3f-1c15-4a95-931a-4af90ecb574d	40.097916	-120.911829	116.0						2023-10-23T08:29:48	23	10	2023	4301148	4301148	HUMAN_OBSERVATION	iNaturalist	Observations	188691495		Ann Donohue	2023-10-23T18:41:47	CC_BY_NC_4_0	Ann Donohue	Ann Donohue			2025-10-27T23:43:16.212Z	StillImage	COORDINATE_ROUNDED;CONTINENT_DERIVED_FROM_COORDINATES
5008216361	50c9509d-22c7-4a22-a47d-8c48425ef4a7	https://www.inaturalist.org/observations/156533439	Animalia	Arthropoda	Insecta	Lepidoptera	Noctuidae	Euxoa	Euxoa auxiliaris		SPECIES	Euxoa auxiliaris Grote, 1873	Euxoa auxiliaris		US		California	PRESENT		28eb1a3f-1c15-4a95-931a-4af90ecb574d	33.95207	-117.264083	11.0						2023-04-23T20:17:51	23	4	2023	4301148	4301148	HUMAN_OBSERVATION	iNaturalist	Observations	156533439		David Rankin	2023-04-25T04:51:59	CC_BY_NC_4_0	David Rankin	David Rankin			2025-10-27T23:37:09.821Z	StillImage	COORDINATE_ROUNDED;CONTINENT_DERIVED_FROM_COORDINATES
5008196823	50c9509d-22c7-4a22-a47d-8c48425ef4a7	https://www.inaturalist.org/observations/164552138	Animalia	Arthropoda	Insecta	Lepidoptera	Noctuidae	Euxoa	Euxoa auxiliaris		SPECIES	Euxoa auxiliaris Grote, 1873	Euxoa auxiliaris		US		California	PRESENT		28eb1a3f-1c15-4a95-931a-4af90ecb574d	35.223209	-115.454037	28706.0						2023-05-17T21:17	17	5	2023	4301148	4301148	HUMAN_OBSERVATION	iNaturalist	Observations	164552138		bangert301	2023-05-30T01:22:33	CC_BY_NC_4_0	bangert301	bangert301			2025-10-27T23:30:49.041Z	StillImage	COORDINATE_ROUNDED;CONTINENT_DERIVED_FROM_COORDINATES
5008191775	50c9509d-22c7-4a22-a47d-8c48425ef4a7	https://www.inaturalist.org/observations/188601467	Animalia	Arthropoda	Insecta	Lepidoptera	Noctuidae	Euxoa	Euxoa auxiliaris		SPECIES	Euxoa auxiliaris Grote, 1873	Euxoa auxiliaris		US		California	PRESENT		28eb1a3f-1c15-4a95-931a-4af90ecb574d	39.739552	-120.37426							2023-10-15T11:01:12	15	10	2023	4301148	4301148	HUMAN_OBSERVATION	iNaturalist	Observations	188601467		Angie	2023-10-23T00:28:52	CC_BY_NC_4_0	Angie	Angie			2025-10-27T23:35:40.343Z	StillImage	COORDINATE_ROUNDED;CONTINENT_DERIVED_FROM_COORDINATES
5008185829	50c9509d-22c7-4a22-a47d-8c48425ef4a7	https://www.inaturalist.org/observations/166119203	Animalia	Arthropoda	Insecta	Lepidoptera	Noctuidae	Euxoa	Euxoa auxiliaris		SPECIES	Euxoa auxiliaris Grote, 1873	Euxoa auxiliaris		US		California	PRESENT		28eb1a3f-1c15-4a95-931a-4af90ecb574d	34.083645	-116.522794							2023-05-13T22:04	13	5	2023	4301148	4301148	HUMAN_OBSERVATION	iNaturalist	Observations	166119203		James Bailey	2023-06-07T19:18:10	CC_BY_NC_4_0	James Bailey	James Bailey			2025-10-28T00:23:05.094Z	StillImage	COORDINATE_ROUNDED;CONTINENT_DERIVED_FROM_COORDINATES
5008164765	50c9509d-22c7-4a22-a47d-8c48425ef4a7	https://www.inaturalist.org/observations/161162656	Animalia	Arthropoda	Insecta	Lepidoptera	Noctuidae	Euxoa	Euxoa auxiliaris		SPECIES	Euxoa auxiliaris Grote, 1873	Euxoa auxiliaris		US		California	PRESENT		28eb1a3f-1c15-4a95-931a-4af90ecb574d	34.241133	-116.2361	3.0						2023-05-11T17:43:20	11	5	2023	4301148	4301148	HUMAN_OBSERVATION	iNaturalist	Observations	161162656		greenjamest	2023-05-12T00:44:44	CC_BY_NC_4_0	greenjamest	greenjamest			2025-10-28T00:22:00.004Z	StillImage	COORDINATE_ROUNDED;CONTINENT_DERIVED_FROM_COORDINATES
5008036379	50c9509d-22c7-4a22-a47d-8c48425ef4a7	https://www.inaturalist.org/observations/171119269	Animalia	Arthropoda	Insecta	Lepidoptera	Noctuidae	Euxoa	Euxoa auxiliaris		SPECIES	Euxoa auxiliaris Grote, 1873	Euxoa auxiliaris		US		California	PRESENT		28eb1a3f-1c15-4a95-931a-4af90ecb574d	36.5979	-118.1673	1.0						2023-06-22T15:43	22	6	2023	4301148	4301148	HUMAN_OBSERVATION	iNaturalist	Observations	171119269		Laura Gaudette	2023-07-04T23:39:02	CC_BY_4_0	Laura Gaudette	Laura Gaudette			2025-10-27T23:32:15.612Z	StillImage	CONTINENT_DERIVED_FROM_COORDINATES
5008030369	50c9509d-22c7-4a22-a47d-8c48425ef4a7	https://www.inaturalist.org/observations/184488534	Animalia	Arthropoda	Insecta	Lepidoptera	Noctuidae	Euxoa	Euxoa auxiliaris		SPECIES	Euxoa auxiliaris Grote, 1873	Euxoa auxiliaris		US		California	PRESENT		28eb1a3f-1c15-4a95-931a-4af90ecb574d	37.881438	-122.25737	21.0						2023-09-22T22:20:29	22	9	2023	4301148	4301148	HUMAN_OBSERVATION	iNaturalist	Observations	184488534		Allen Fish	2023-09-23T05:48:35	CC_BY_4_0	Allen Fish	Allen Fish			2025-10-27T22:19:26.910Z		COORDINATE_ROUNDED;CONTINENT_DERIVED_FROM_COORDINATES
5007999409	50c9509d-22c7-4a22-a47d-8c48425ef4a7	https://www.inaturalist.org/observations/187746086	Animalia	Arthropoda	Insecta	Lepidoptera	Noctuidae	Euxoa	Euxoa auxiliaris		SPECIES	Euxoa auxiliaris Grote, 1873	Euxoa auxiliaris		US		California	PRESENT		28eb1a3f-1c15-4a95-931a-4af90ecb574d	36.890527	-121.831202							2023-10-14T19:18	14	10	2023	4301148	4301148	HUMAN_OBSERVATION	iNaturalist	Observations	187746086		Cricket Raspet	2023-10-16T05:07:59	CC_BY_4_0	Cricket Raspet	Cricket Raspet			2025-10-28T00:28:25.823Z	StillImage	COORDINATE_ROUNDED;CONTINENT_DERIVED_FROM_COORDINATES
5007969102	50c9509d-22c7-4a22-a47d-8c48425ef4a7	https://www.inaturalist.org/observations/164107330	Animalia	Arthropoda	Insecta	Lepidoptera	Noctuidae	Euxoa	Euxoa auxiliaris		SPECIES	Euxoa auxiliaris Grote, 1873	Euxoa auxiliaris		US		California	PRESENT		28eb1a3f-1c15-4a95-931a-4af90ecb574d	35.362124	-115.834827	28706.0						2023-05-13T21:48:11	13	5	2023	4301148	4301148	HUMAN_OBSERVATION	iNaturalist	Observations	164107330		bangert301	2023-05-28T00:11:29	CC_BY_NC_4_0	bangert301	bangert301			2025-10-27T23:30:43.917Z	StillImage	COORDINATE_ROUNDED;CONTINENT_DERIVED_FROM_COORDINATES
5007962963	50c9509d-22c7-4a22-a47d-8c48425ef4a7	https://www.inaturalist.org/observations/182317229	Animalia	Arthropoda	Insecta	Lepidoptera	Noctuidae	Euxoa	Euxoa auxiliaris		SPECIES	Euxoa auxiliaris Grote, 1873	Euxoa auxiliaris		US		California	PRESENT		28eb1a3f-1c15-4a95-931a-4af90ecb574d	37.334562	-118.187797							2023-07-30T07:55	30	7	2023	4301148	4301148	HUMAN_OBSERVATION	iNaturalist	Observations	182317229		Paul G. Johnson	2023-09-08T13:43:58	CC_BY_NC_4_0	Paul G. Johnson	Paul G. Johnson			2025-10-28T00:27:20.484Z	StillImage	COORDINATE_ROUNDED;CONTINENT_DERIVED_FROM_COORDINATES
5007957699	50c9509d-22c7-4a22-a47d-8c48425ef4a7	https://www.inaturalist.org/observations/182317228	Animalia	Arthropoda	Insecta	Lepidoptera	Noctuidae	Euxoa	Euxoa auxiliaris		SPECIES	Euxoa auxiliaris Grote, 1873	Euxoa auxiliaris		US		California	PRESENT		28eb1a3f-1c15-4a95-931a-4af90ecb574d	37.334408	-118.187538							2023-07-30T04:12	30	7	2023	4301148	4301148	HUMAN_OBSERVATION	iNaturalist	Observations	182317228		Paul G. Johnson	2023-09-08T13:43:58	CC_BY_NC_4_0	Paul G. Johnson	Paul G. Johnson			2025-10-27T23:34:35.185Z	StillImage	COORDINATE_ROUNDED;CONTINENT_DERIVED_FROM_COORDINATES
5007957464	50c9509d-22c7-4a22-a47d-8c48425ef4a7	https://www.inaturalist.org/observations/162591428	Animalia	Arthropoda	Insecta	Lepidoptera	Noctuidae	Euxoa	Euxoa auxiliaris		SPECIES	Euxoa auxiliaris Grote, 1873	Euxoa auxiliaris		US		California	PRESENT		28eb1a3f-1c15-4a95-931a-4af90ecb574d	35.692339	-118.289206							2023-05-13T23:08:25	13	5	2023	4301148	4301148	HUMAN_OBSERVATION	iNaturalist	Observations	162591428		RJ Baltierra	2023-05-20T02:37:23	CC_BY_NC_4_0	RJ Baltierra	RJ Baltierra			2025-10-27T23:30:23.718Z	StillImage	COORDINATE_ROUNDED;CONTINENT_DERIVED_FROM_COORDINATES
5007916845	50c9509d-22c7-4a22-a47d-8c48425ef4a7	https://www.inaturalist.org/observations/163209997	Animalia	Arthropoda	Insecta	Lepidoptera	Noctuidae	Euxoa	Euxoa auxiliaris		SPECIES	Euxoa auxiliaris Grote, 1873	Euxoa auxiliaris		US		California	PRESENT		28eb1a3f-1c15-4a95-931a-4af90ecb574d	34.055236	-118.271538	22.0						2023-05-22T15:30:05	22	5	2023	4301148	4301148	HUMAN_OBSERVATION	iNaturalist	Observations	163209997		bradrumble	2023-05-22T22:35:55	CC_BY_NC_4_0	bradrumble	bradrumble			2025-10-27T22:09:22.118Z	StillImage	COORDINATE_ROUNDED;CONTINENT_DERIVED_FROM_COORDINATES
5007841528	50c9509d-22c7-4a22-a47d-8c48425ef4a7	https://www.inaturalist.org/observations/161542379	Animalia	Arthropoda	Insecta	Lepidoptera	Noctuidae	Euxoa	Euxoa auxiliaris		SPECIES	Euxoa auxiliaris Grote, 1873	Euxoa auxiliaris		US		California	PRESENT		28eb1a3f-1c15-4a95-931a-4af90ecb574d	35.652391	-117.543211	28649.0						2023-05-13T19:09	13	5	2023	4301148	4301148	HUMAN_OBSERVATION	iNaturalist	Observations	161542379		Kolin Campbell	2023-05-14T04:24:43	CC_BY_NC_4_0	Kolin Campbell	Kolin Campbell			2025-10-27T23:30:12.530Z	StillImage	COORDINATE_ROUNDED;CONTINENT_DERIVED_FROM_COORDINATES
5007807868	50c9509d-22c7-4a22-a47d-8c48425ef4a7	https://www.inaturalist.org/observations/164014637	Animalia	Arthropoda	Insecta	Lepidoptera	Noctuidae	Euxoa	Euxoa auxiliaris		SPECIES	Euxoa auxiliaris Grote, 1873	Euxoa auxiliaris		US		California	PRESENT		28eb1a3f-1c15-4a95-931a-4af90ecb574d	34.106951	-118.321337	35.0						2023-05-27T09:17	27	5	2023	4301148	4301148	HUMAN_OBSERVATION	iNaturalist	Observations	164014637		Rosalind Helfand	2023-05-27T16:17:35	CC_BY_NC_4_0	Rosalind Helfand	Rosalind Helfand			2025-10-28T00:22:41.423Z	StillImage	COORDINATE_ROUNDED;CONTINENT_DERIVED_FROM_COORDINATES
5007761502	50c9509d-22c7-4a22-a47d-8c48425ef4a7	https://www.inaturalist.org/observations/171119040	Animalia	Arthropoda	Insecta	Lepidoptera	Noctuidae	Euxoa	Euxoa auxiliaris		SPECIES	Euxoa auxiliaris Grote, 1873	Euxoa auxiliaris		US		California	PRESENT		28eb1a3f-1c15-4a95-931a-4af90ecb574d	36.479189	-118.08065	1.0						2023-06-21T18:58	21	6	2023	4301148	4301148	HUMAN_OBSERVATION	iNaturalist	Observations	171119040		Laura Gaudette	2023-07-04T23:37:04	CC_BY_4_0	Laura Gaudette	Laura Gaudette			2025-10-28T00:24:11.835Z	StillImage	COORDINATE_ROUNDED;CONTINENT_DERIVED_FROM_COORDINATES
5007731213	50c9509d-22c7-4a22-a47d-8c48425ef4a7	https://www.inaturalist.org/observations/179772079	Animalia	Arthropoda	Insecta	Lepidoptera	Noctuidae	Euxoa	Euxoa auxiliaris		SPECIES	Euxoa auxiliaris Grote, 1873	Euxoa auxiliaris		US		California	PRESENT		28eb1a3f-1c15-4a95-931a-4af90ecb574d	33.898584	-117.507346							2023-08-20T15:46	20	8	2023	4301148	4301148	HUMAN_OBSERVATION	iNaturalist	Observations	179772079		komalt1	2023-08-23T02:13:13	CC_BY_NC_4_0	komalt1	komalt1			2025-10-27T22:14:24.801Z	StillImage	COORDINATE_ROUNDED;CONTINENT_DERIVED_FROM_COORDINATES
5007715175	50c9509d-22c7-4a22-a47d-8c48425ef4a7	https://www.inaturalist.org/observations/190122573	Animalia	Arthropoda	Insecta	Lepidoptera	Noctuidae	Euxoa	Euxoa auxiliaris		SPECIES	Euxoa auxiliaris Grote, 1873	Euxoa auxiliaris		US		California	PRESENT		28eb1a3f-1c15-4a95-931a-4af90ecb574d	37.332687	-121.71727	4.0						2023-11-02T11:28:07	2	11	2023	4301148	4301148	HUMAN_OBSERVATION	iNaturalist	Observations	190122573		Emily Langdon-Lassagne	2023-11-05T21:29:27	CC_BY_4_0	Emily Langdon-Lassagne	Emily Langdon-Lassagne			2025-10-27T23:35:51.897Z	StillImage	COORDINATE_ROUNDED;CONTINENT_DERIVED_FROM_COORDINATES
5007691904	50c9509d-22c7-4a22-a47d-8c48425ef4a7	https://www.inaturalist.org/observations/181741967	Animalia	Arthropoda	Insecta	Lepidoptera	Noctuidae	Euxoa	Euxoa auxiliaris		SPECIES	Euxoa auxiliaris Grote, 1873	Euxoa auxiliaris		US		California	PRESENT		28eb1a3f-1c15-4a95-931a-4af90ecb574d	37.477033	-118.314163							2023-07-29T01:02	29	7	2023	4301148	4301148	HUMAN_OBSERVATION	iNaturalist	Observations	181741967		Paul G. Johnson	2023-09-09T13:48:27	CC_BY_NC_4_0	Paul G. Johnson	Paul G. Johnson			2025-10-27T23:34:27.491Z	StillImage	COORDINATE_ROUNDED;CONTINENT_DERIVED_FROM_COORDINATES
5007680287	50c9509d-22c7-4a22-a47d-8c48425ef4a7	https://www.inaturalist.org/observations/182851988	Animalia	Arthropoda	Insecta	Lepidoptera	Noctuidae	Euxoa	Euxoa auxiliaris		SPECIES	Euxoa auxiliaris Grote, 1873	Euxoa auxiliaris		US		California	PRESENT		28eb1a3f-1c15-4a95-931a-4af90ecb574d	41.386237	-122.432392	941.0						2023-09-10	10	9	2023	4301148	4301148	HUMAN_OBSERVATION	iNaturalist	Observations	182851988		Glenn Fine	2023-09-11T19:54:26	CC_BY_NC_4_0	Glenn Fine	Glenn Fine			2025-10-27T23:34:39.797Z	StillImage	COORDINATE_ROUNDED;CONTINENT_DERIVED_FROM_COORDINATES
5007287682	50c9509d-22c7-4a22-a47d-8c48425ef4a7	https://www.inaturalist.org/observations/155274935	Animalia	Arthropoda	Insecta	Lepidoptera	Noctuidae	Euxoa	Euxoa auxiliaris		SPECIES	Euxoa auxiliaris Grote, 1873	Euxoa auxiliaris		US		California	PRESENT		28eb1a3f-1c15-4a95-931a-4af90ecb574d	33.746463	-115.81218	26.0						2023-04-09T20:29:26	9	4	2023	4301148	4301148	HUMAN_OBSERVATION	iNaturalist	Observations	155274935		its_sara	2023-04-17T03:16:25	CC_BY_NC_4_0	its_sara	its_sara			2025-10-27T23:36:48.720Z	StillImage	COORDINATE_ROUNDED;CONTINENT_DERIVED_FROM_COORDINATES
5007264616	50c9509d-22c7-4a22-a47d-8c48425ef4a7	https://www.inaturalist.org/observations/255079488	Animalia	Arthropoda	Insecta	Lepidoptera	Noctuidae	Euxoa	Euxoa auxiliaris		SPECIES	Euxoa auxiliaris Grote, 1873	Euxoa auxiliaris		US		California	PRESENT		28eb1a3f-1c15-4a95-931a-4af90ecb574d	37.461494	-118.64494	28388.0						2023-10-22T09:00	22	10	2023	4301148	4301148	HUMAN_OBSERVATION	iNaturalist	Observations	255079488		Leslie Goethals	2024-12-14T15:04:12	CC_BY_NC_4_0	Leslie Goethals	Leslie Goethals			2025-10-27T22:32:54.955Z	StillImage	COORDINATE_ROUNDED;CONTINENT_DERIVED_FROM_COORDINATES
5007210879	50c9509d-22c7-4a22-a47d-8c48425ef4a7	https://www.inaturalist.org/observations/255132024	Animalia	Arthropoda	Insecta	Lepidoptera	Noctuidae	Euxoa	Euxoa auxiliaris		SPECIES	Euxoa auxiliaris Grote, 1873	Euxoa auxiliaris		US		California	PRESENT		28eb1a3f-1c15-4a95-931a-4af90ecb574d	37.354037	-118.328481	28417.0						2023-10-20T12:24	20	10	2023	4301148	4301148	HUMAN_OBSERVATION	iNaturalist	Observations	255132024		Leslie Goethals	2024-12-15T01:41:53	CC_BY_NC_4_0	Leslie Goethals	Leslie Goethals			2025-10-27T23:46:10.035Z	StillImage	COORDINATE_ROUNDED;CONTINENT_DERIVED_FROM_COORDINATES
5007150086	50c9509d-22c7-4a22-a47d-8c48425ef4a7	https://www.inaturalist.org/observations/161542156	Animalia	Arthropoda	Insecta	Lepidoptera	Noctuidae	Euxoa	Euxoa auxiliaris		SPECIES	Euxoa auxiliaris Grote, 1873	Euxoa auxiliaris		US		California	PRESENT		28eb1a3f-1c15-4a95-931a-4af90ecb574d	35.632566	-117.49385	28649.0						2023-05-13T19:07	13	5	2023	4301148	4301148	HUMAN_OBSERVATION	iNaturalist	Observations	161542156		Kolin Campbell	2023-05-14T03:52:14	CC_BY_NC_4_0	Kolin Campbell	Kolin Campbell			2025-10-27T22:09:27.602Z	StillImage	COORDINATE_ROUNDED;CONTINENT_DERIVED_FROM_COORDINATES
5007132288	50c9509d-22c7-4a22-a47d-8c48425ef4a7	https://www.inaturalist.org/observations/188745597	Animalia	Arthropoda	Insecta	Lepidoptera	Noctuidae	Euxoa	Euxoa auxiliaris		SPECIES	Euxoa auxiliaris Grote, 1873	Euxoa auxiliaris		US		California	PRESENT		28eb1a3f-1c15-4a95-931a-4af90ecb574d	34.030675	-116.146714	6.0						2023-10-23T18:28:40	23	10	2023	4301148	4301148	HUMAN_OBSERVATION	iNaturalist	Observations	188745597		jessica_klotz	2023-10-24T03:52:30	CC_BY_NC_4_0	jessica_klotz	jessica_klotz			2025-10-28T00:28:38.640Z	StillImage	COORDINATE_ROUNDED;CONTINENT_DERIVED_FROM_COORDINATES
5007028549	50c9509d-22c7-4a22-a47d-8c48425ef4a7	https://www.inaturalist.org/observations/165942151	Animalia	Arthropoda	Insecta	Lepidoptera	Noctuidae	Euxoa	Euxoa auxiliaris		SPECIES	Euxoa auxiliaris Grote, 1873	Euxoa auxiliaris		US		California	PRESENT		28eb1a3f-1c15-4a95-931a-4af90ecb574d	33.792662	-118.126961	4.0						2023-06-06T11:30:11	6	6	2023	4301148	4301148	HUMAN_OBSERVATION	iNaturalist	Observations	165942151		Robert Rodriguez	2023-06-06T18:30:59	CC_BY_NC_4_0	Robert Rodriguez	Robert Rodriguez			2025-10-27T23:38:41.012Z	StillImage	COORDINATE_ROUNDED;CONTINENT_DERIVED_FROM_COORDINATES
5006990412	50c9509d-22c7-4a22-a47d-8c48425ef4a7	https://www.inaturalist.org/observations/171117758	Animalia	Arthropoda	Insecta	Lepidoptera	Noctuidae	Euxoa	Euxoa auxiliaris		SPECIES	Euxoa auxiliaris Grote, 1873	Euxoa auxiliaris		US		California	PRESENT		28eb1a3f-1c15-4a95-931a-4af90ecb574d	34.783031	-115.655161							2023-06-17T23:24	17	6	2023	4301148	4301148	HUMAN_OBSERVATION	iNaturalist	Observations	171117758		Laura Gaudette	2023-07-04T23:27:19	CC_BY_4_0	Laura Gaudette	Laura Gaudette			2025-10-27T22:11:41.605Z	StillImage	COORDINATE_ROUNDED;CONTINENT_DERIVED_FROM_COORDINATES
5006930488	50c9509d-22c7-4a22-a47d-8c48425ef4a7	https://www.inaturalist.org/observations/191046176	Animalia	Arthropoda	Insecta	Lepidoptera	Noctuidae	Euxoa	Euxoa auxiliaris		SPECIES	Euxoa auxiliaris Grote, 1873	Euxoa auxiliaris		US		California	PRESENT		28eb1a3f-1c15-4a95-931a-4af90ecb574d	34.168705	-118.571161	28874.0						2023-11-11T08:09:13	11	11	2023	4301148	4301148	HUMAN_OBSERVATION	iNaturalist	Observations	191046176		LSchare (she/her)	2023-11-15T00:20:11	CC_BY_NC_4_0	LSchare (she/her)	LSchare (she/her)			2025-10-27T22:17:47.483Z	StillImage	COORDINATE_ROUNDED;CONTINENT_DERIVED_FROM_COORDINATES
5006865177	50c9509d-22c7-4a22-a47d-8c48425ef4a7	https://www.inaturalist.org/observations/164285603	Animalia	Arthropoda	Insecta	Lepidoptera	Noctuidae	Euxoa	Euxoa auxiliaris		SPECIES	Euxoa auxiliaris Grote, 1873	Euxoa auxiliaris		US		California	PRESENT		28eb1a3f-1c15-4a95-931a-4af90ecb574d	33.988895	-118.403008	14.0						2023-05-28T13:30:23	28	5	2023	4301148	4301148	HUMAN_OBSERVATION	iNaturalist	Observations	164285603		Jennifer Arrow	2023-05-28T20:33:47	CC_BY_4_0	Jennifer Arrow	Jennifer Arrow			2025-10-27T22:16:18.359Z	StillImage	COORDINATE_ROUNDED;CONTINENT_DERIVED_FROM_COORDINATES
5006853102	50c9509d-22c7-4a22-a47d-8c48425ef4a7	https://www.inaturalist.org/observations/165468602	Animalia	Arthropoda	Insecta	Lepidoptera	Noctuidae	Euxoa	Euxoa auxiliaris		SPECIES	Euxoa auxiliaris Grote, 1873	Euxoa auxiliaris		US		California	PRESENT		28eb1a3f-1c15-4a95-931a-4af90ecb574d	36.9839	-122.07274	2.0						2023-06-03T16:02	3	6	2023	4301148	4301148	HUMAN_OBSERVATION	iNaturalist	Observations	165468602		Ariel R.	2023-06-04T09:16:18	CC_BY_NC_4_0	Ariel R.	Ariel R.			2025-10-27T22:09:58.814Z	StillImage	COORDINATE_ROUNDED;CONTINENT_DERIVED_FROM_COORDINATES
5006850569	50c9509d-22c7-4a22-a47d-8c48425ef4a7	https://www.inaturalist.org/observations/181741901	Animalia	Arthropoda	Insecta	Lepidoptera	Noctuidae	Euxoa	Euxoa auxiliaris		SPECIES	Euxoa auxiliaris Grote, 1873	Euxoa auxiliaris		US		California	PRESENT		28eb1a3f-1c15-4a95-931a-4af90ecb574d	37.477053	-118.31405							2023-07-28T23:27	28	7	2023	4301148	4301148	HUMAN_OBSERVATION	iNaturalist	Observations	181741901		Paul G. Johnson	2023-09-04T14:35:03	CC_BY_NC_4_0	Paul G. Johnson	Paul G. Johnson			2025-10-27T22:14:56.069Z	StillImage	COORDINATE_ROUNDED;CONTINENT_DERIVED_FROM_COORDINATES
5006832523	50c9509d-22c7-4a22-a47d-8c48425ef4a7	https://www.inaturalist.org/observations/165850825	Animalia	Arthropoda	Insecta	Lepidoptera	Noctuidae	Euxoa	Euxoa auxiliaris		SPECIES	Euxoa auxiliaris Grote, 1873	Euxoa auxiliaris		US		California	PRESENT		28eb1a3f-1c15-4a95-931a-4af90ecb574d	34.040182	-118.258655	12.0						2023-06-04T17:59:45	4	6	2023	4301148	4301148	HUMAN_OBSERVATION	iNaturalist	Observations	165850825		lamiafaae	2023-06-06T06:17:54	CC_BY_NC_4_0	lamiafaae	lamiafaae			2025-10-27T22:10:22.315Z	StillImage	COORDINATE_ROUNDED;CONTINENT_DERIVED_FROM_COORDINATES
5006815471	50c9509d-22c7-4a22-a47d-8c48425ef4a7	https://www.inaturalist.org/observations/152983857	Animalia	Arthropoda	Insecta	Lepidoptera	Noctuidae	Euxoa	Euxoa auxiliaris		SPECIES	Euxoa auxiliaris Grote, 1873	Euxoa auxiliaris		US		California	PRESENT		28eb1a3f-1c15-4a95-931a-4af90ecb574d	33.358873	-116.391925	2.0						2023-03-17T22:27	17	3	2023	4301148	4301148	HUMAN_OBSERVATION	iNaturalist	Observations	152983857		Gary Nunn	2023-03-31T23:34:25	CC_BY_NC_4_0	Gary Nunn	Gary Nunn			2025-10-27T23:28:33.547Z	StillImage	COORDINATE_ROUNDED;CONTINENT_DERIVED_FROM_COORDINATES
5006794828	50c9509d-22c7-4a22-a47d-8c48425ef4a7	https://www.inaturalist.org/observations/169417942	Animalia	Arthropoda	Insecta	Lepidoptera	Noctuidae	Euxoa	Euxoa auxiliaris		SPECIES	Euxoa auxiliaris Grote, 1873	Euxoa auxiliaris		US		California	PRESENT		28eb1a3f-1c15-4a95-931a-4af90ecb574d	33.892127	-118.385452	184.0						2023-06-25T08:36	25	6	2023	4301148	4301148	HUMAN_OBSERVATION	iNaturalist	Observations	169417942		Michele Reniche	2023-06-25T17:20:05	CC_BY_NC_4_0	Michele Reniche	Michele Reniche			2025-10-27T23:31:48.448Z	StillImage	COORDINATE_ROUNDED;CONTINENT_DERIVED_FROM_COORDINATES
5006791340	50c9509d-22c7-4a22-a47d-8c48425ef4a7	https://www.inaturalist.org/observations/162681609	Animalia	Arthropoda	Insecta	Lepidoptera	Noctuidae	Euxoa	Euxoa auxiliaris		SPECIES	Euxoa auxiliaris Grote, 1873	Euxoa auxiliaris		US		California	PRESENT		28eb1a3f-1c15-4a95-931a-4af90ecb574d	34.069522	-118.247588	15.0						2023-05-20T08:30:41	20	5	2023	4301148	4301148	HUMAN_OBSERVATION	iNaturalist	Observations	162681609		kurenable	2023-05-20T15:40:00	CC_BY_NC_4_0	kurenable	kurenable			2025-10-27T22:09:12.221Z	StillImage	COORDINATE_ROUNDED;CONTINENT_DERIVED_FROM_COORDINATES
5006711228	50c9509d-22c7-4a22-a47d-8c48425ef4a7	https://www.inaturalist.org/observations/162733127	Animalia	Arthropoda	Insecta	Lepidoptera	Noctuidae	Euxoa	Euxoa auxiliaris		SPECIES	Euxoa auxiliaris Grote, 1873	Euxoa auxiliaris		US		California	PRESENT		28eb1a3f-1c15-4a95-931a-4af90ecb574d	34.181359	-118.343731	28874.0						2023-05-20T12:36:32	20	5	2023	4301148	4301148	HUMAN_OBSERVATION	iNaturalist	Observations	162733127		Hannah Comstock	2023-05-20T19:41:21	CC_BY_NC_4_0	Hannah Comstock	Hannah Comstock			2025-10-28T00:22:16.490Z	StillImage	COORDINATE_ROUNDED;CONTINENT_DERIVED_FROM_COORDINATES
4987375609	50c9509d-22c7-4a22-a47d-8c48425ef4a7	https://www.inaturalist.org/observations/156966106	Animalia	Arthropoda	Insecta	Lepidoptera	Noctuidae	Euxoa	Euxoa auxiliaris		SPECIES	Euxoa auxiliaris Grote, 1873	Euxoa auxiliaris		US		Nebraska	PRESENT		28eb1a3f-1c15-4a95-931a-4af90ecb574d	41.248225	-96.174071	6.0						2023-04-27T15:56:46	27	4	2023	4301148	4301148	HUMAN_OBSERVATION	iNaturalist	Observations	156966106		Chuck Harp	2023-12-28T21:23:41	CC_BY_4_0	Jody	Jody			2025-10-27T22:07:52.045Z	StillImage	COORDINATE_ROUNDED;CONTINENT_DERIVED_FROM_COORDINATES
4976538149	50c9509d-22c7-4a22-a47d-8c48425ef4a7	https://www.inaturalist.org/observations/161974502	Animalia	Arthropoda	Insecta	Lepidoptera	Noctuidae	Euxoa	Euxoa auxiliaris		SPECIES	Euxoa auxiliaris Grote, 1873	Euxoa auxiliaris		US		Colorado	PRESENT		28eb1a3f-1c15-4a95-931a-4af90ecb574d	39.729204	-105.113466	146.0						2023-05-16T08:01:53	16	5	2023	4301148	4301148	HUMAN_OBSERVATION	iNaturalist	Observations	161974502		melspippin	2023-05-16T14:18:19	CC_BY_NC_4_0	melspippin	melspippin			2025-10-27T23:30:16.588Z	StillImage	COORDINATE_ROUNDED;CONTINENT_DERIVED_FROM_COORDINATES
4954535751	50c9509d-22c7-4a22-a47d-8c48425ef4a7	https://www.inaturalist.org/observations/159328779	Animalia	Arthropoda	Insecta	Lepidoptera	Noctuidae	Euxoa	Euxoa auxiliaris		SPECIES	Euxoa auxiliaris Grote, 1873	Euxoa auxiliaris		US		California	PRESENT		28eb1a3f-1c15-4a95-931a-4af90ecb574d	33.709545	-117.933625	4.0						2023-05-02T18:55:51	2	5	2023	4301148	4301148	HUMAN_OBSERVATION	iNaturalist	Observations	159328779		itazura	2023-06-14T17:15:30	CC_BY_NC_4_0	itazura	itazura			2025-10-27T23:29:43.991Z	StillImage	CONTINENT_DERIVED_FROM_COORDINATES
4936192314	50c9509d-22c7-4a22-a47d-8c48425ef4a7	https://www.inaturalist.org/observations/190510946	Animalia	Arthropoda	Insecta	Lepidoptera	Noctuidae	Euxoa	Euxoa auxiliaris		SPECIES	Euxoa auxiliaris Grote, 1873	Euxoa auxiliaris		US		California	PRESENT		28eb1a3f-1c15-4a95-931a-4af90ecb574d	37.313914	-118.298605	28417.0						2023-11-06T14:06	6	11	2023	4301148	4301148	HUMAN_OBSERVATION	iNaturalist	Observations	190510946		Leslie Goethals	2023-11-09T18:47:42	CC_BY_NC_4_0	Leslie Goethals	Leslie Goethals			2025-10-27T23:35:54.110Z	StillImage	COORDINATE_ROUNDED;CONTINENT_DERIVED_FROM_COORDINATES
4924078725	50c9509d-22c7-4a22-a47d-8c48425ef4a7	https://www.inaturalist.org/observations/160988723	Animalia	Arthropoda	Insecta	Lepidoptera	Noctuidae	Euxoa	Euxoa auxiliaris		SPECIES	Euxoa auxiliaris Grote, 1873	Euxoa auxiliaris		US		Wyoming	PRESENT		28eb1a3f-1c15-4a95-931a-4af90ecb574d	41.155593	-104.858414							2023-05-10T09:50:25	10	5	2023	4301148	4301148	HUMAN_OBSERVATION	iNaturalist	Observations	160988723		Ferretpaint	2023-05-20T14:30:56	CC_BY_NC_4_0	Ferretpaint	Ferretpaint			2025-10-27T23:30:04.981Z	StillImage	COORDINATE_ROUNDED;CONTINENT_DERIVED_FROM_COORDINATES
4911140483	50c9509d-22c7-4a22-a47d-8c48425ef4a7	https://www.inaturalist.org/observations/190399700	Animalia	Arthropoda	Insecta	Lepidoptera	Noctuidae	Euxoa	Euxoa auxiliaris		SPECIES	Euxoa auxiliaris Grote, 1873	Euxoa auxiliaris		US		Arizona	PRESENT		28eb1a3f-1c15-4a95-931a-4af90ecb574d	31.978918	-110.71462	5.0						2023-11-06T18:02:49	6	11	2023	4301148	4301148	HUMAN_OBSERVATION	iNaturalist	Observations	190399700		jeffbabson	2023-11-08T13:38:54	CC_BY_NC_4_0	jeffbabson	jeffbabson			2025-10-28T00:29:00.311Z	StillImage	COORDINATE_ROUNDED;CONTINENT_DERIVED_FROM_COORDINATES
4900883321	50c9509d-22c7-4a22-a47d-8c48425ef4a7	https://www.inaturalist.org/observations/221184240	Animalia	Arthropoda	Insecta	Lepidoptera	Noctuidae	Euxoa	Euxoa auxiliaris		SPECIES	Euxoa auxiliaris Grote, 1873	Euxoa auxiliaris		US		New Mexico	PRESENT		28eb1a3f-1c15-4a95-931a-4af90ecb574d	35.129993	-106.684493							2023-05-18T12:23	18	5	2023	4301148	4301148	HUMAN_OBSERVATION	iNaturalist	Observations	221184240		Ben Meredyk	2024-06-07T21:56:52	CC_BY_4_0	Ben Meredyk	Ben Meredyk			2025-10-27T23:40:34.598Z	StillImage	COORDINATE_ROUNDED;CONTINENT_DERIVED_FROM_COORDINATES
4873717709	323b0e80-5e4b-4cc4-936a-d93fc8cae9bc	c5bd0429-60b4-4b1d-9034-f893250e8f0e	Animalia	Arthropoda	Insecta	Lepidoptera	Noctuidae	Euxoa	Euxoa auxiliaris		SPECIES	Euxoa auxiliaris Grote, 1873	Euxoa auxiliaris	(Grote, 1873)	US	Billings, ZooMT, Shiloh Road	Montana	PRESENT	1	0d923068-1cec-44de-8b78-33a51fb0cacd	45.7319	-108.622191	10.0		975.0				2023-05-16	16	5	2023	4301148	4301148	PRESERVED_SPECIMEN	CSU	CSUC	CSU_ENT1221607				CC0_1_0	Department of Bioagricultural Sciences	Marian L. Kirst; M.L Kirst, A. Conn, A. Dredia			2025-11-01T18:21:45.368Z		OCCURRENCE_STATUS_INFERRED_FROM_INDIVIDUAL_COUNT
4873717708	323b0e80-5e4b-4cc4-936a-d93fc8cae9bc	ff48439e-11cb-4495-a2b6-a829d3836c6c	Animalia	Arthropoda	Insecta	Lepidoptera	Noctuidae	Euxoa	Euxoa auxiliaris		SPECIES	Euxoa auxiliaris Grote, 1873	Euxoa auxiliaris	(Grote, 1873)	US	Howell Gulch Rd., 5.8 mi S of Red Lodge	Montana	PRESENT	1	0d923068-1cec-44de-8b78-33a51fb0cacd	45.12203	-109.27741	10.0		2012.0				2023-05-28	28	5	2023	4301148	4301148	PRESERVED_SPECIMEN	CSU	CSUC	CSU_ENT1221608				CC0_1_0	Department of Bioagricultural Sciences	Marian L. Kirst; I. Sommerdorf			2025-11-01T18:21:33.666Z		OCCURRENCE_STATUS_INFERRED_FROM_INDIVIDUAL_COUNT
4873717656	323b0e80-5e4b-4cc4-936a-d93fc8cae9bc	d91455ef-048e-4d2b-ba90-12175dafa9aa	Animalia	Arthropoda	Insecta	Lepidoptera	Noctuidae	Euxoa	Euxoa auxiliaris		SPECIES	Euxoa auxiliaris Grote, 1873	Euxoa auxiliaris	(Grote, 1873)	US	Forsyth, Fairground Trail	Montana	PRESENT	1	0d923068-1cec-44de-8b78-33a51fb0cacd	46.2747	-106.6755	10.0		2650.0				2023-06-05	5	6	2023	4301148	4301148	PRESERVED_SPECIMEN	CSU	CSUC	CSU_ENT1221616				CC0_1_0	Department of Bioagricultural Sciences	M. Mullen			2025-11-01T18:21:33.586Z		OCCURRENCE_STATUS_INFERRED_FROM_INDIVIDUAL_COUNT
4873717654	323b0e80-5e4b-4cc4-936a-d93fc8cae9bc	c860f115-ce8c-4009-b777-ab31463195f5	Animalia	Arthropoda	Insecta	Lepidoptera	Noctuidae	Euxoa	Euxoa auxiliaris		SPECIES	Euxoa auxiliaris Grote, 1873	Euxoa auxiliaris	(Grote, 1873)	US	Billings, ZooMT, Shiloh Road	Montana	PRESENT	1	0d923068-1cec-44de-8b78-33a51fb0cacd	45.7319	-108.622191	10.0		975.0				2023-05-16	16	5	2023	4301148	4301148	PRESERVED_SPECIMEN	CSU	CSUC	CSU_ENT1221598				CC0_1_0	Department of Bioagricultural Sciences	Marian L. Kirst; A. Conn, A. Dredia			2025-11-01T18:22:22.968Z		OCCURRENCE_STATUS_INFERRED_FROM_INDIVIDUAL_COUNT
4873713572	323b0e80-5e4b-4cc4-936a-d93fc8cae9bc	8740fdd2-d41a-4ba4-996b-13c179710c0c	Animalia	Arthropoda	Insecta	Lepidoptera	Noctuidae	Euxoa	Euxoa auxiliaris		SPECIES	Euxoa auxiliaris Grote, 1873	Euxoa auxiliaris	(Grote, 1873)	US	Billings, ZooMT, Shiloh Road	Montana	PRESENT	1	0d923068-1cec-44de-8b78-33a51fb0cacd	45.731	-108.62733	10.0		975.0				2023-05-16	16	5	2023	4301148	4301148	PRESERVED_SPECIMEN	CSU	CSUC	CSU_ENT1221615				CC0_1_0	Department of Bioagricultural Sciences	M. L. Kirst; K. Frank, R. Larison, F. Mora			2025-11-01T18:21:33.778Z		OCCURRENCE_STATUS_INFERRED_FROM_INDIVIDUAL_COUNT
4873692880	323b0e80-5e4b-4cc4-936a-d93fc8cae9bc	a83e8240-83a5-49d9-9a64-d541fa7a7c2d	Animalia	Arthropoda	Insecta	Lepidoptera	Noctuidae	Euxoa	Euxoa auxiliaris		SPECIES	Euxoa auxiliaris Grote, 1873	Euxoa auxiliaris	(Grote, 1873)	US	1.4mi NW of Hwy 12, Priest Pass Rd., Helena NF	Montana	PRESENT	1	0d923068-1cec-44de-8b78-33a51fb0cacd	46.58589	-112.23167	10.0		1453.0				2023-08-22	22	8	2023	4301148	4301148	PRESERVED_SPECIMEN	CSU	CSUC	CSU_ENT1232081				CC0_1_0	Department of Bioagricultural Sciences	Mat Seidensticker; S. Sater, L Frye			2025-11-01T18:22:00.163Z		OCCURRENCE_STATUS_INFERRED_FROM_INDIVIDUAL_COUNT
4873687278	323b0e80-5e4b-4cc4-936a-d93fc8cae9bc	2839c0b6-9242-4af3-823d-71b5ceb78ee5	Animalia	Arthropoda	Insecta	Lepidoptera	Noctuidae	Euxoa	Euxoa auxiliaris		SPECIES	Euxoa auxiliaris Grote, 1873	Euxoa auxiliaris	(Grote, 1873)	US	0.2 mi. E of Mt Hwy 24, mi. mkr 13, Mothershead BMA #74	Montana	PRESENT	1	0d923068-1cec-44de-8b78-33a51fb0cacd	45.50868	-108.15331	10.0		766.0				2023-06-16	16	6	2023	4301148	4301148	PRESERVED_SPECIMEN	CSU	CSUC	CSU_ENT1221612				CC0_1_0	Department of Bioagricultural Sciences	Mat Seidensticker			2025-11-01T18:21:44.541Z		OCCURRENCE_STATUS_INFERRED_FROM_INDIVIDUAL_COUNT
4873677855	323b0e80-5e4b-4cc4-936a-d93fc8cae9bc	df6b678b-c054-47cf-b698-a409be5f182b	Animalia	Arthropoda	Insecta	Lepidoptera	Noctuidae	Euxoa	Euxoa auxiliaris		SPECIES	Euxoa auxiliaris Grote, 1873	Euxoa auxiliaris	(Grote, 1873)	US	215 N Word Ave, Red Lodge urban backyard garden	Montana	PRESENT	1	0d923068-1cec-44de-8b78-33a51fb0cacd	45.18941	-109.25028	10.0		1707.0				2023-05-28	28	5	2023	4301148	4301148	PRESERVED_SPECIMEN	CSU	CSUC	CSU_ENT1221609				CC0_1_0	Department of Bioagricultural Sciences	Marian L. Kirst			2025-11-01T18:21:43.735Z		OCCURRENCE_STATUS_INFERRED_FROM_INDIVIDUAL_COUNT
4873677801	323b0e80-5e4b-4cc4-936a-d93fc8cae9bc	755dc9af-6b2d-4660-8cc6-3aef95283efe	Animalia	Arthropoda	Insecta	Lepidoptera	Noctuidae	Euxoa	Euxoa auxiliaris		SPECIES	Euxoa auxiliaris Grote, 1873	Euxoa auxiliaris	(Grote, 1873)	US	Forsyth, Fairground Trail	Montana	PRESENT	1	0d923068-1cec-44de-8b78-33a51fb0cacd	46.2747	-106.6755	10.0		2650.0				2023-06-05	5	6	2023	4301148	4301148	PRESERVED_SPECIMEN	CSU	CSUC	CSU_ENT1221610				CC0_1_0	Department of Bioagricultural Sciences	M. Mullen			2025-11-01T18:21:33.690Z		OCCURRENCE_STATUS_INFERRED_FROM_INDIVIDUAL_COUNT
4873677800	323b0e80-5e4b-4cc4-936a-d93fc8cae9bc	6389e9d6-6947-4c2c-aaab-86698a027377	Animalia	Arthropoda	Insecta	Lepidoptera	Noctuidae	Euxoa	Euxoa auxiliaris		SPECIES	Euxoa auxiliaris Grote, 1873	Euxoa auxiliaris	(Grote, 1873)	US	Forsyth, 475 N. 8th Street	Montana	PRESENT	1	0d923068-1cec-44de-8b78-33a51fb0cacd	46.2679	-106.6836	10.0		2560.0				2023-06-05	5	6	2023	4301148	4301148	PRESERVED_SPECIMEN	CSU	CSUC	CSU_ENT1221617				CC0_1_0	Department of Bioagricultural Sciences	Mary Mullen; M. Kirst, F. Potter			2025-11-01T18:21:33.506Z		OCCURRENCE_STATUS_INFERRED_FROM_INDIVIDUAL_COUNT
4873677799	323b0e80-5e4b-4cc4-936a-d93fc8cae9bc	225cc3b7-39f0-4e30-9b86-5ff8ebe71c00	Animalia	Arthropoda	Insecta	Lepidoptera	Noctuidae	Euxoa	Euxoa auxiliaris		SPECIES	Euxoa auxiliaris Grote, 1873	Euxoa auxiliaris	(Grote, 1873)	US	Fox Rd., 3.5 mi W Red Lodge	Montana	PRESENT	1	0d923068-1cec-44de-8b78-33a51fb0cacd	45.19547	-109.30211	10.0		1768.0				2023-05-28	28	5	2023	4301148	4301148	PRESERVED_SPECIMEN	CSU	CSUC	CSU_ENT1221620				CC0_1_0	Department of Bioagricultural Sciences	Marian L. Kirst			2025-11-01T18:22:22.396Z		OCCURRENCE_STATUS_INFERRED_FROM_INDIVIDUAL_COUNT
4873673934	323b0e80-5e4b-4cc4-936a-d93fc8cae9bc	4ba5e045-593a-4542-9779-8f8c16a400f7	Animalia	Arthropoda	Insecta	Lepidoptera	Noctuidae	Euxoa	Euxoa auxiliaris		SPECIES	Euxoa auxiliaris Grote, 1873	Euxoa auxiliaris	(Grote, 1873)	US	Billings, ZooMT, Shiloh Road	Montana	PRESENT	1	0d923068-1cec-44de-8b78-33a51fb0cacd	45.7319	-108.622191	10.0		975.0				2023-05-16	16	5	2023	4301148	4301148	PRESERVED_SPECIMEN	CSU	CSUC	CSU_ENT1221605				CC0_1_0	Department of Bioagricultural Sciences	Marian L. Kirst; M.L Kirst, A. Conn, A. Dredia			2025-11-01T18:21:45.367Z		OCCURRENCE_STATUS_INFERRED_FROM_INDIVIDUAL_COUNT
4873673933	323b0e80-5e4b-4cc4-936a-d93fc8cae9bc	24e84042-c52f-4e60-866a-545fcc5317eb	Animalia	Arthropoda	Insecta	Lepidoptera	Noctuidae	Euxoa	Euxoa auxiliaris		SPECIES	Euxoa auxiliaris Grote, 1873	Euxoa auxiliaris	(Grote, 1873)	US	9.5 mi. N of Polson	Montana	PRESENT	1	0d923068-1cec-44de-8b78-33a51fb0cacd	47.8026	-114.15462	10.0		853.0				2023-06-16	16	6	2023	4301148	4301148	PRESERVED_SPECIMEN	CSU	CSUC	CSU_ENT1221614				CC0_1_0	Department of Bioagricultural Sciences	Marian L. Kirst			2025-11-01T18:21:33.587Z		OCCURRENCE_STATUS_INFERRED_FROM_INDIVIDUAL_COUNT
4873673878	323b0e80-5e4b-4cc4-936a-d93fc8cae9bc	3bfd9e04-168a-4a2a-b62c-a153bf811399	Animalia	Arthropoda	Insecta	Lepidoptera	Noctuidae	Euxoa	Euxoa auxiliaris		SPECIES	Euxoa auxiliaris Grote, 1873	Euxoa auxiliaris	(Grote, 1873)	US	Billings, ZooMT, Shiloh Road	Montana	PRESENT	1	0d923068-1cec-44de-8b78-33a51fb0cacd	45.731	-108.62733	10.0		975.0				2023-05-16	16	5	2023	4301148	4301148	PRESERVED_SPECIMEN	CSU	CSUC	CSU_ENT1221611				CC0_1_0	Department of Bioagricultural Sciences	M. L. Kirst; K. Frank, R. Larison, F. Mora			2025-11-01T18:21:33.667Z		OCCURRENCE_STATUS_INFERRED_FROM_INDIVIDUAL_COUNT
4872298334	50c9509d-22c7-4a22-a47d-8c48425ef4a7	https://www.inaturalist.org/observations/154366813	Animalia	Arthropoda	Insecta	Lepidoptera	Noctuidae	Euxoa	Euxoa auxiliaris		SPECIES	Euxoa auxiliaris Grote, 1873	Euxoa auxiliaris		US		Colorado	PRESENT		28eb1a3f-1c15-4a95-931a-4af90ecb574d	38.317497	-104.611755	4.0						2023-04-10T07:08:23	10	4	2023	4301148	4301148	HUMAN_OBSERVATION	iNaturalist	Observations	154366813		Cory Gregory	2023-04-11T02:04:30	CC_BY_NC_4_0	Cory Gregory	Cory Gregory			2025-10-27T23:28:52.948Z	StillImage	COORDINATE_ROUNDED;CONTINENT_DERIVED_FROM_COORDINATES
4863931672	50c9509d-22c7-4a22-a47d-8c48425ef4a7	https://www.inaturalist.org/observations/163241449	Animalia	Arthropoda	Insecta	Lepidoptera	Noctuidae	Euxoa	Euxoa auxiliaris		SPECIES	Euxoa auxiliaris Grote, 1873	Euxoa auxiliaris		US		New Mexico	PRESENT		28eb1a3f-1c15-4a95-931a-4af90ecb574d	35.136219	-106.661866	29.0						2023-05-22T19:30:29	22	5	2023	4301148	4301148	HUMAN_OBSERVATION	iNaturalist	Observations	163241449		Elliott Gordon	2024-04-30T22:11:04	CC_BY_NC_4_0	immortalights	immortalights			2025-10-27T22:15:39.744Z	StillImage	COORDINATE_ROUNDED;CONTINENT_DERIVED_FROM_COORDINATES
4855433949	50c9509d-22c7-4a22-a47d-8c48425ef4a7	https://www.inaturalist.org/observations/156436335	Animalia	Arthropoda	Insecta	Lepidoptera	Noctuidae	Euxoa	Euxoa auxiliaris		SPECIES	Euxoa auxiliaris Grote, 1873	Euxoa auxiliaris		US		New Mexico	PRESENT		28eb1a3f-1c15-4a95-931a-4af90ecb574d	32.762486	-104.449348	29066.0						2023-04-23T21:17:05	23	4	2023	4301148	4301148	HUMAN_OBSERVATION	iNaturalist	Observations	156436335		David Heckard	2023-04-24T16:23:17	CC_BY_NC_4_0	David Heckard	David Heckard			2025-10-27T23:29:33.798Z	StillImage	COORDINATE_ROUNDED;CONTINENT_DERIVED_FROM_COORDINATES
4855417889	50c9509d-22c7-4a22-a47d-8c48425ef4a7	https://www.inaturalist.org/observations/159782206	Animalia	Arthropoda	Insecta	Lepidoptera	Noctuidae	Euxoa	Euxoa auxiliaris		SPECIES	Euxoa auxiliaris Grote, 1873	Euxoa auxiliaris		US		New Mexico	PRESENT		28eb1a3f-1c15-4a95-931a-4af90ecb574d	34.889064	-106.082306	3.0						2023-05-04T20:17:52	4	5	2023	4301148	4301148	HUMAN_OBSERVATION	iNaturalist	Observations	159782206		Elliott Gordon	2024-05-06T20:57:14	CC_BY_4_0	Tom Kennedy	Tom Kennedy			2025-10-27T22:08:28.915Z	StillImage	COORDINATE_ROUNDED;CONTINENT_DERIVED_FROM_COORDINATES
4855386863	50c9509d-22c7-4a22-a47d-8c48425ef4a7	https://www.inaturalist.org/observations/160501800	Animalia	Arthropoda	Insecta	Lepidoptera	Noctuidae	Euxoa	Euxoa auxiliaris		SPECIES	Euxoa auxiliaris Grote, 1873	Euxoa auxiliaris		US		New Mexico	PRESENT		28eb1a3f-1c15-4a95-931a-4af90ecb574d	35.167072	-106.495842	7.0						2023-05-07T21:32:14	7	5	2023	4301148	4301148	HUMAN_OBSERVATION	iNaturalist	Observations	160501800		panchoeldelracho	2023-05-08T04:40:46	CC_BY_NC_4_0	panchoeldelracho	panchoeldelracho			2025-10-27T22:08:38.626Z	StillImage	COORDINATE_ROUNDED;CONTINENT_DERIVED_FROM_COORDINATES
4855322828	50c9509d-22c7-4a22-a47d-8c48425ef4a7	https://www.inaturalist.org/observations/161263047	Animalia	Arthropoda	Insecta	Lepidoptera	Noctuidae	Euxoa	Euxoa auxiliaris		SPECIES	Euxoa auxiliaris Grote, 1873	Euxoa auxiliaris		US		New Mexico	PRESENT		28eb1a3f-1c15-4a95-931a-4af90ecb574d	35.538531	-105.94774	4.0						2023-05-12T11:00	12	5	2023	4301148	4301148	HUMAN_OBSERVATION	iNaturalist	Observations	161263047		Dave Suszcynsky	2023-05-12T17:35:34	CC_BY_NC_4_0	Dave Suszcynsky	Dave Suszcynsky			2025-10-28T00:21:56.187Z	StillImage	COORDINATE_ROUNDED;CONTINENT_DERIVED_FROM_COORDINATES
4855274821	50c9509d-22c7-4a22-a47d-8c48425ef4a7	https://www.inaturalist.org/observations/154379607	Animalia	Arthropoda	Insecta	Lepidoptera	Noctuidae	Euxoa	Euxoa auxiliaris		SPECIES	Euxoa auxiliaris Grote, 1873	Euxoa auxiliaris		US		New Mexico	PRESENT		28eb1a3f-1c15-4a95-931a-4af90ecb574d	34.889145	-106.082316	3.0						2023-04-10T21:33:07	10	4	2023	4301148	4301148	HUMAN_OBSERVATION	iNaturalist	Observations	154379607		Elliott Gordon	2024-05-06T21:03:49	CC_BY_4_0	Tom Kennedy	Tom Kennedy			2025-10-27T23:28:48.606Z	StillImage	COORDINATE_ROUNDED;CONTINENT_DERIVED_FROM_COORDINATES
4855184663	50c9509d-22c7-4a22-a47d-8c48425ef4a7	https://www.inaturalist.org/observations/160116646	Animalia	Arthropoda	Insecta	Lepidoptera	Noctuidae	Euxoa	Euxoa auxiliaris		SPECIES	Euxoa auxiliaris Grote, 1873	Euxoa auxiliaris		US		New Mexico	PRESENT		28eb1a3f-1c15-4a95-931a-4af90ecb574d	34.616489	-106.385566	1000.0						2023-05-06T11:39:38	6	5	2023	4301148	4301148	HUMAN_OBSERVATION	iNaturalist	Observations	160116646		Elliott Gordon	2024-05-06T20:56:02	CC_BY_4_0	Tom Kennedy	Tom Kennedy			2025-10-28T00:21:41.665Z	StillImage	COORDINATE_ROUNDED;CONTINENT_DERIVED_FROM_COORDINATES
4855047197	50c9509d-22c7-4a22-a47d-8c48425ef4a7	https://www.inaturalist.org/observations/159912989	Animalia	Arthropoda	Insecta	Lepidoptera	Noctuidae	Euxoa	Euxoa auxiliaris		SPECIES	Euxoa auxiliaris Grote, 1873	Euxoa auxiliaris		US		New Mexico	PRESENT		28eb1a3f-1c15-4a95-931a-4af90ecb574d	35.104795	-106.620278	7.0						2023-05-05T12:45:56	5	5	2023	4301148	4301148	HUMAN_OBSERVATION	iNaturalist	Observations	159912989		Christopher Rustay	2023-05-05T18:48:04	CC_BY_NC_4_0	Christopher Rustay	Christopher Rustay			2025-10-27T23:38:00.151Z	StillImage	COORDINATE_ROUNDED;CONTINENT_DERIVED_FROM_COORDINATES
4855018604	50c9509d-22c7-4a22-a47d-8c48425ef4a7	https://www.inaturalist.org/observations/159238054	Animalia	Arthropoda	Insecta	Lepidoptera	Noctuidae	Euxoa	Euxoa auxiliaris		SPECIES	Euxoa auxiliaris Grote, 1873	Euxoa auxiliaris		US		New Mexico	PRESENT		28eb1a3f-1c15-4a95-931a-4af90ecb574d	35.159942	-106.29663	12.0						2023-05-02T08:44:52	2	5	2023	4301148	4301148	HUMAN_OBSERVATION	iNaturalist	Observations	159238054		humam1953	2023-05-02T19:01:54	CC_BY_NC_4_0	humam1953	humam1953			2025-10-27T22:08:36.486Z	StillImage	COORDINATE_ROUNDED;CONTINENT_DERIVED_FROM_COORDINATES
4854955970	50c9509d-22c7-4a22-a47d-8c48425ef4a7	https://www.inaturalist.org/observations/156259018	Animalia	Arthropoda	Insecta	Lepidoptera	Noctuidae	Euxoa	Euxoa auxiliaris		SPECIES	Euxoa auxiliaris Grote, 1873	Euxoa auxiliaris		US		New Mexico	PRESENT		28eb1a3f-1c15-4a95-931a-4af90ecb574d	32.647469	-104.537361	29066.0						2023-04-22T21:42:53	22	4	2023	4301148	4301148	HUMAN_OBSERVATION	iNaturalist	Observations	156259018		David Heckard	2023-04-23T16:43:50	CC_BY_NC_4_0	David Heckard	David Heckard			2025-10-27T23:37:26.149Z	StillImage	COORDINATE_ROUNDED;CONTINENT_DERIVED_FROM_COORDINATES
4854928984	50c9509d-22c7-4a22-a47d-8c48425ef4a7	https://www.inaturalist.org/observations/155823068	Animalia	Arthropoda	Insecta	Lepidoptera	Noctuidae	Euxoa	Euxoa auxiliaris		SPECIES	Euxoa auxiliaris Grote, 1873	Euxoa auxiliaris		US		New Mexico	PRESENT		28eb1a3f-1c15-4a95-931a-4af90ecb574d	35.032903	-104.681097	18.0						2023-04-12T13:52	12	4	2023	4301148	4301148	HUMAN_OBSERVATION	iNaturalist	Observations	155823068		Fluff Berger	2023-04-20T23:41:25	CC_BY_NC_4_0	Fluff Berger	Fluff Berger			2025-10-27T22:14:23.764Z	StillImage	COORDINATE_ROUNDED;CONTINENT_DERIVED_FROM_COORDINATES
4854886638	50c9509d-22c7-4a22-a47d-8c48425ef4a7	https://www.inaturalist.org/observations/184288105	Animalia	Arthropoda	Insecta	Lepidoptera	Noctuidae	Euxoa	Euxoa auxiliaris		SPECIES	Euxoa auxiliaris Grote, 1873	Euxoa auxiliaris		US		Colorado	PRESENT		28eb1a3f-1c15-4a95-931a-4af90ecb574d	39.776135	-104.921257							2023-09-21T11:28:53	21	9	2023	4301148	4301148	HUMAN_OBSERVATION	iNaturalist	Observations	184288105		Brian	2023-09-21T21:27:40	CC0_1_0	Without Borders	Without Borders			2025-10-27T23:34:56.669Z	StillImage	COORDINATE_ROUNDED;CONTINENT_DERIVED_FROM_COORDINATES
4854834489	50c9509d-22c7-4a22-a47d-8c48425ef4a7	https://www.inaturalist.org/observations/159202338	Animalia	Arthropoda	Insecta	Lepidoptera	Noctuidae	Euxoa	Euxoa auxiliaris		SPECIES	Euxoa auxiliaris Grote, 1873	Euxoa auxiliaris		US		New Mexico	PRESENT		28eb1a3f-1c15-4a95-931a-4af90ecb574d	35.123284	-106.49754	27.0						2023-05-02T10:06:09	2	5	2023	4301148	4301148	HUMAN_OBSERVATION	iNaturalist	Observations	159202338		Elliott Gordon	2024-05-06T20:59:24	CC_BY_NC_4_0	wwench	wwench			2025-10-27T22:08:27.418Z	StillImage	COORDINATE_ROUNDED;CONTINENT_DERIVED_FROM_COORDINATES
4852852572	50c9509d-22c7-4a22-a47d-8c48425ef4a7	https://www.inaturalist.org/observations/164357874	Animalia	Arthropoda	Insecta	Lepidoptera	Noctuidae	Euxoa	Euxoa auxiliaris		SPECIES	Euxoa auxiliaris Grote, 1873	Euxoa auxiliaris		US		New Mexico	PRESENT		28eb1a3f-1c15-4a95-931a-4af90ecb574d	35.70656	-105.938507	8.0						2023-05-27T11:21:39	27	5	2023	4301148	4301148	HUMAN_OBSERVATION	iNaturalist	Observations	164357874				CC_BY_NC_4_0	Michael Burns	Michael Burns			2025-10-27T22:09:45.851Z	StillImage	COORDINATE_ROUNDED;CONTINENT_DERIVED_FROM_COORDINATES
4852819334	50c9509d-22c7-4a22-a47d-8c48425ef4a7	https://www.inaturalist.org/observations/164031020	Animalia	Arthropoda	Insecta	Lepidoptera	Noctuidae	Euxoa	Euxoa auxiliaris		SPECIES	Euxoa auxiliaris Grote, 1873	Euxoa auxiliaris		US		New Mexico	PRESENT		28eb1a3f-1c15-4a95-931a-4af90ecb574d	35.08756	-106.602791	1403.0						2023-05-27T11:34:41	27	5	2023	4301148	4301148	HUMAN_OBSERVATION	iNaturalist	Observations	164031020		J.J.	2023-05-27T17:35:36	CC_BY_NC_4_0	J.J.	J.J.			2025-10-27T22:09:36.680Z	StillImage	COORDINATE_ROUNDED;CONTINENT_DERIVED_FROM_COORDINATES
4852777406	50c9509d-22c7-4a22-a47d-8c48425ef4a7	https://www.inaturalist.org/observations/163813202	Animalia	Arthropoda	Insecta	Lepidoptera	Noctuidae	Euxoa	Euxoa auxiliaris		SPECIES	Euxoa auxiliaris Grote, 1873	Euxoa auxiliaris		US		New Mexico	PRESENT		28eb1a3f-1c15-4a95-931a-4af90ecb574d	35.146512	-106.507425	34.0						2023-05-26T08:12:06	26	5	2023	4301148	4301148	HUMAN_OBSERVATION	iNaturalist	Observations	163813202		g3n3v4	2023-05-26T14:14:09	CC_BY_NC_4_0	g3n3v4	g3n3v4			2025-10-27T22:16:17.461Z	StillImage	COORDINATE_ROUNDED;CONTINENT_DERIVED_FROM_COORDINATES
4852777385	50c9509d-22c7-4a22-a47d-8c48425ef4a7	https://www.inaturalist.org/observations/161801333	Animalia	Arthropoda	Insecta	Lepidoptera	Noctuidae	Euxoa	Euxoa auxiliaris		SPECIES	Euxoa auxiliaris Grote, 1873	Euxoa auxiliaris		US		New Mexico	PRESENT		28eb1a3f-1c15-4a95-931a-4af90ecb574d	35.214379	-106.722906	9.0						2023-05-15T08:02	15	5	2023	4301148	4301148	HUMAN_OBSERVATION	iNaturalist	Observations	161801333		patavet	2023-05-15T14:04:23	CC_BY_NC_4_0	patavet	patavet			2025-10-28T00:22:09.476Z	StillImage	COORDINATE_ROUNDED;CONTINENT_DERIVED_FROM_COORDINATES
4852681769	50c9509d-22c7-4a22-a47d-8c48425ef4a7	https://www.inaturalist.org/observations/163640437	Animalia	Arthropoda	Insecta	Lepidoptera	Noctuidae	Euxoa	Euxoa auxiliaris		SPECIES	Euxoa auxiliaris Grote, 1873	Euxoa auxiliaris		US		New Mexico	PRESENT		28eb1a3f-1c15-4a95-931a-4af90ecb574d	35.087595	-106.651736	11.0						2023-05-25T07:14:54	25	5	2023	4301148	4301148	HUMAN_OBSERVATION	iNaturalist	Observations	163640437		Verma Villegas	2023-05-25T13:18:15	CC_BY_NC_4_0	Verma Villegas	Verma Villegas			2025-10-27T22:09:31.389Z	StillImage	COORDINATE_ROUNDED;CONTINENT_DERIVED_FROM_COORDINATES
4852388262	50c9509d-22c7-4a22-a47d-8c48425ef4a7	https://www.inaturalist.org/observations/163267848	Animalia	Arthropoda	Insecta	Lepidoptera	Noctuidae	Euxoa	Euxoa auxiliaris		SPECIES	Euxoa auxiliaris Grote, 1873	Euxoa auxiliaris		US		New Mexico	PRESENT		28eb1a3f-1c15-4a95-931a-4af90ecb574d	35.117595	-106.548278							2023-05-22T23:38:43	22	5	2023	4301148	4301148	HUMAN_OBSERVATION	iNaturalist	Observations	163267848		Abhishek N. Prasad	2023-05-23T06:44:57	CC_BY_NC_4_0	Abhishek N. Prasad	Abhishek N. Prasad			2025-10-27T23:30:30.911Z	StillImage	COORDINATE_ROUNDED;CONTINENT_DERIVED_FROM_COORDINATES
4852338630	50c9509d-22c7-4a22-a47d-8c48425ef4a7	https://www.inaturalist.org/observations/163056427	Animalia	Arthropoda	Insecta	Lepidoptera	Noctuidae	Euxoa	Euxoa auxiliaris		SPECIES	Euxoa auxiliaris Grote, 1873	Euxoa auxiliaris		US		New Mexico	PRESENT		28eb1a3f-1c15-4a95-931a-4af90ecb574d	35.709501	-106.074475	4.0						2023-05-21T16:21	21	5	2023	4301148	4301148	HUMAN_OBSERVATION	iNaturalist	Observations	163056427		Laurens R Halsey	2023-05-22T03:33:36	CC_BY_NC_4_0	Laurens R Halsey	Laurens R Halsey			2025-10-27T23:30:29.447Z	StillImage	COORDINATE_ROUNDED;CONTINENT_DERIVED_FROM_COORDINATES
4596946201	50c9509d-22c7-4a22-a47d-8c48425ef4a7	https://www.inaturalist.org/observations/202165504	Animalia	Arthropoda	Insecta	Lepidoptera	Noctuidae	Euxoa	Euxoa auxiliaris		SPECIES	Euxoa auxiliaris Grote, 1873	Euxoa auxiliaris		US		Colorado	PRESENT		28eb1a3f-1c15-4a95-931a-4af90ecb574d	38.895787	-104.863397	35.0						2023-10-05T16:21:10	5	10	2023	4301148	4301148	HUMAN_OBSERVATION	iNaturalist	Observations	202165504		asteromorph	2024-03-12T15:10:31	CC_BY_NC_4_0	asteromorph	asteromorph			2025-10-28T00:31:15.247Z	StillImage	COORDINATE_ROUNDED;CONTINENT_DERIVED_FROM_COORDINATES
4522498857	50c9509d-22c7-4a22-a47d-8c48425ef4a7	https://www.inaturalist.org/observations/168441761	Animalia	Arthropoda	Insecta	Lepidoptera	Noctuidae	Euxoa	Euxoa auxiliaris		SPECIES	Euxoa auxiliaris Grote, 1873	Euxoa auxiliaris		CA		Alberta	PRESENT		28eb1a3f-1c15-4a95-931a-4af90ecb574d	52.384073	-113.808866							2023-06-19T17:50:14	19	6	2023	4301148	4301148	HUMAN_OBSERVATION	iNaturalist	Observations	168441761		Delano Lewis	2023-06-20T05:46:12	CC_BY_NC_4_0	Delano Lewis	Delano Lewis			2025-10-28T00:23:35.555Z	StillImage	COORDINATE_ROUNDED;CONTINENT_DERIVED_FROM_COORDINATES
4522492895	50c9509d-22c7-4a22-a47d-8c48425ef4a7	https://www.inaturalist.org/observations/167625091	Animalia	Arthropoda	Insecta	Lepidoptera	Noctuidae	Euxoa	Euxoa auxiliaris		SPECIES	Euxoa auxiliaris Grote, 1873	Euxoa auxiliaris		CA		Alberta	PRESENT		28eb1a3f-1c15-4a95-931a-4af90ecb574d	49.585151	-114.163755	365.0						2023-06-15T16:19	15	6	2023	4301148	4301148	HUMAN_OBSERVATION	iNaturalist	Observations	167625091		Stephen B. Brown	2023-06-16T00:54:48	CC_BY_NC_4_0	Stephen B. Brown	Stephen B. Brown			2025-10-27T23:31:26.041Z	StillImage	COORDINATE_ROUNDED;CONTINENT_DERIVED_FROM_COORDINATES
4522472961	50c9509d-22c7-4a22-a47d-8c48425ef4a7	https://www.inaturalist.org/observations/166708478	Animalia	Arthropoda	Insecta	Lepidoptera	Noctuidae	Euxoa	Euxoa auxiliaris		SPECIES	Euxoa auxiliaris Grote, 1873	Euxoa auxiliaris		CA		Alberta	PRESENT		28eb1a3f-1c15-4a95-931a-4af90ecb574d	50.759616	-111.481805	177.0						2023-06-08T08:33:26	8	6	2023	4301148	4301148	HUMAN_OBSERVATION	iNaturalist	Observations	166708478		djcooker	2023-06-11T00:56:44	CC0_1_0	djcooker	djcooker			2025-10-28T00:23:10.667Z	StillImage	COORDINATE_ROUNDED;CONTINENT_DERIVED_FROM_COORDINATES
4519007754	50c9509d-22c7-4a22-a47d-8c48425ef4a7	https://www.inaturalist.org/observations/164723222	Animalia	Arthropoda	Insecta	Lepidoptera	Noctuidae	Euxoa	Euxoa auxiliaris		SPECIES	Euxoa auxiliaris Grote, 1873	Euxoa auxiliaris		US		Montana	PRESENT		28eb1a3f-1c15-4a95-931a-4af90ecb574d	47.986684	-107.979785	6.0						2023-05-30T12:22:40	30	5	2023	4301148	4301148	HUMAN_OBSERVATION	iNaturalist	Observations	164723222		Monics Paredes	2023-05-31T00:05:34	CC_BY_4_0	Monics Paredes	Monics Paredes			2025-10-27T23:38:30.481Z	StillImage	COORDINATE_ROUNDED;CONTINENT_DERIVED_FROM_COORDINATES
4516229571	50c9509d-22c7-4a22-a47d-8c48425ef4a7	https://www.inaturalist.org/observations/197362565	Animalia	Arthropoda	Insecta	Lepidoptera	Noctuidae	Euxoa	Euxoa auxiliaris		SPECIES	Euxoa auxiliaris Grote, 1873	Euxoa auxiliaris		US		Colorado	PRESENT		28eb1a3f-1c15-4a95-931a-4af90ecb574d	40.407925	-105.097732	71.0						2023-09-28T08:16	28	9	2023	4301148	4301148	HUMAN_OBSERVATION	iNaturalist	Observations	197362565		Joshua Smith	2024-01-23T04:07:39	CC_BY_NC_4_0	Joshua Smith	Joshua Smith			2025-10-28T00:30:27.198Z	StillImage	COORDINATE_ROUNDED;CONTINENT_DERIVED_FROM_COORDINATES
4512280179	50c9509d-22c7-4a22-a47d-8c48425ef4a7	https://www.inaturalist.org/observations/196501059	Animalia	Arthropoda	Insecta	Lepidoptera	Noctuidae	Euxoa	Euxoa auxiliaris		SPECIES	Euxoa auxiliaris Grote, 1873	Euxoa auxiliaris		US		Nebraska	PRESENT		28eb1a3f-1c15-4a95-931a-4af90ecb574d	40.870398	-96.766073	27877.0						2023-05-01T19:53	1	5	2023	4301148	4301148	HUMAN_OBSERVATION	iNaturalist	Observations	196501059		thewxmoth	2024-01-13T11:39:21	CC_BY_NC_4_0	thewxmoth	thewxmoth			2025-10-27T23:44:21.465Z	StillImage	COORDINATE_ROUNDED;CONTINENT_DERIVED_FROM_COORDINATES
4512241533	50c9509d-22c7-4a22-a47d-8c48425ef4a7	https://www.inaturalist.org/observations/189530384	Animalia	Arthropoda	Insecta	Lepidoptera	Noctuidae	Euxoa	Euxoa auxiliaris		SPECIES	Euxoa auxiliaris Grote, 1873	Euxoa auxiliaris		US		Texas	PRESENT		28eb1a3f-1c15-4a95-931a-4af90ecb574d	31.269486	-98.622372	49.0						2023-10-21T20:19	21	10	2023	4301148	4301148	HUMAN_OBSERVATION	iNaturalist	Observations	189530384		Annika Lindqvist	2023-10-31T02:11:42	CC_BY_4_0	Annika Lindqvist	Annika Lindqvist			2025-10-27T22:24:31.696Z	StillImage	CONTINENT_DERIVED_FROM_COORDINATES
4512241472	50c9509d-22c7-4a22-a47d-8c48425ef4a7	https://www.inaturalist.org/observations/188369084	Animalia	Arthropoda	Insecta	Lepidoptera	Noctuidae	Euxoa	Euxoa auxiliaris		SPECIES	Euxoa auxiliaris Grote, 1873	Euxoa auxiliaris		US		Texas	PRESENT		28eb1a3f-1c15-4a95-931a-4af90ecb574d	30.937448	-97.610653	29304.0						2023-10-18T20:47:12	18	10	2023	4301148	4301148	HUMAN_OBSERVATION	iNaturalist	Observations	188369084		Kristie Thompson	2023-10-21T12:09:19	CC_BY_NC_4_0	Kristie Thompson	Kristie Thompson			2025-10-27T23:35:34.567Z	StillImage	COORDINATE_ROUNDED;CONTINENT_DERIVED_FROM_COORDINATES
4512222457	50c9509d-22c7-4a22-a47d-8c48425ef4a7	https://www.inaturalist.org/observations/189176670	Animalia	Arthropoda	Insecta	Lepidoptera	Noctuidae	Euxoa	Euxoa auxiliaris		SPECIES	Euxoa auxiliaris Grote, 1873	Euxoa auxiliaris		US		California	PRESENT		28eb1a3f-1c15-4a95-931a-4af90ecb574d	36.353134	-121.20285							2023-10-25T16:27:57	25	10	2023	4301148	4301148	HUMAN_OBSERVATION	iNaturalist	Observations	189176670		Royce Cumming	2023-10-28T00:58:16	CC_BY_NC_4_0	Royce Cumming	Royce Cumming			2025-10-27T22:24:45.468Z	StillImage	COORDINATE_ROUNDED;CONTINENT_DERIVED_FROM_COORDINATES
4512222339	50c9509d-22c7-4a22-a47d-8c48425ef4a7	https://www.inaturalist.org/observations/186819420	Animalia	Arthropoda	Insecta	Lepidoptera	Noctuidae	Euxoa	Euxoa auxiliaris		SPECIES	Euxoa auxiliaris Grote, 1873	Euxoa auxiliaris		US		Texas	PRESENT		28eb1a3f-1c15-4a95-931a-4af90ecb574d	32.723441	-97.108914							2023-10-09T01:33:08	9	10	2023	4301148	4301148	HUMAN_OBSERVATION	iNaturalist	Observations	186819420		bendire44john	2023-10-09T06:35:27	CC_BY_NC_4_0	bendire44john	bendire44john			2025-10-27T22:16:29.548Z	StillImage	COORDINATE_ROUNDED;CONTINENT_DERIVED_FROM_COORDINATES
4512211657	50c9509d-22c7-4a22-a47d-8c48425ef4a7	https://www.inaturalist.org/observations/164493013	Animalia	Arthropoda	Insecta	Lepidoptera	Noctuidae	Euxoa	Euxoa auxiliaris		SPECIES	Euxoa auxiliaris Grote, 1873	Euxoa auxiliaris		US		Kansas	PRESENT		28eb1a3f-1c15-4a95-931a-4af90ecb574d	39.192444	-96.583733	57.0						2023-05-29T14:55:39	29	5	2023	4301148	4301148	HUMAN_OBSERVATION	iNaturalist	Observations	164493013		cecropia	2023-05-29T19:57:09	CC_BY_NC_4_0	cecropia	cecropia			2025-10-28T00:22:41.605Z	StillImage	COORDINATE_ROUNDED;CONTINENT_DERIVED_FROM_COORDINATES
4512211649	50c9509d-22c7-4a22-a47d-8c48425ef4a7	https://www.inaturalist.org/observations/164297033	Animalia	Arthropoda	Insecta	Lepidoptera	Noctuidae	Euxoa	Euxoa auxiliaris		SPECIES	Euxoa auxiliaris Grote, 1873	Euxoa auxiliaris		US		Kansas	PRESENT		28eb1a3f-1c15-4a95-931a-4af90ecb574d	39.020006	-95.758163	4.0						2023-05-17T06:05:13	17	5	2023	4301148	4301148	HUMAN_OBSERVATION	iNaturalist	Observations	164297033		crxmorgan	2023-05-28T21:24:51	CC_BY_NC_4_0	crxmorgan	crxmorgan			2025-10-27T22:09:41.498Z	StillImage	COORDINATE_ROUNDED;CONTINENT_DERIVED_FROM_COORDINATES
4512189284	50c9509d-22c7-4a22-a47d-8c48425ef4a7	https://www.inaturalist.org/observations/187823908	Animalia	Arthropoda	Insecta	Lepidoptera	Noctuidae	Euxoa	Euxoa auxiliaris		SPECIES	Euxoa auxiliaris Grote, 1873	Euxoa auxiliaris		US		Kansas	PRESENT		28eb1a3f-1c15-4a95-931a-4af90ecb574d	39.043598	-95.708342	8.0						2023-10-16T15:58:03	16	10	2023	4301148	4301148	HUMAN_OBSERVATION	iNaturalist	Observations	187823908		Robert Hoard	2023-10-16T20:58:27	CC0_1_0	Robert Hoard	Robert Hoard			2025-10-27T22:23:31.667Z	StillImage	COORDINATE_ROUNDED;CONTINENT_DERIVED_FROM_COORDINATES
4512183291	50c9509d-22c7-4a22-a47d-8c48425ef4a7	https://www.inaturalist.org/observations/187746119	Animalia	Arthropoda	Insecta	Lepidoptera	Noctuidae	Euxoa	Euxoa auxiliaris		SPECIES	Euxoa auxiliaris Grote, 1873	Euxoa auxiliaris		US		California	PRESENT		28eb1a3f-1c15-4a95-931a-4af90ecb574d	36.890482	-121.831163							2023-10-14T20:27	14	10	2023	4301148	4301148	HUMAN_OBSERVATION	iNaturalist	Observations	187746119		Cricket Raspet	2023-10-16T05:08:05	CC_BY_4_0	Cricket Raspet	Cricket Raspet			2025-10-27T23:35:28.956Z	StillImage	COORDINATE_ROUNDED;CONTINENT_DERIVED_FROM_COORDINATES
4512172779	50c9509d-22c7-4a22-a47d-8c48425ef4a7	https://www.inaturalist.org/observations/167820710	Animalia	Arthropoda	Insecta	Lepidoptera	Noctuidae	Euxoa	Euxoa auxiliaris		SPECIES	Euxoa auxiliaris Grote, 1873	Euxoa auxiliaris		US		Nebraska	PRESENT		28eb1a3f-1c15-4a95-931a-4af90ecb574d	40.987545	-96.226547	6.0						2023-06-06T08:16:03	6	6	2023	4301148	4301148	HUMAN_OBSERVATION	iNaturalist	Observations	167820710		spiderviking	2023-06-17T04:12:42	CC_BY_NC_4_0	spiderviking	spiderviking			2025-10-27T23:31:32.121Z	StillImage	COORDINATE_ROUNDED;CONTINENT_DERIVED_FROM_COORDINATES
4512172682	50c9509d-22c7-4a22-a47d-8c48425ef4a7	https://www.inaturalist.org/observations/164879940	Animalia	Arthropoda	Insecta	Lepidoptera	Noctuidae	Euxoa	Euxoa auxiliaris		SPECIES	Euxoa auxiliaris Grote, 1873	Euxoa auxiliaris		US		Nebraska	PRESENT		28eb1a3f-1c15-4a95-931a-4af90ecb574d	42.823605	-103.005887	192.0						2023-05-22T09:45	22	5	2023	4301148	4301148	HUMAN_OBSERVATION	iNaturalist	Observations	164879940		Steven Mlodinow	2023-05-31T21:52:12	CC_BY_NC_4_0	Steven Mlodinow	Steven Mlodinow			2025-10-27T23:30:52.565Z	StillImage	COORDINATE_ROUNDED;CONTINENT_DERIVED_FROM_COORDINATES
4512165829	50c9509d-22c7-4a22-a47d-8c48425ef4a7	https://www.inaturalist.org/observations/162595658	Animalia	Arthropoda	Insecta	Lepidoptera	Noctuidae	Euxoa	Euxoa auxiliaris		SPECIES	Euxoa auxiliaris Grote, 1873	Euxoa auxiliaris		US		Kansas	PRESENT		28eb1a3f-1c15-4a95-931a-4af90ecb574d	38.112836	-97.855422	6.0						2023-05-19T20:21:34	19	5	2023	4301148	4301148	HUMAN_OBSERVATION	iNaturalist	Observations	162595658		katystafford	2023-05-20T03:17:59	CC_BY_NC_4_0	katystafford	katystafford			2025-10-27T23:30:23.272Z	StillImage	COORDINATE_ROUNDED;CONTINENT_DERIVED_FROM_COORDINATES
4512164713	50c9509d-22c7-4a22-a47d-8c48425ef4a7	https://www.inaturalist.org/observations/162427633	Animalia	Arthropoda	Insecta	Lepidoptera	Noctuidae	Euxoa	Euxoa auxiliaris		SPECIES	Euxoa auxiliaris Grote, 1873	Euxoa auxiliaris		US		Oklahoma	PRESENT		28eb1a3f-1c15-4a95-931a-4af90ecb574d	35.816796	-97.392812	4.0						2023-05-19T00:05:04	19	5	2023	4301148	4301148	HUMAN_OBSERVATION	iNaturalist	Observations	162427633		Stephen	2023-05-19T05:09:01	CC_BY_NC_4_0	Stephen	Stephen			2025-10-28T00:22:11.541Z	StillImage	COORDINATE_ROUNDED;CONTINENT_DERIVED_FROM_COORDINATES
4512158785	50c9509d-22c7-4a22-a47d-8c48425ef4a7	https://www.inaturalist.org/observations/162609982	Animalia	Arthropoda	Insecta	Lepidoptera	Noctuidae	Euxoa	Euxoa auxiliaris		SPECIES	Euxoa auxiliaris Grote, 1873	Euxoa auxiliaris		US		Oklahoma	PRESENT		28eb1a3f-1c15-4a95-931a-4af90ecb574d	35.413058	-97.787347	28677.0						2023-05-19T22:28	19	5	2023	4301148	4301148	HUMAN_OBSERVATION	iNaturalist	Observations	162609982		jbohay	2023-05-20T06:14:40	CC_BY_NC_4_0	jbohay	jbohay			2025-10-27T23:30:25.291Z	StillImage	COORDINATE_ROUNDED;CONTINENT_DERIVED_FROM_COORDINATES
4512151735	50c9509d-22c7-4a22-a47d-8c48425ef4a7	https://www.inaturalist.org/observations/165606523	Animalia	Arthropoda	Insecta	Lepidoptera	Noctuidae	Euxoa	Euxoa auxiliaris		SPECIES	Euxoa auxiliaris Grote, 1873	Euxoa auxiliaris		US		Kansas	PRESENT		28eb1a3f-1c15-4a95-931a-4af90ecb574d	38.432269	-96.558337							2023-05-11T10:28	11	5	2023	4301148	4301148	HUMAN_OBSERVATION	iNaturalist	Observations	165606523		Chia aka Cory Chiappone	2023-06-04T22:04:18	CC_BY_NC_4_0	Chia aka Cory Chiappone	Chia aka Cory Chiappone			2025-10-27T22:10:06.956Z	StillImage	COORDINATE_ROUNDED;CONTINENT_DERIVED_FROM_COORDINATES
4512149406	50c9509d-22c7-4a22-a47d-8c48425ef4a7	https://www.inaturalist.org/observations/189571960	Animalia	Arthropoda	Insecta	Lepidoptera	Noctuidae	Euxoa	Euxoa auxiliaris		SPECIES	Euxoa auxiliaris Grote, 1873	Euxoa auxiliaris		US		California	PRESENT		28eb1a3f-1c15-4a95-931a-4af90ecb574d	36.353267	-121.201485							2023-10-25T00:49:51	25	10	2023	4301148	4301148	HUMAN_OBSERVATION	iNaturalist	Observations	189571960		Royce Cumming	2023-10-31T15:00:39	CC_BY_NC_4_0	Royce Cumming	Royce Cumming			2025-10-27T23:35:46.170Z	StillImage	COORDINATE_ROUNDED;CONTINENT_DERIVED_FROM_COORDINATES
4512146610	50c9509d-22c7-4a22-a47d-8c48425ef4a7	https://www.inaturalist.org/observations/188814376	Animalia	Arthropoda	Insecta	Lepidoptera	Noctuidae	Euxoa	Euxoa auxiliaris		SPECIES	Euxoa auxiliaris Grote, 1873	Euxoa auxiliaris		US		Utah	PRESENT		28eb1a3f-1c15-4a95-931a-4af90ecb574d	38.327342	-111.36534	22.0						2023-10-16T19:24	16	10	2023	4301148	4301148	HUMAN_OBSERVATION	iNaturalist	Observations	188814376		Sue Carnahan	2023-10-24T19:22:31	CC_BY_4_0	Sue Carnahan	Sue Carnahan			2025-10-28T00:28:45.430Z	StillImage	COORDINATE_ROUNDED;CONTINENT_DERIVED_FROM_COORDINATES
4512145822	50c9509d-22c7-4a22-a47d-8c48425ef4a7	https://www.inaturalist.org/observations/162897596	Animalia	Arthropoda	Insecta	Lepidoptera	Noctuidae	Euxoa	Euxoa auxiliaris		SPECIES	Euxoa auxiliaris Grote, 1873	Euxoa auxiliaris		US		Oklahoma	PRESENT		28eb1a3f-1c15-4a95-931a-4af90ecb574d	36.43788	-99.419547	4.0						2023-05-20T22:08:53	20	5	2023	4301148	4301148	HUMAN_OBSERVATION	iNaturalist	Observations	162897596		Calinsdad	2023-05-21T15:05:07	CC0_1_0	Calinsdad	Calinsdad			2025-10-27T23:38:08.354Z	StillImage	COORDINATE_ROUNDED;CONTINENT_DERIVED_FROM_COORDINATES
4512145779	50c9509d-22c7-4a22-a47d-8c48425ef4a7	https://www.inaturalist.org/observations/161007796	Animalia	Arthropoda	Insecta	Lepidoptera	Noctuidae	Euxoa	Euxoa auxiliaris		SPECIES	Euxoa auxiliaris Grote, 1873	Euxoa auxiliaris		US		Kansas	PRESENT		28eb1a3f-1c15-4a95-931a-4af90ecb574d	39.246749	-96.59346	31.0						2023-05-10T19:55	10	5	2023	4301148	4301148	HUMAN_OBSERVATION	iNaturalist	Observations	161007796		Anthony Zukoff	2023-05-11T03:37:00	CC_BY_NC_4_0	nette57	nette57			2025-10-27T22:08:48.030Z	StillImage	COORDINATE_ROUNDED;CONTINENT_DERIVED_FROM_COORDINATES
4512144792	50c9509d-22c7-4a22-a47d-8c48425ef4a7	https://www.inaturalist.org/observations/162777125	Animalia	Arthropoda	Insecta	Lepidoptera	Noctuidae	Euxoa	Euxoa auxiliaris		SPECIES	Euxoa auxiliaris Grote, 1873	Euxoa auxiliaris		US		Nebraska	PRESENT		28eb1a3f-1c15-4a95-931a-4af90ecb574d	40.735195	-96.499574	27908.0						2023-05-20T18:39:20	20	5	2023	4301148	4301148	HUMAN_OBSERVATION	iNaturalist	Observations	162777125		tiller	2023-05-20T23:40:27	CC_BY_NC_4_0	tiller	tiller			2025-10-28T00:22:16.731Z	StillImage	COORDINATE_ROUNDED;CONTINENT_DERIVED_FROM_COORDINATES
4512143799	50c9509d-22c7-4a22-a47d-8c48425ef4a7	https://www.inaturalist.org/observations/164343285	Animalia	Arthropoda	Insecta	Lepidoptera	Noctuidae	Euxoa	Euxoa auxiliaris		SPECIES	Euxoa auxiliaris Grote, 1873	Euxoa auxiliaris		US		Oklahoma	PRESENT		28eb1a3f-1c15-4a95-931a-4af90ecb574d	36.793634	-102.621621	57557.0						2023-05-24T19:38	24	5	2023	4301148	4301148	HUMAN_OBSERVATION	iNaturalist	Observations	164343285		George Zimmer	2023-05-29T02:08:32	CC_BY_NC_4_0	George Zimmer	George Zimmer			2025-10-28T00:22:37.826Z	StillImage	COORDINATE_ROUNDED;CONTINENT_DERIVED_FROM_COORDINATES
4512143791	50c9509d-22c7-4a22-a47d-8c48425ef4a7	https://www.inaturalist.org/observations/164033885	Animalia	Arthropoda	Insecta	Lepidoptera	Noctuidae	Euxoa	Euxoa auxiliaris		SPECIES	Euxoa auxiliaris Grote, 1873	Euxoa auxiliaris		US		Kansas	PRESENT		28eb1a3f-1c15-4a95-931a-4af90ecb574d	39.207808	-96.608895	35.0						2023-05-27T12:45:36	27	5	2023	4301148	4301148	HUMAN_OBSERVATION	iNaturalist	Observations	164033885		avidparmesan	2023-05-28T19:57:06	CC_BY_NC_4_0	avidparmesan	avidparmesan			2025-10-27T23:38:38.283Z	StillImage	COORDINATE_ROUNDED;CONTINENT_DERIVED_FROM_COORDINATES
4512130737	50c9509d-22c7-4a22-a47d-8c48425ef4a7	https://www.inaturalist.org/observations/161057196	Animalia	Arthropoda	Insecta	Lepidoptera	Noctuidae	Euxoa	Euxoa auxiliaris		SPECIES	Euxoa auxiliaris Grote, 1873	Euxoa auxiliaris		US		Nebraska	PRESENT		28eb1a3f-1c15-4a95-931a-4af90ecb574d	40.973458	-96.603409	27877.0						2023-05-11T06:31:02	11	5	2023	4301148	4301148	HUMAN_OBSERVATION	iNaturalist	Observations	161057196		hemiptamantis	2023-05-11T11:31:17	CC_BY_NC_4_0	hemiptamantis	hemiptamantis			2025-10-28T00:21:52.745Z	StillImage	COORDINATE_ROUNDED;CONTINENT_DERIVED_FROM_COORDINATES
4512126605	50c9509d-22c7-4a22-a47d-8c48425ef4a7	https://www.inaturalist.org/observations/189018446	Animalia	Arthropoda	Insecta	Lepidoptera	Noctuidae	Euxoa	Euxoa auxiliaris		SPECIES	Euxoa auxiliaris Grote, 1873	Euxoa auxiliaris		US		Arizona	PRESENT		28eb1a3f-1c15-4a95-931a-4af90ecb574d	35.113865	-111.534147	19.0						2023-10-21T19:43	21	10	2023	4301148	4301148	HUMAN_OBSERVATION	iNaturalist	Observations	189018446		Sue Carnahan	2023-10-26T15:54:49	CC_BY_4_0	Sue Carnahan	Sue Carnahan			2025-10-28T00:28:44.007Z	StillImage	COORDINATE_ROUNDED;CONTINENT_DERIVED_FROM_COORDINATES
4512121499	50c9509d-22c7-4a22-a47d-8c48425ef4a7	https://www.inaturalist.org/observations/187746075	Animalia	Arthropoda	Insecta	Lepidoptera	Noctuidae	Euxoa	Euxoa auxiliaris		SPECIES	Euxoa auxiliaris Grote, 1873	Euxoa auxiliaris		US		California	PRESENT		28eb1a3f-1c15-4a95-931a-4af90ecb574d	36.890483	-121.831368							2023-10-14T18:35	14	10	2023	4301148	4301148	HUMAN_OBSERVATION	iNaturalist	Observations	187746075		Cricket Raspet	2023-10-16T05:07:56	CC_BY_4_0	Cricket Raspet	Cricket Raspet			2025-10-28T00:28:24.622Z	StillImage	COORDINATE_ROUNDED;CONTINENT_DERIVED_FROM_COORDINATES
4512120518	50c9509d-22c7-4a22-a47d-8c48425ef4a7	https://www.inaturalist.org/observations/193878982	Animalia	Arthropoda	Insecta	Lepidoptera	Noctuidae	Euxoa	Euxoa auxiliaris		SPECIES	Euxoa auxiliaris Grote, 1873	Euxoa auxiliaris		US		Texas	PRESENT		28eb1a3f-1c15-4a95-931a-4af90ecb574d	30.824616	-97.604361	3987.0						2023-10-18T20:04	18	10	2023	4301148	4301148	HUMAN_OBSERVATION	iNaturalist	Observations	193878982		Jack Cochran	2023-12-30T20:57:25	CC_BY_NC_4_0	Angela	Angela			2025-10-27T22:18:34.977Z	StillImage	COORDINATE_ROUNDED;CONTINENT_DERIVED_FROM_COORDINATES
4512119755	50c9509d-22c7-4a22-a47d-8c48425ef4a7	https://www.inaturalist.org/observations/163818783	Animalia	Arthropoda	Insecta	Lepidoptera	Noctuidae	Euxoa	Euxoa auxiliaris		SPECIES	Euxoa auxiliaris Grote, 1873	Euxoa auxiliaris		US		Oklahoma	PRESENT		28eb1a3f-1c15-4a95-931a-4af90ecb574d	36.748162	-95.975975	61.0						2023-05-26T09:49:11	26	5	2023	4301148	4301148	HUMAN_OBSERVATION	iNaturalist	Observations	163818783		Cedar	2023-05-26T14:51:57	CC_BY_NC_4_0	Cedar	Cedar			2025-10-27T23:30:38.762Z	StillImage	COORDINATE_ROUNDED;CONTINENT_DERIVED_FROM_COORDINATES
4512097935	50c9509d-22c7-4a22-a47d-8c48425ef4a7	https://www.inaturalist.org/observations/193300207	Animalia	Arthropoda	Insecta	Lepidoptera	Noctuidae	Euxoa	Euxoa auxiliaris		SPECIES	Euxoa auxiliaris Grote, 1873	Euxoa auxiliaris		US		California	PRESENT		28eb1a3f-1c15-4a95-931a-4af90ecb574d	36.685208	-121.276946	3581.0						2023-11-05T07:05	5	11	2023	4301148	4301148	HUMAN_OBSERVATION	iNaturalist	Observations	193300207		Paul G. Johnson	2023-12-07T14:50:23	CC_BY_NC_4_0	Paul G. Johnson	Paul G. Johnson			2025-10-27T22:18:23.368Z	StillImage	COORDINATE_ROUNDED;CONTINENT_DERIVED_FROM_COORDINATES
4512096876	50c9509d-22c7-4a22-a47d-8c48425ef4a7	https://www.inaturalist.org/observations/163898927	Animalia	Arthropoda	Insecta	Lepidoptera	Noctuidae	Euxoa	Euxoa auxiliaris		SPECIES	Euxoa auxiliaris Grote, 1873	Euxoa auxiliaris		US		Nebraska	PRESENT		28eb1a3f-1c15-4a95-931a-4af90ecb574d	40.811743	-96.704455	35.0						2023-05-26T18:30:32	26	5	2023	4301148	4301148	HUMAN_OBSERVATION	iNaturalist	Observations	163898927		hemiptamantis	2023-05-26T23:30:50	CC_BY_NC_4_0	hemiptamantis	hemiptamantis			2025-10-27T22:09:58.069Z	StillImage	COORDINATE_ROUNDED;CONTINENT_DERIVED_FROM_COORDINATES
4512091527	50c9509d-22c7-4a22-a47d-8c48425ef4a7	https://www.inaturalist.org/observations/193878921	Animalia	Arthropoda	Insecta	Lepidoptera	Noctuidae	Euxoa	Euxoa auxiliaris		SPECIES	Euxoa auxiliaris Grote, 1873	Euxoa auxiliaris		US		Texas	PRESENT		28eb1a3f-1c15-4a95-931a-4af90ecb574d	30.824616	-97.604361	3987.0						2023-10-18T20:13	18	10	2023	4301148	4301148	HUMAN_OBSERVATION	iNaturalist	Observations	193878921		Jack Cochran	2023-12-30T21:05:43	CC_BY_NC_4_0	Angela	Angela			2025-10-28T00:29:41.382Z	StillImage	COORDINATE_ROUNDED;CONTINENT_DERIVED_FROM_COORDINATES
4512087785	50c9509d-22c7-4a22-a47d-8c48425ef4a7	https://www.inaturalist.org/observations/162934845	Animalia	Arthropoda	Insecta	Lepidoptera	Noctuidae	Euxoa	Euxoa auxiliaris		SPECIES	Euxoa auxiliaris Grote, 1873	Euxoa auxiliaris		US		Kansas	PRESENT		28eb1a3f-1c15-4a95-931a-4af90ecb574d	39.185773	-96.574502							2023-05-20T21:41:50	20	5	2023	4301148	4301148	HUMAN_OBSERVATION	iNaturalist	Observations	162934845		unlikelywind	2023-05-22T17:34:30	CC_BY_NC_4_0	biancs	biancs			2025-10-27T22:09:18.329Z	StillImage	COORDINATE_ROUNDED;CONTINENT_DERIVED_FROM_COORDINATES
4512086412	50c9509d-22c7-4a22-a47d-8c48425ef4a7	https://www.inaturalist.org/observations/193267402	Animalia	Arthropoda	Insecta	Lepidoptera	Noctuidae	Euxoa	Euxoa auxiliaris		SPECIES	Euxoa auxiliaris Grote, 1873	Euxoa auxiliaris		US		California	PRESENT		28eb1a3f-1c15-4a95-931a-4af90ecb574d	33.952064	-117.263953	4.0						2023-12-04T21:16	4	12	2023	4301148	4301148	HUMAN_OBSERVATION	iNaturalist	Observations	193267402		David Rankin	2023-12-07T03:32:43	CC_BY_NC_4_0	David Rankin	David Rankin			2025-10-28T00:29:34.220Z	StillImage	COORDINATE_ROUNDED;CONTINENT_DERIVED_FROM_COORDINATES
4512083961	50c9509d-22c7-4a22-a47d-8c48425ef4a7	https://www.inaturalist.org/observations/193300209	Animalia	Arthropoda	Insecta	Lepidoptera	Noctuidae	Euxoa	Euxoa auxiliaris		SPECIES	Euxoa auxiliaris Grote, 1873	Euxoa auxiliaris		US		California	PRESENT		28eb1a3f-1c15-4a95-931a-4af90ecb574d	36.685208	-121.276946	3581.0						2023-11-04T20:37	4	11	2023	4301148	4301148	HUMAN_OBSERVATION	iNaturalist	Observations	193300209		Paul G. Johnson	2023-12-07T14:50:23	CC_BY_NC_4_0	Paul G. Johnson	Paul G. Johnson			2025-10-27T22:18:23.016Z	StillImage	COORDINATE_ROUNDED;CONTINENT_DERIVED_FROM_COORDINATES
4512082903	50c9509d-22c7-4a22-a47d-8c48425ef4a7	https://www.inaturalist.org/observations/165268295	Animalia	Arthropoda	Insecta	Lepidoptera	Noctuidae	Euxoa	Euxoa auxiliaris		SPECIES	Euxoa auxiliaris Grote, 1873	Euxoa auxiliaris		US		Kansas	PRESENT		28eb1a3f-1c15-4a95-931a-4af90ecb574d	38.879273	-97.592717	4.0						2023-06-03T02:49:43	3	6	2023	4301148	4301148	HUMAN_OBSERVATION	iNaturalist	Observations	165268295		Joe	2023-07-08T14:34:57	CC_BY_NC_4_0	Joe	Joe			2025-10-27T22:09:54.412Z	StillImage	COORDINATE_ROUNDED;CONTINENT_DERIVED_FROM_COORDINATES
4512081853	50c9509d-22c7-4a22-a47d-8c48425ef4a7	https://www.inaturalist.org/observations/169023967	Animalia	Arthropoda	Insecta	Lepidoptera	Noctuidae	Euxoa	Euxoa auxiliaris		SPECIES	Euxoa auxiliaris Grote, 1873	Euxoa auxiliaris		US		Kansas	PRESENT		28eb1a3f-1c15-4a95-931a-4af90ecb574d	39.19277	-96.597563	3.0						2023-06-23T11:57:38	23	6	2023	4301148	4301148	HUMAN_OBSERVATION	iNaturalist	Observations	169023967		Jacob Riggs	2023-06-23T16:58:23	CC_BY_NC_4_0	Jacob Riggs	Jacob Riggs			2025-10-27T22:11:04.370Z	StillImage	COORDINATE_ROUNDED;CONTINENT_DERIVED_FROM_COORDINATES
4512079779	50c9509d-22c7-4a22-a47d-8c48425ef4a7	https://www.inaturalist.org/observations/160220048	Animalia	Arthropoda	Insecta	Lepidoptera	Noctuidae	Euxoa	Euxoa auxiliaris		SPECIES	Euxoa auxiliaris Grote, 1873	Euxoa auxiliaris		US		Kansas	PRESENT		28eb1a3f-1c15-4a95-931a-4af90ecb574d	38.075585	-97.342604	24.0						2023-05-04T08:15:13	4	5	2023	4301148	4301148	HUMAN_OBSERVATION	iNaturalist	Observations	160220048		jeanw	2023-05-07T02:14:08	CC_BY_NC_4_0	jeanw	jeanw			2025-10-27T22:08:36.362Z	StillImage	COORDINATE_ROUNDED;CONTINENT_DERIVED_FROM_COORDINATES
4512078725	50c9509d-22c7-4a22-a47d-8c48425ef4a7	https://www.inaturalist.org/observations/160495110	Animalia	Arthropoda	Insecta	Lepidoptera	Noctuidae	Euxoa	Euxoa auxiliaris		SPECIES	Euxoa auxiliaris Grote, 1873	Euxoa auxiliaris		US		Kansas	PRESENT		28eb1a3f-1c15-4a95-931a-4af90ecb574d	39.668376	-95.512562							2023-05-07T22:51:43	7	5	2023	4301148	4301148	HUMAN_OBSERVATION	iNaturalist	Observations	160495110		Andrew Mitchell	2023-05-08T03:55:50	CC_BY_NC_4_0	Andrew Mitchell	Andrew Mitchell			2025-10-27T22:14:45.898Z	StillImage	CONTINENT_DERIVED_FROM_COORDINATES
4512078194	50c9509d-22c7-4a22-a47d-8c48425ef4a7	https://www.inaturalist.org/observations/193300206	Animalia	Arthropoda	Insecta	Lepidoptera	Noctuidae	Euxoa	Euxoa auxiliaris		SPECIES	Euxoa auxiliaris Grote, 1873	Euxoa auxiliaris		US		California	PRESENT		28eb1a3f-1c15-4a95-931a-4af90ecb574d	36.685208	-121.276946	3581.0						2023-11-05T06:49	5	11	2023	4301148	4301148	HUMAN_OBSERVATION	iNaturalist	Observations	193300206		Paul G. Johnson	2023-12-07T14:50:23	CC_BY_NC_4_0	Paul G. Johnson	Paul G. Johnson			2025-10-27T22:18:22.433Z	StillImage	COORDINATE_ROUNDED;CONTINENT_DERIVED_FROM_COORDINATES
4512071933	50c9509d-22c7-4a22-a47d-8c48425ef4a7	https://www.inaturalist.org/observations/165727616	Animalia	Arthropoda	Insecta	Lepidoptera	Noctuidae	Euxoa	Euxoa auxiliaris		SPECIES	Euxoa auxiliaris Grote, 1873	Euxoa auxiliaris		US		Kansas	PRESENT		28eb1a3f-1c15-4a95-931a-4af90ecb574d	39.185937	-96.580597	56.0						2023-06-05T09:55:48	5	6	2023	4301148	4301148	HUMAN_OBSERVATION	iNaturalist	Observations	165727616		Jacob Riggs	2023-06-05T15:05:55	CC_BY_NC_4_0	Jacob Riggs	Jacob Riggs			2025-10-27T22:10:05.367Z	StillImage	COORDINATE_ROUNDED;CONTINENT_DERIVED_FROM_COORDINATES
4512071847	50c9509d-22c7-4a22-a47d-8c48425ef4a7	https://www.inaturalist.org/observations/162674412	Animalia	Arthropoda	Insecta	Lepidoptera	Noctuidae	Euxoa	Euxoa auxiliaris		SPECIES	Euxoa auxiliaris Grote, 1873	Euxoa auxiliaris		US		Nebraska	PRESENT		28eb1a3f-1c15-4a95-931a-4af90ecb574d	41.17867	-95.800419	2754014.0						2023-05-20T09:49:56	20	5	2023	4301148	4301148	HUMAN_OBSERVATION	iNaturalist	Observations	162674412		Louis	2023-05-20T15:05:27	CC_BY_NC_4_0	Louis	Louis			2025-10-27T23:30:24.012Z		COORDINATE_ROUNDED;CONTINENT_DERIVED_FROM_COORDINATES
4512068832	50c9509d-22c7-4a22-a47d-8c48425ef4a7	https://www.inaturalist.org/observations/162662717	Animalia	Arthropoda	Insecta	Lepidoptera	Noctuidae	Euxoa	Euxoa auxiliaris		SPECIES	Euxoa auxiliaris Grote, 1873	Euxoa auxiliaris		US		Oklahoma	PRESENT		28eb1a3f-1c15-4a95-931a-4af90ecb574d	36.437803	-99.419705	7.0						2023-05-20T09:07:37	20	5	2023	4301148	4301148	HUMAN_OBSERVATION	iNaturalist	Observations	162662717		Calinsdad	2023-05-20T14:08:05	CC0_1_0	Calinsdad	Calinsdad			2025-10-27T22:16:21.590Z	StillImage	COORDINATE_ROUNDED;CONTINENT_DERIVED_FROM_COORDINATES
4512068826	50c9509d-22c7-4a22-a47d-8c48425ef4a7	https://www.inaturalist.org/observations/162247947	Animalia	Arthropoda	Insecta	Lepidoptera	Noctuidae	Euxoa	Euxoa auxiliaris		SPECIES	Euxoa auxiliaris Grote, 1873	Euxoa auxiliaris		US		Oklahoma	PRESENT		28eb1a3f-1c15-4a95-931a-4af90ecb574d	35.216922	-97.466592	3.0						2023-05-17T22:31:19	17	5	2023	4301148	4301148	HUMAN_OBSERVATION	iNaturalist	Observations	162247947		Zach DuFran	2023-05-18T04:18:06	CC_BY_NC_4_0	Zach DuFran	Zach DuFran			2025-10-27T23:30:18.577Z	StillImage	COORDINATE_ROUNDED;CONTINENT_DERIVED_FROM_COORDINATES
4512061049	50c9509d-22c7-4a22-a47d-8c48425ef4a7	https://www.inaturalist.org/observations/190451971	Animalia	Arthropoda	Insecta	Lepidoptera	Noctuidae	Euxoa	Euxoa auxiliaris		SPECIES	Euxoa auxiliaris Grote, 1873	Euxoa auxiliaris		US		California	PRESENT		28eb1a3f-1c15-4a95-931a-4af90ecb574d	33.95209	-117.264019	16.0						2023-11-07T19:28	7	11	2023	4301148	4301148	HUMAN_OBSERVATION	iNaturalist	Observations	190451971		David Rankin	2023-11-09T00:38:24	CC_BY_NC_4_0	David Rankin	David Rankin			2025-10-28T00:29:00.367Z	StillImage	COORDINATE_ROUNDED;CONTINENT_DERIVED_FROM_COORDINATES
4512059806	50c9509d-22c7-4a22-a47d-8c48425ef4a7	https://www.inaturalist.org/observations/164883874	Animalia	Arthropoda	Insecta	Lepidoptera	Noctuidae	Euxoa	Euxoa auxiliaris		SPECIES	Euxoa auxiliaris Grote, 1873	Euxoa auxiliaris		US		Nebraska	PRESENT		28eb1a3f-1c15-4a95-931a-4af90ecb574d	42.869153	-100.562454	274.0						2023-05-22T17:18	22	5	2023	4301148	4301148	HUMAN_OBSERVATION	iNaturalist	Observations	164883874		Steven Mlodinow	2023-05-31T22:20:42	CC_BY_NC_4_0	Steven Mlodinow	Steven Mlodinow			2025-10-27T22:09:51.563Z	StillImage	COORDINATE_ROUNDED;CONTINENT_DERIVED_FROM_COORDINATES
4512058765	50c9509d-22c7-4a22-a47d-8c48425ef4a7	https://www.inaturalist.org/observations/168019180	Animalia	Arthropoda	Insecta	Lepidoptera	Noctuidae	Euxoa	Euxoa auxiliaris		SPECIES	Euxoa auxiliaris Grote, 1873	Euxoa auxiliaris		US		Nebraska	PRESENT		28eb1a3f-1c15-4a95-931a-4af90ecb574d	41.296034	-102.122845	167.0						2023-06-17T21:40:56	17	6	2023	4301148	4301148	HUMAN_OBSERVATION	iNaturalist	Observations	168019180		Jamie Bachmann	2023-06-18T03:45:54	CC_BY_NC_4_0	Jamie Bachmann	Jamie Bachmann			2025-10-28T00:23:27.241Z	StillImage	COORDINATE_ROUNDED;CONTINENT_DERIVED_FROM_COORDINATES
4512057857	50c9509d-22c7-4a22-a47d-8c48425ef4a7	https://www.inaturalist.org/observations/166812147	Animalia	Arthropoda	Insecta	Lepidoptera	Noctuidae	Euxoa	Euxoa auxiliaris		SPECIES	Euxoa auxiliaris Grote, 1873	Euxoa auxiliaris		US		Nebraska	PRESENT		28eb1a3f-1c15-4a95-931a-4af90ecb574d	40.764321	-96.644152	2.0						2023-06-11T09:52	11	6	2023	4301148	4301148	HUMAN_OBSERVATION	iNaturalist	Observations	166812147		Steve Kruse	2023-06-11T15:08:12	CC_BY_NC_4_0	Steve Kruse	Steve Kruse			2025-10-27T23:31:16.145Z		COORDINATE_ROUNDED;CONTINENT_DERIVED_FROM_COORDINATES
4512057761	50c9509d-22c7-4a22-a47d-8c48425ef4a7	https://www.inaturalist.org/observations/163740713	Animalia	Arthropoda	Insecta	Lepidoptera	Noctuidae	Euxoa	Euxoa auxiliaris		SPECIES	Euxoa auxiliaris Grote, 1873	Euxoa auxiliaris		US		Kansas	PRESENT		28eb1a3f-1c15-4a95-931a-4af90ecb574d	38.051633	-97.321306							2023-05-25T19:57:01	25	5	2023	4301148	4301148	HUMAN_OBSERVATION	iNaturalist	Observations	163740713		Isaac Eastland	2023-05-26T00:57:37	CC_BY_NC_4_0	Isaac Eastland	Isaac Eastland			2025-10-28T00:22:31.601Z	StillImage	COORDINATE_ROUNDED;CONTINENT_DERIVED_FROM_COORDINATES
4512055731	50c9509d-22c7-4a22-a47d-8c48425ef4a7	https://www.inaturalist.org/observations/162507053	Animalia	Arthropoda	Insecta	Lepidoptera	Noctuidae	Euxoa	Euxoa auxiliaris		SPECIES	Euxoa auxiliaris Grote, 1873	Euxoa auxiliaris		US		Oklahoma	PRESENT		28eb1a3f-1c15-4a95-931a-4af90ecb574d	36.159906	-97.00425	28592.0						2023-05-19T12:01:37	19	5	2023	4301148	4301148	HUMAN_OBSERVATION	iNaturalist	Observations	162507053		mostbittern	2023-05-19T17:03:54	CC_BY_4_0	mostbittern	mostbittern			2025-10-27T22:09:17.208Z	StillImage	COORDINATE_ROUNDED;CONTINENT_DERIVED_FROM_COORDINATES
4512054886	50c9509d-22c7-4a22-a47d-8c48425ef4a7	https://www.inaturalist.org/observations/163872249	Animalia	Arthropoda	Insecta	Lepidoptera	Noctuidae	Euxoa	Euxoa auxiliaris		SPECIES	Euxoa auxiliaris Grote, 1873	Euxoa auxiliaris		US		Nebraska	PRESENT		28eb1a3f-1c15-4a95-931a-4af90ecb574d	42.785283	-100.925892	232.0						2023-05-24T09:19	24	5	2023	4301148	4301148	HUMAN_OBSERVATION	iNaturalist	Observations	163872249		Steven Mlodinow	2023-05-26T20:31:07	CC_BY_NC_4_0	Steven Mlodinow	Steven Mlodinow			2025-10-27T22:12:27.440Z	StillImage	COORDINATE_ROUNDED;CONTINENT_DERIVED_FROM_COORDINATES
4512048852	50c9509d-22c7-4a22-a47d-8c48425ef4a7	https://www.inaturalist.org/observations/165634944	Animalia	Arthropoda	Insecta	Lepidoptera	Noctuidae	Euxoa	Euxoa auxiliaris		SPECIES	Euxoa auxiliaris Grote, 1873	Euxoa auxiliaris		US		Nebraska	PRESENT		28eb1a3f-1c15-4a95-931a-4af90ecb574d	41.209702	-101.647591							2023-06-04T18:49:58	4	6	2023	4301148	4301148	HUMAN_OBSERVATION	iNaturalist	Observations	165634944		Olivia Marcotte	2023-06-05T00:59:06	CC_BY_NC_4_0	Olivia Marcotte	Olivia Marcotte			2025-10-28T00:22:56.948Z	StillImage	COORDINATE_ROUNDED;CONTINENT_DERIVED_FROM_COORDINATES
4512044863	50c9509d-22c7-4a22-a47d-8c48425ef4a7	https://www.inaturalist.org/observations/166273034	Animalia	Arthropoda	Insecta	Lepidoptera	Noctuidae	Euxoa	Euxoa auxiliaris		SPECIES	Euxoa auxiliaris Grote, 1873	Euxoa auxiliaris		US		Nebraska	PRESENT		28eb1a3f-1c15-4a95-931a-4af90ecb574d	42.801226	-100.49009	27568.0						2023-05-28T22:13	28	5	2023	4301148	4301148	HUMAN_OBSERVATION	iNaturalist	Observations	166273034		Jozef K. Richards	2023-06-08T17:14:50	CC_BY_NC_4_0	Jozef K. Richards	Jozef K. Richards			2025-10-27T23:31:10.144Z	StillImage	COORDINATE_ROUNDED;CONTINENT_DERIVED_FROM_COORDINATES
4512038876	50c9509d-22c7-4a22-a47d-8c48425ef4a7	https://www.inaturalist.org/observations/163962406	Animalia	Arthropoda	Insecta	Lepidoptera	Noctuidae	Euxoa	Euxoa auxiliaris		SPECIES	Euxoa auxiliaris Grote, 1873	Euxoa auxiliaris		US		Oklahoma	PRESENT		28eb1a3f-1c15-4a95-931a-4af90ecb574d	35.477698	-97.503502	23.0						2023-05-27T05:34:43	27	5	2023	4301148	4301148	HUMAN_OBSERVATION	iNaturalist	Observations	163962406		taconorris	2023-05-27T10:35:12	CC_BY_NC_4_0	taconorris	taconorris			2025-10-27T23:38:44.661Z	StillImage	COORDINATE_ROUNDED;CONTINENT_DERIVED_FROM_COORDINATES
4512038841	50c9509d-22c7-4a22-a47d-8c48425ef4a7	https://www.inaturalist.org/observations/162722346	Animalia	Arthropoda	Insecta	Lepidoptera	Noctuidae	Euxoa	Euxoa auxiliaris		SPECIES	Euxoa auxiliaris Grote, 1873	Euxoa auxiliaris		US		Kansas	PRESENT		28eb1a3f-1c15-4a95-931a-4af90ecb574d	38.986468	-94.637073	4.0						2023-05-20T13:47:15	20	5	2023	4301148	4301148	HUMAN_OBSERVATION	iNaturalist	Observations	162722346		amydietz	2023-05-20T18:47:24	CC_BY_NC_4_0	amydietz	amydietz			2025-10-27T22:09:17.106Z	StillImage	COORDINATE_ROUNDED;CONTINENT_DERIVED_FROM_COORDINATES
4512036181	50c9509d-22c7-4a22-a47d-8c48425ef4a7	https://www.inaturalist.org/observations/185213448	Animalia	Arthropoda	Insecta	Lepidoptera	Noctuidae	Euxoa	Euxoa auxiliaris		SPECIES	Euxoa auxiliaris Grote, 1873	Euxoa auxiliaris		CA		British Columbia	PRESENT		28eb1a3f-1c15-4a95-931a-4af90ecb574d	49.56631	-119.636321	22.0						2023-09-27T16:13:10	27	9	2023	4301148	4301148	HUMAN_OBSERVATION	iNaturalist	Observations	185213448		stjayaaa	2023-09-27T23:49:38	CC_BY_NC_4_0	stjayaaa	stjayaaa			2025-10-27T22:18:43.432Z	StillImage	COORDINATE_ROUNDED;CONTINENT_DERIVED_FROM_COORDINATES
4512035287	50c9509d-22c7-4a22-a47d-8c48425ef4a7	https://www.inaturalist.org/observations/186902739	Animalia	Arthropoda	Insecta	Lepidoptera	Noctuidae	Euxoa	Euxoa auxiliaris		SPECIES	Euxoa auxiliaris Grote, 1873	Euxoa auxiliaris		US		California	PRESENT		28eb1a3f-1c15-4a95-931a-4af90ecb574d	33.952115	-117.264011	4.0						2023-10-08T21:51	8	10	2023	4301148	4301148	HUMAN_OBSERVATION	iNaturalist	Observations	186902739		David Rankin	2023-10-09T21:03:48	CC_BY_NC_4_0	David Rankin	David Rankin			2025-10-27T23:42:29.593Z	StillImage	COORDINATE_ROUNDED;CONTINENT_DERIVED_FROM_COORDINATES
4512029247	50c9509d-22c7-4a22-a47d-8c48425ef4a7	https://www.inaturalist.org/observations/187434918	Animalia	Arthropoda	Insecta	Lepidoptera	Noctuidae	Euxoa	Euxoa auxiliaris		SPECIES	Euxoa auxiliaris Grote, 1873	Euxoa auxiliaris		US		California	PRESENT		28eb1a3f-1c15-4a95-931a-4af90ecb574d	33.952063	-117.263979	11.0						2023-10-12T19:45	12	10	2023	4301148	4301148	HUMAN_OBSERVATION	iNaturalist	Observations	187434918		David Rankin	2023-10-14T00:55:38	CC_BY_NC_4_0	David Rankin	David Rankin			2025-10-27T23:35:26.251Z	StillImage	COORDINATE_ROUNDED;CONTINENT_DERIVED_FROM_COORDINATES
4512026842	50c9509d-22c7-4a22-a47d-8c48425ef4a7	https://www.inaturalist.org/observations/163872251	Animalia	Arthropoda	Insecta	Lepidoptera	Noctuidae	Euxoa	Euxoa auxiliaris		SPECIES	Euxoa auxiliaris Grote, 1873	Euxoa auxiliaris		US		Nebraska	PRESENT		28eb1a3f-1c15-4a95-931a-4af90ecb574d	42.785283	-100.925892	232.0						2023-05-24T09:18	24	5	2023	4301148	4301148	HUMAN_OBSERVATION	iNaturalist	Observations	163872251		Steven Mlodinow	2023-05-26T20:25:02	CC_BY_NC_4_0	Steven Mlodinow	Steven Mlodinow			2025-10-27T22:15:53.931Z	StillImage	COORDINATE_ROUNDED;CONTINENT_DERIVED_FROM_COORDINATES
4512020794	50c9509d-22c7-4a22-a47d-8c48425ef4a7	https://www.inaturalist.org/observations/191027303	Animalia	Arthropoda	Insecta	Lepidoptera	Noctuidae	Euxoa	Euxoa auxiliaris		SPECIES	Euxoa auxiliaris Grote, 1873	Euxoa auxiliaris		US		Utah	PRESENT		28eb1a3f-1c15-4a95-931a-4af90ecb574d	40.767039	-111.903611	1.0						2023-05-31T10:18	31	5	2023	4301148	4301148	HUMAN_OBSERVATION	iNaturalist	Observations	191027303		Joey Bom	2023-11-14T20:04:34	CC_BY_NC_4_0	Joey Bom	Joey Bom			2025-10-28T00:29:13.788Z	StillImage	COORDINATE_ROUNDED;CONTINENT_DERIVED_FROM_COORDINATES
4500805616	50c9509d-22c7-4a22-a47d-8c48425ef4a7	https://www.inaturalist.org/observations/190920486	Animalia	Arthropoda	Insecta	Lepidoptera	Noctuidae	Euxoa	Euxoa auxiliaris		SPECIES	Euxoa auxiliaris Grote, 1873	Euxoa auxiliaris		CA		Saskatchewan	PRESENT		28eb1a3f-1c15-4a95-931a-4af90ecb574d	49.151643	-107.510042	145.0						2023-05-31T20:56	31	5	2023	4301148	4301148	HUMAN_OBSERVATION	iNaturalist	Observations	190920486		pbulman	2023-11-13T17:50:58	CC_BY_NC_4_0	pbulman	pbulman			2025-10-28T00:29:30.738Z	StillImage	COORDINATE_ROUNDED;CONTINENT_DERIVED_FROM_COORDINATES
4500757735	50c9509d-22c7-4a22-a47d-8c48425ef4a7	https://www.inaturalist.org/observations/191491031	Animalia	Arthropoda	Insecta	Lepidoptera	Noctuidae	Euxoa	Euxoa auxiliaris		SPECIES	Euxoa auxiliaris Grote, 1873	Euxoa auxiliaris		CA		Saskatchewan	PRESENT		28eb1a3f-1c15-4a95-931a-4af90ecb574d	49.151643	-107.510042	145.0						2023-06-01T05:43	1	6	2023	4301148	4301148	HUMAN_OBSERVATION	iNaturalist	Observations	191491031		Bentleigh W.	2023-11-22T01:34:23	CC_BY_NC_4_0	pbulman	pbulman			2025-10-28T00:29:14.995Z	StillImage	COORDINATE_ROUNDED;CONTINENT_DERIVED_FROM_COORDINATES
4500715215	50c9509d-22c7-4a22-a47d-8c48425ef4a7	https://www.inaturalist.org/observations/166918096	Animalia	Arthropoda	Insecta	Lepidoptera	Noctuidae	Euxoa	Euxoa auxiliaris		SPECIES	Euxoa auxiliaris Grote, 1873	Euxoa auxiliaris		US		Colorado	PRESENT		28eb1a3f-1c15-4a95-931a-4af90ecb574d	39.744483	-104.91427	4.0						2023-06-11T13:12:21	11	6	2023	4301148	4301148	HUMAN_OBSERVATION	iNaturalist	Observations	166918096		Mark Richman	2023-06-11T23:37:36	CC_BY_4_0	Mark Richman	Mark Richman			2025-10-27T23:38:53.842Z	StillImage	COORDINATE_ROUNDED;CONTINENT_DERIVED_FROM_COORDINATES
4500656131	50c9509d-22c7-4a22-a47d-8c48425ef4a7	https://www.inaturalist.org/observations/166020670	Animalia	Arthropoda	Insecta	Lepidoptera	Noctuidae	Euxoa	Euxoa auxiliaris		SPECIES	Euxoa auxiliaris Grote, 1873	Euxoa auxiliaris		US		Colorado	PRESENT		28eb1a3f-1c15-4a95-931a-4af90ecb574d	39.67598	-104.87908	4.0						2023-06-06T22:18:37	6	6	2023	4301148	4301148	HUMAN_OBSERVATION	iNaturalist	Observations	166020670		Mark Richman	2023-06-07T04:23:06	CC_BY_4_0	Mark Richman	Mark Richman			2025-10-28T00:23:00.827Z	StillImage	CONTINENT_DERIVED_FROM_COORDINATES
4500513159	50c9509d-22c7-4a22-a47d-8c48425ef4a7	https://www.inaturalist.org/observations/166188293	Animalia	Arthropoda	Insecta	Lepidoptera	Noctuidae	Euxoa	Euxoa auxiliaris		SPECIES	Euxoa auxiliaris Grote, 1873	Euxoa auxiliaris		US		Colorado	PRESENT		28eb1a3f-1c15-4a95-931a-4af90ecb574d	39.679695	-104.883462	4.0						2023-06-07T11:59:47	7	6	2023	4301148	4301148	HUMAN_OBSERVATION	iNaturalist	Observations	166188293		Mark Richman	2023-06-08T03:58:47	CC_BY_4_0	Mark Richman	Mark Richman			2025-10-28T00:23:01.881Z	StillImage	COORDINATE_ROUNDED;CONTINENT_DERIVED_FROM_COORDINATES
4465411251	50c9509d-22c7-4a22-a47d-8c48425ef4a7	https://www.inaturalist.org/observations/188654974	Animalia	Arthropoda	Insecta	Lepidoptera	Noctuidae	Euxoa	Euxoa auxiliaris		SPECIES	Euxoa auxiliaris Grote, 1873	Euxoa auxiliaris		US		Washington	PRESENT		28eb1a3f-1c15-4a95-931a-4af90ecb574d	47.670256	-117.47171	1.0						2023-10-22T15:15	22	10	2023	4301148	4301148	HUMAN_OBSERVATION	iNaturalist	Observations	188654974		Michael Woodruff	2023-10-23T12:57:56	CC_BY_NC_4_0	Michael Woodruff	Michael Woodruff			2025-10-27T23:43:14.712Z	StillImage	COORDINATE_ROUNDED;CONTINENT_DERIVED_FROM_COORDINATES
4453706218	50c9509d-22c7-4a22-a47d-8c48425ef4a7	https://www.inaturalist.org/observations/189581308	Animalia	Arthropoda	Insecta	Lepidoptera	Noctuidae	Euxoa	Euxoa auxiliaris		SPECIES	Euxoa auxiliaris Grote, 1873	Euxoa auxiliaris		US		Arizona	PRESENT		28eb1a3f-1c15-4a95-931a-4af90ecb574d	35.168047	-111.51007	193.0						2023-10-16T12:56	16	10	2023	4301148	4301148	HUMAN_OBSERVATION	iNaturalist	Observations	189581308		Rob Keeney	2023-10-31T17:00:07	CC_BY_NC_4_0	Rob Keeney	Rob Keeney			2025-10-27T22:17:20.842Z	StillImage	COORDINATE_ROUNDED;CONTINENT_DERIVED_FROM_COORDINATES
4440919516	50c9509d-22c7-4a22-a47d-8c48425ef4a7	https://www.inaturalist.org/observations/190343641	Animalia	Arthropoda	Insecta	Lepidoptera	Noctuidae	Euxoa	Euxoa auxiliaris		SPECIES	Euxoa auxiliaris Grote, 1873	Euxoa auxiliaris		US		Utah	PRESENT		28eb1a3f-1c15-4a95-931a-4af90ecb574d	37.080436	-113.601112	6.0						2023-11-07T07:29:19	7	11	2023	4301148	4301148	HUMAN_OBSERVATION	iNaturalist	Observations	190343641		bugwheat	2023-11-07T21:29:16	CC_BY_NC_4_0	bugwheat	bugwheat			2025-10-28T00:29:02.165Z	StillImage	COORDINATE_ROUNDED;CONTINENT_DERIVED_FROM_COORDINATES
4440608761	50c9509d-22c7-4a22-a47d-8c48425ef4a7	https://www.inaturalist.org/observations/164266539	Animalia	Arthropoda	Insecta	Lepidoptera	Noctuidae	Euxoa	Euxoa auxiliaris		SPECIES	Euxoa auxiliaris Grote, 1873	Euxoa auxiliaris		US		Nevada	PRESENT		28eb1a3f-1c15-4a95-931a-4af90ecb574d	36.106981	-115.166675	36.0						2023-05-21T23:36	21	5	2023	4301148	4301148	HUMAN_OBSERVATION	iNaturalist	Observations	164266539		Jorge A. Pérez Torres	2023-05-28T19:09:19	CC_BY_NC_4_0	Jorge A. Pérez Torres	Jorge A. Pérez Torres			2025-10-28T00:22:37.948Z	StillImage	COORDINATE_ROUNDED;CONTINENT_DERIVED_FROM_COORDINATES
4438966525	50c9509d-22c7-4a22-a47d-8c48425ef4a7	https://www.inaturalist.org/observations/189630542	Animalia	Arthropoda	Insecta	Lepidoptera	Noctuidae	Euxoa	Euxoa auxiliaris		SPECIES	Euxoa auxiliaris Grote, 1873	Euxoa auxiliaris		US		California	PRESENT		28eb1a3f-1c15-4a95-931a-4af90ecb574d	37.265153	-122.009011	16.0						2023-10-31T20:46:34	31	10	2023	4301148	4301148	HUMAN_OBSERVATION	iNaturalist	Observations	189630542		nverdi	2023-11-01T03:48:46	CC_BY_NC_4_0	nverdi	nverdi			2025-10-27T22:17:34.898Z	StillImage	COORDINATE_ROUNDED;CONTINENT_DERIVED_FROM_COORDINATES
4438676793	50c9509d-22c7-4a22-a47d-8c48425ef4a7	https://www.inaturalist.org/observations/170370317	Animalia	Arthropoda	Insecta	Lepidoptera	Noctuidae	Euxoa	Euxoa auxiliaris		SPECIES	Euxoa auxiliaris Grote, 1873	Euxoa auxiliaris		CA		Alberta	PRESENT		28eb1a3f-1c15-4a95-931a-4af90ecb574d	49.029607	-113.894168	15.0						2023-06-11T08:32	11	6	2023	4301148	4301148	HUMAN_OBSERVATION	iNaturalist	Observations	170370317		mhrains	2023-07-01T01:07:06	CC_BY_NC_4_0	mhrains	mhrains			2025-10-28T00:24:00.713Z	StillImage	COORDINATE_ROUNDED;CONTINENT_DERIVED_FROM_COORDINATES
4436373050	50c9509d-22c7-4a22-a47d-8c48425ef4a7	https://www.inaturalist.org/observations/182868105	Animalia	Arthropoda	Insecta	Lepidoptera	Noctuidae	Euxoa	Euxoa auxiliaris		SPECIES	Euxoa auxiliaris Grote, 1873	Euxoa auxiliaris		US		Colorado	PRESENT		28eb1a3f-1c15-4a95-931a-4af90ecb574d	40.17537	-105.30335							2023-09-09T20:26	9	9	2023	4301148	4301148	HUMAN_OBSERVATION	iNaturalist	Observations	182868105		Ann Cooper	2023-09-11T22:06:12	CC_BY_NC_4_0	Ann Cooper	Ann Cooper			2025-10-27T22:15:18.542Z	StillImage	CONTINENT_DERIVED_FROM_COORDINATES
4431257606	50c9509d-22c7-4a22-a47d-8c48425ef4a7	https://www.inaturalist.org/observations/188765240	Animalia	Arthropoda	Insecta	Lepidoptera	Noctuidae	Euxoa	Euxoa auxiliaris		SPECIES	Euxoa auxiliaris Grote, 1873	Euxoa auxiliaris		US		Texas	PRESENT		28eb1a3f-1c15-4a95-931a-4af90ecb574d	31.268598	-98.619629	4.0						2023-10-21T20:06	21	10	2023	4301148	4301148	HUMAN_OBSERVATION	iNaturalist	Observations	188765240		Mike Farley	2023-10-24T10:02:10	CC_BY_NC_4_0	Mike Farley	Mike Farley			2025-10-28T00:28:40.624Z	StillImage	COORDINATE_ROUNDED;CONTINENT_DERIVED_FROM_COORDINATES
4431191167	50c9509d-22c7-4a22-a47d-8c48425ef4a7	https://www.inaturalist.org/observations/188250939	Animalia	Arthropoda	Insecta	Lepidoptera	Noctuidae	Euxoa	Euxoa auxiliaris		SPECIES	Euxoa auxiliaris Grote, 1873	Euxoa auxiliaris		US		Texas	PRESENT		28eb1a3f-1c15-4a95-931a-4af90ecb574d	30.848201	-97.642164	30.0						2023-10-18T20:16	18	10	2023	4301148	4301148	HUMAN_OBSERVATION	iNaturalist	Observations	188250939		Mike Farley	2023-10-20T12:51:13	CC_BY_NC_4_0	Mike Farley	Mike Farley			2025-10-27T22:16:54.737Z	StillImage	COORDINATE_ROUNDED;CONTINENT_DERIVED_FROM_COORDINATES
4431042803	50c9509d-22c7-4a22-a47d-8c48425ef4a7	https://www.inaturalist.org/observations/187434923	Animalia	Arthropoda	Insecta	Lepidoptera	Noctuidae	Euxoa	Euxoa auxiliaris		SPECIES	Euxoa auxiliaris Grote, 1873	Euxoa auxiliaris		US		California	PRESENT		28eb1a3f-1c15-4a95-931a-4af90ecb574d	33.952063	-117.263979	11.0						2023-10-12T19:45	12	10	2023	4301148	4301148	HUMAN_OBSERVATION	iNaturalist	Observations	187434923		David Rankin	2023-10-14T00:55:40	CC_BY_NC_4_0	David Rankin	David Rankin			2025-10-27T23:35:29.278Z	StillImage	COORDINATE_ROUNDED;CONTINENT_DERIVED_FROM_COORDINATES
4431019651	50c9509d-22c7-4a22-a47d-8c48425ef4a7	https://www.inaturalist.org/observations/187060738	Animalia	Arthropoda	Insecta	Lepidoptera	Noctuidae	Euxoa	Euxoa auxiliaris		SPECIES	Euxoa auxiliaris Grote, 1873	Euxoa auxiliaris		US		Colorado	PRESENT		28eb1a3f-1c15-4a95-931a-4af90ecb574d	37.714725	-105.68182	151.0						2023-10-07T03:41	7	10	2023	4301148	4301148	HUMAN_OBSERVATION	iNaturalist	Observations	187060738		Pam Piombino	2023-10-10T23:50:52	CC_BY_NC_4_0	Pam Piombino	Pam Piombino			2025-10-27T23:35:25.013Z	StillImage	COORDINATE_ROUNDED;CONTINENT_DERIVED_FROM_COORDINATES
4430709096	50c9509d-22c7-4a22-a47d-8c48425ef4a7	https://www.inaturalist.org/observations/188231619	Animalia	Arthropoda	Insecta	Lepidoptera	Noctuidae	Euxoa	Euxoa auxiliaris		SPECIES	Euxoa auxiliaris Grote, 1873	Euxoa auxiliaris		US		Texas	PRESENT		28eb1a3f-1c15-4a95-931a-4af90ecb574d	30.84826	-97.64214	175.0						2023-10-18T20:15	18	10	2023	4301148	4301148	HUMAN_OBSERVATION	iNaturalist	Observations	188231619		Jack Cochran	2023-10-20T06:37:39	CC_BY_NC_4_0	Jack Cochran	Jack Cochran			2025-10-27T23:43:09.274Z	StillImage	CONTINENT_DERIVED_FROM_COORDINATES
4430654692	50c9509d-22c7-4a22-a47d-8c48425ef4a7	https://www.inaturalist.org/observations/187782780	Animalia	Arthropoda	Insecta	Lepidoptera	Noctuidae	Euxoa	Euxoa auxiliaris		SPECIES	Euxoa auxiliaris Grote, 1873	Euxoa auxiliaris		US		Colorado	PRESENT		28eb1a3f-1c15-4a95-931a-4af90ecb574d	39.859722	-105.103042	8.0						2023-10-15T08:37	15	10	2023	4301148	4301148	HUMAN_OBSERVATION	iNaturalist	Observations	187782780		David Martin	2023-10-16T14:38:15	CC_BY_NC_4_0	David Martin	David Martin			2025-10-27T23:43:00.058Z	StillImage	COORDINATE_ROUNDED;CONTINENT_DERIVED_FROM_COORDINATES
4430588850	50c9509d-22c7-4a22-a47d-8c48425ef4a7	https://www.inaturalist.org/observations/187434938	Animalia	Arthropoda	Insecta	Lepidoptera	Noctuidae	Euxoa	Euxoa auxiliaris		SPECIES	Euxoa auxiliaris Grote, 1873	Euxoa auxiliaris		US		California	PRESENT		28eb1a3f-1c15-4a95-931a-4af90ecb574d	33.952063	-117.263979	11.0						2023-10-12T19:45	12	10	2023	4301148	4301148	HUMAN_OBSERVATION	iNaturalist	Observations	187434938		David Rankin	2023-10-14T00:55:43	CC_BY_NC_4_0	David Rankin	David Rankin			2025-10-27T23:35:27.003Z	StillImage	COORDINATE_ROUNDED;CONTINENT_DERIVED_FROM_COORDINATES
4430575163	50c9509d-22c7-4a22-a47d-8c48425ef4a7	https://www.inaturalist.org/observations/187543248	Animalia	Arthropoda	Insecta	Lepidoptera	Noctuidae	Euxoa	Euxoa auxiliaris		SPECIES	Euxoa auxiliaris Grote, 1873	Euxoa auxiliaris		US		Texas	PRESENT		28eb1a3f-1c15-4a95-931a-4af90ecb574d	33.88519	-98.540166							2023-10-11T21:59:10	11	10	2023	4301148	4301148	HUMAN_OBSERVATION	iNaturalist	Observations	187543248		Gabe King	2023-10-14T20:52:27	CC_BY_NC_4_0	Gabe King	Gabe King			2025-10-27T23:35:25.990Z	StillImage	COORDINATE_ROUNDED;CONTINENT_DERIVED_FROM_COORDINATES
4424645517	50c9509d-22c7-4a22-a47d-8c48425ef4a7	https://www.inaturalist.org/observations/186368542	Animalia	Arthropoda	Insecta	Lepidoptera	Noctuidae	Euxoa	Euxoa auxiliaris		SPECIES	Euxoa auxiliaris Grote, 1873	Euxoa auxiliaris		US		Colorado	PRESENT		28eb1a3f-1c15-4a95-931a-4af90ecb574d	37.65269	-105.592746							2023-10-05T22:33:26	5	10	2023	4301148	4301148	HUMAN_OBSERVATION	iNaturalist	Observations	186368542		Chris	2023-10-06T04:35:01	CC_BY_NC_4_0	Chris	Chris			2025-10-27T23:35:17.419Z	StillImage	COORDINATE_ROUNDED;CONTINENT_DERIVED_FROM_COORDINATES
4420156309	13fdfab7-e281-428d-8c1f-e72eb7398e97	d40ad6dd-f803-40fb-93b4-70e3e8034b21	Animalia	Arthropoda	Insecta	Lepidoptera	Noctuidae	Euxoa	Euxoa auxiliaris		SPECIES	Euxoa auxiliaris Grote, 1873	Euxoa auxiliaris	(Grote, 1873)	US	Lubbock, Museum of Texas Tech University	Texas	PRESENT	1	acac73b0-055d-11d8-b84f-b8a03c50a862	33.590476	-101.885828	200.0						2023-05-09	9	5	2023	4301148	4301148	PRESERVED_SPECIMEN	TTU	TTU-Z	TTU-Z_354520		J. Girón	2023-01-01T00:00:00	CC_BY_NC_4_0	Museum at Texas Tech University	J. Girón			2025-10-31T22:22:26.586Z		OCCURRENCE_STATUS_INFERRED_FROM_INDIVIDUAL_COUNT;INSTITUTION_MATCH_FUZZY
4416817846	50c9509d-22c7-4a22-a47d-8c48425ef4a7	https://www.inaturalist.org/observations/183570321	Animalia	Arthropoda	Insecta	Lepidoptera	Noctuidae	Euxoa	Euxoa auxiliaris		SPECIES	Euxoa auxiliaris Grote, 1873	Euxoa auxiliaris		US		Colorado	PRESENT		28eb1a3f-1c15-4a95-931a-4af90ecb574d	40.57242	-105.089255	9.0						2023-09-12T21:01:52	12	9	2023	4301148	4301148	HUMAN_OBSERVATION	iNaturalist	Observations	183570321		Simon Tolzmann	2023-09-16T21:19:18	CC_BY_NC_4_0	Simon Tolzmann	Simon Tolzmann			2025-10-27T23:34:49.753Z		COORDINATE_ROUNDED;CONTINENT_DERIVED_FROM_COORDINATES
4414243448	50c9509d-22c7-4a22-a47d-8c48425ef4a7	https://www.inaturalist.org/observations/183869545	Animalia	Arthropoda	Insecta	Lepidoptera	Noctuidae	Euxoa	Euxoa auxiliaris		SPECIES	Euxoa auxiliaris Grote, 1873	Euxoa auxiliaris		US		Colorado	PRESENT		28eb1a3f-1c15-4a95-931a-4af90ecb574d	39.734037	-104.860375	199.0						2023-09-17T19:16	17	9	2023	4301148	4301148	HUMAN_OBSERVATION	iNaturalist	Observations	183869545		Andy Birkey	2023-09-18T17:29:22	CC_BY_NC_4_0	Andy Birkey	Andy Birkey			2025-10-27T22:15:35.944Z		COORDINATE_ROUNDED;CONTINENT_DERIVED_FROM_COORDINATES
4413534865	50c9509d-22c7-4a22-a47d-8c48425ef4a7	https://www.inaturalist.org/observations/181006398	Animalia	Arthropoda	Insecta	Lepidoptera	Noctuidae	Euxoa	Euxoa auxiliaris		SPECIES	Euxoa auxiliaris Grote, 1873	Euxoa auxiliaris		CA		British Columbia	PRESENT		28eb1a3f-1c15-4a95-931a-4af90ecb574d	49.439237	-123.722845							2023-08-30T07:35:56	30	8	2023	4301148	4301148	HUMAN_OBSERVATION	iNaturalist	Observations	181006398		pumakit	2023-08-31T03:00:42	CC_BY_NC_4_0	pumakit	pumakit			2025-10-27T23:34:18.268Z	StillImage	COORDINATE_ROUNDED;CONTINENT_DERIVED_FROM_COORDINATES
4413489985	50c9509d-22c7-4a22-a47d-8c48425ef4a7	https://www.inaturalist.org/observations/179451697	Animalia	Arthropoda	Insecta	Lepidoptera	Noctuidae	Euxoa	Euxoa auxiliaris		SPECIES	Euxoa auxiliaris Grote, 1873	Euxoa auxiliaris		US		Colorado	PRESENT		28eb1a3f-1c15-4a95-931a-4af90ecb574d	39.58797	-105.643094	31.0						2023-08-04T18:03	4	8	2023	4301148	4301148	HUMAN_OBSERVATION	iNaturalist	Observations	179451697		Jared Gorrell	2023-08-21T00:54:35	CC_BY_NC_4_0	Jared Gorrell	Jared Gorrell			2025-10-28T00:26:15.929Z	StillImage	COORDINATE_ROUNDED;CONTINENT_DERIVED_FROM_COORDINATES
4413378756	50c9509d-22c7-4a22-a47d-8c48425ef4a7	https://www.inaturalist.org/observations/175040798	Animalia	Arthropoda	Insecta	Lepidoptera	Noctuidae	Euxoa	Euxoa auxiliaris		SPECIES	Euxoa auxiliaris Grote, 1873	Euxoa auxiliaris		US		New Mexico	PRESENT		28eb1a3f-1c15-4a95-931a-4af90ecb574d	35.916855	-105.638938	7.0						2023-07-23T16:34:25	23	7	2023	4301148	4301148	HUMAN_OBSERVATION	iNaturalist	Observations	175040798		Jairo Uribarri	2023-07-26T14:30:36	CC_BY_NC_4_0	Jairo Uribarri	Jairo Uribarri			2025-10-27T22:20:02.293Z	StillImage	COORDINATE_ROUNDED;CONTINENT_DERIVED_FROM_COORDINATES
4405286612	50c9509d-22c7-4a22-a47d-8c48425ef4a7	https://www.inaturalist.org/observations/167117601	Animalia	Arthropoda	Insecta	Lepidoptera	Noctuidae	Euxoa	Euxoa auxiliaris		SPECIES	Euxoa auxiliaris Grote, 1873	Euxoa auxiliaris		CA		Alberta	PRESENT		28eb1a3f-1c15-4a95-931a-4af90ecb574d	52.283882	-113.760748	5.0						2023-06-12T18:28:56	12	6	2023	4301148	4301148	HUMAN_OBSERVATION	iNaturalist	Observations	167117601		topher67	2023-06-23T02:24:08	CC_BY_NC_4_0	topher67	topher67			2025-10-27T22:17:47.553Z	StillImage	COORDINATE_ROUNDED;CONTINENT_DERIVED_FROM_COORDINATES
4405015478	50c9509d-22c7-4a22-a47d-8c48425ef4a7	https://www.inaturalist.org/observations/161091566	Animalia	Arthropoda	Insecta	Lepidoptera	Noctuidae	Euxoa	Euxoa auxiliaris		SPECIES	Euxoa auxiliaris Grote, 1873	Euxoa auxiliaris		US		Colorado	PRESENT		28eb1a3f-1c15-4a95-931a-4af90ecb574d	39.758488	-104.929115	12.0						2023-05-11T09:41:34	11	5	2023	4301148	4301148	HUMAN_OBSERVATION	iNaturalist	Observations	161091566		Jake Armstrong	2023-05-11T16:10:57	CC_BY_4_0	Jake Armstrong	Jake Armstrong			2025-10-27T23:30:05.841Z	StillImage	COORDINATE_ROUNDED;CONTINENT_DERIVED_FROM_COORDINATES
4399952696	50c9509d-22c7-4a22-a47d-8c48425ef4a7	https://www.inaturalist.org/observations/171120501	Animalia	Arthropoda	Insecta	Lepidoptera	Noctuidae	Euxoa	Euxoa auxiliaris		SPECIES	Euxoa auxiliaris Grote, 1873	Euxoa auxiliaris		US		California	PRESENT		28eb1a3f-1c15-4a95-931a-4af90ecb574d	34.891406	-115.715597							2023-04-29	29	4	2023	4301148	4301148	HUMAN_OBSERVATION	iNaturalist	Observations	171120501		Laura Gaudette	2023-07-04T23:47:27	CC_BY_4_0	Laura Gaudette	Laura Gaudette			2025-10-27T22:11:39.875Z	StillImage	COORDINATE_ROUNDED;CONTINENT_DERIVED_FROM_COORDINATES
4177622340	14f3151a-e95d-493c-a40d-d9938ef62954	urn:catalog:CAS:ENT:8560193	Animalia	Arthropoda	Insecta	Lepidoptera	Noctuidae	Euxoa	Euxoa auxiliaris		SPECIES	Euxoa auxiliaris Grote, 1873	Euxoa auxiliaris (Grote, 1873)	(Grote, 1873)	US	Sweeney Granite Mts Desert Research Center	California	PRESENT	1	66522820-055c-11d8-b84e-b8a03c50a862	34.7815	-115.652	3.0		1299.0				2023-04-27	27	4	2023	4301148	4301148	PRESERVED_SPECIMEN	CASC	CASENT	CASENT8560193		Christopher C. Grinter	2023-01-01T00:00:00	CC0_1_0		Julia G. Betz			2025-10-27T00:08:49.820Z		GEODETIC_DATUM_ASSUMED_WGS84;CONTINENT_DERIVED_FROM_COORDINATES;OCCURRENCE_STATUS_INFERRED_FROM_INDIVIDUAL_COUNT
4177617325	14f3151a-e95d-493c-a40d-d9938ef62954	urn:catalog:CAS:ENT:8559920	Animalia	Arthropoda	Insecta	Lepidoptera	Noctuidae	Euxoa	Euxoa auxiliaris		SPECIES	Euxoa auxiliaris Grote, 1873	Euxoa auxiliaris (Grote, 1873)	(Grote, 1873)	US	Burns Piñon Ridge Reserve	California	PRESENT	1	66522820-055c-11d8-b84e-b8a03c50a862	34.1494	-116.4529	3.0		1264.0				2023-04-25	25	4	2023	4301148	4301148	PRESERVED_SPECIMEN	CASC	CASENT	CASENT8559920		Christopher C. Grinter	2023-01-01T00:00:00	CC0_1_0		Christopher C. Grinter			2025-10-27T00:08:54.476Z		GEODETIC_DATUM_ASSUMED_WGS84;CONTINENT_DERIVED_FROM_COORDINATES;OCCURRENCE_STATUS_INFERRED_FROM_INDIVIDUAL_COUNT
4177616318	14f3151a-e95d-493c-a40d-d9938ef62954	urn:catalog:CAS:ENT:8559812	Animalia	Arthropoda	Insecta	Lepidoptera	Noctuidae	Euxoa	Euxoa auxiliaris		SPECIES	Euxoa auxiliaris Grote, 1873	Euxoa auxiliaris (Grote, 1873)	(Grote, 1873)	US	Sweeney Granite Mts Desert Research Center	California	PRESENT	1	66522820-055c-11d8-b84e-b8a03c50a862	34.7815	-115.652	3.0		1299.0				2023-04-27	27	4	2023	4301148	4301148	PRESERVED_SPECIMEN	CASC	CASENT	CASENT8559812		Christopher C. Grinter	2023-01-01T00:00:00	CC0_1_0		Julia G. Betz			2025-10-27T00:08:49.385Z		GEODETIC_DATUM_ASSUMED_WGS84;CONTINENT_DERIVED_FROM_COORDINATES;OCCURRENCE_STATUS_INFERRED_FROM_INDIVIDUAL_COUNT
4177587152	50c9509d-22c7-4a22-a47d-8c48425ef4a7	https://www.inaturalist.org/observations/178551263	Animalia	Arthropoda	Insecta	Lepidoptera	Noctuidae	Euxoa	Euxoa auxiliaris		SPECIES	Euxoa auxiliaris Grote, 1873	Euxoa auxiliaris		US		Texas	PRESENT		28eb1a3f-1c15-4a95-931a-4af90ecb574d	33.585237	-101.877937	40.0						2023-08-15T11:30:18	15	8	2023	4301148	4301148	HUMAN_OBSERVATION	iNaturalist	Observations	178551263		Nancy McIntyre	2023-08-15T16:30:39	CC_BY_NC_4_0	Nancy McIntyre	Nancy McIntyre			2025-10-27T23:33:51.973Z	StillImage	COORDINATE_ROUNDED;CONTINENT_DERIVED_FROM_COORDINATES
4171276738	50c9509d-22c7-4a22-a47d-8c48425ef4a7	https://www.inaturalist.org/observations/168769363	Animalia	Arthropoda	Insecta	Lepidoptera	Noctuidae	Euxoa	Euxoa auxiliaris		SPECIES	Euxoa auxiliaris Grote, 1873	Euxoa auxiliaris		US		Colorado	PRESENT		28eb1a3f-1c15-4a95-931a-4af90ecb574d	40.019211	-105.284076	3810.0						2023-06-20T15:34:04	20	6	2023	4301148	4301148	HUMAN_OBSERVATION	iNaturalist	Observations	168769363		Nate Sabo	2023-06-22T03:27:39	CC_BY_4_0	Nate Sabo	Nate Sabo			2025-10-27T22:11:03.718Z	StillImage	COORDINATE_ROUNDED;CONTINENT_DERIVED_FROM_COORDINATES
4171219741	50c9509d-22c7-4a22-a47d-8c48425ef4a7	https://www.inaturalist.org/observations/162591445	Animalia	Arthropoda	Insecta	Lepidoptera	Noctuidae	Euxoa	Euxoa auxiliaris		SPECIES	Euxoa auxiliaris Grote, 1873	Euxoa auxiliaris		US		California	PRESENT		28eb1a3f-1c15-4a95-931a-4af90ecb574d	33.601137	-117.895037	4.0						2023-05-19T10:05:24	19	5	2023	4301148	4301148	HUMAN_OBSERVATION	iNaturalist	Observations	162591445		victorbach	2023-05-20T02:37:31	CC_BY_NC_4_0	victorbach	victorbach			2025-10-28T00:22:35.045Z	StillImage	COORDINATE_ROUNDED;CONTINENT_DERIVED_FROM_COORDINATES
4165836724	50c9509d-22c7-4a22-a47d-8c48425ef4a7	https://www.inaturalist.org/observations/174760256	Animalia	Arthropoda	Insecta	Lepidoptera	Noctuidae	Euxoa	Euxoa auxiliaris		SPECIES	Euxoa auxiliaris Grote, 1873	Euxoa auxiliaris		US		Kansas	PRESENT		28eb1a3f-1c15-4a95-931a-4af90ecb574d	38.8978	-94.760396	28181.0						2023-07-23T21:16:16	23	7	2023	4301148	4301148	HUMAN_OBSERVATION	iNaturalist	Observations	174760256		Avery Johnsmeyer	2023-07-24T21:43:49	CC_BY_NC_4_0	Avery Johnsmeyer	Avery Johnsmeyer			2025-10-27T22:20:03.253Z	StillImage	COORDINATE_ROUNDED;CONTINENT_DERIVED_FROM_COORDINATES
4165435525	50c9509d-22c7-4a22-a47d-8c48425ef4a7	https://www.inaturalist.org/observations/162045218	Animalia	Arthropoda	Insecta	Lepidoptera	Noctuidae	Euxoa	Euxoa auxiliaris		SPECIES	Euxoa auxiliaris Grote, 1873	Euxoa auxiliaris		US		Colorado	PRESENT		28eb1a3f-1c15-4a95-931a-4af90ecb574d	38.07378	-102.935616	62.0						2023-05-04T05:51	4	5	2023	4301148	4301148	HUMAN_OBSERVATION	iNaturalist	Observations	162045218		Steven Mlodinow	2023-05-16T22:12:43	CC_BY_NC_4_0	Steven Mlodinow	Steven Mlodinow			2025-10-27T23:30:17.421Z	StillImage	COORDINATE_ROUNDED;CONTINENT_DERIVED_FROM_COORDINATES
4165387536	50c9509d-22c7-4a22-a47d-8c48425ef4a7	https://www.inaturalist.org/observations/162045217	Animalia	Arthropoda	Insecta	Lepidoptera	Noctuidae	Euxoa	Euxoa auxiliaris		SPECIES	Euxoa auxiliaris Grote, 1873	Euxoa auxiliaris		US		Colorado	PRESENT		28eb1a3f-1c15-4a95-931a-4af90ecb574d	38.07378	-102.935616	62.0						2023-05-04T05:52	4	5	2023	4301148	4301148	HUMAN_OBSERVATION	iNaturalist	Observations	162045217		Steven Mlodinow	2023-05-16T22:12:43	CC_BY_NC_4_0	Steven Mlodinow	Steven Mlodinow			2025-10-27T23:30:18.414Z	StillImage	COORDINATE_ROUNDED;CONTINENT_DERIVED_FROM_COORDINATES
4163498308	14f3151a-e95d-493c-a40d-d9938ef62954	urn:catalog:CAS:ENT:8559879	Animalia	Arthropoda	Insecta	Lepidoptera	Noctuidae	Euxoa	Euxoa auxiliaris		SPECIES	Euxoa auxiliaris Grote, 1873	Euxoa auxiliaris (Grote, 1873)	(Grote, 1873)	US	UC Sedgwick Reserve, Gate	California	PRESENT	1	66522820-055c-11d8-b84e-b8a03c50a862	34.6792	-120.0385	3.0		357.0				2023-04-23	23	4	2023	4301148	4301148	PRESERVED_SPECIMEN	CASC	CASENT	CASENT8559879		Christopher C. Grinter	2024-01-01T00:00:00	CC0_1_0		Julia G. Betz			2025-10-27T00:08:54.908Z		GEODETIC_DATUM_ASSUMED_WGS84;CONTINENT_DERIVED_FROM_COORDINATES;OCCURRENCE_STATUS_INFERRED_FROM_INDIVIDUAL_COUNT
4162547534	50c9509d-22c7-4a22-a47d-8c48425ef4a7	https://www.inaturalist.org/observations/173357025	Animalia	Arthropoda	Insecta	Lepidoptera	Noctuidae	Euxoa	Euxoa auxiliaris		SPECIES	Euxoa auxiliaris Grote, 1873	Euxoa auxiliaris		US		Nevada	PRESENT		28eb1a3f-1c15-4a95-931a-4af90ecb574d	36.273583	-115.63006							2023-07-14T21:29	14	7	2023	4301148	4301148	HUMAN_OBSERVATION	iNaturalist	Observations	173357025		Andrew Newmark	2023-07-17T04:13:14	CC_BY_NC_4_0	Andrew Newmark	Andrew Newmark			2025-10-27T23:32:43.438Z	StillImage	COORDINATE_ROUNDED;CONTINENT_DERIVED_FROM_COORDINATES
4162276923	50c9509d-22c7-4a22-a47d-8c48425ef4a7	https://www.inaturalist.org/observations/172379722	Animalia	Arthropoda	Insecta	Lepidoptera	Noctuidae	Euxoa	Euxoa auxiliaris		SPECIES	Euxoa auxiliaris Grote, 1873	Euxoa auxiliaris		US		Texas	PRESENT		28eb1a3f-1c15-4a95-931a-4af90ecb574d	33.585213	-101.877967	38.0						2023-07-11T12:00:12	11	7	2023	4301148	4301148	HUMAN_OBSERVATION	iNaturalist	Observations	172379722		Hannah Girgente	2023-07-11T18:42:29	CC_BY_NC_4_0	Hannah Girgente	Hannah Girgente			2025-10-27T22:12:07.429Z	StillImage	COORDINATE_ROUNDED;CONTINENT_DERIVED_FROM_COORDINATES
4153778694	50c9509d-22c7-4a22-a47d-8c48425ef4a7	https://www.inaturalist.org/observations/171106146	Animalia	Arthropoda	Insecta	Lepidoptera	Noctuidae	Euxoa	Euxoa auxiliaris		SPECIES	Euxoa auxiliaris Grote, 1873	Euxoa auxiliaris		US		Colorado	PRESENT		28eb1a3f-1c15-4a95-931a-4af90ecb574d	40.183101	-105.149355							2023-05-24T11:44:16	24	5	2023	4301148	4301148	HUMAN_OBSERVATION	iNaturalist	Observations	171106146		Todd Deininger	2023-07-04T22:09:00	CC_BY_NC_4_0	Todd Deininger	Todd Deininger			2025-10-27T23:40:03.367Z	StillImage	COORDINATE_ROUNDED;CONTINENT_DERIVED_FROM_COORDINATES
4153577779	50c9509d-22c7-4a22-a47d-8c48425ef4a7	https://www.inaturalist.org/observations/171100373	Animalia	Arthropoda	Insecta	Lepidoptera	Noctuidae	Euxoa	Euxoa auxiliaris		SPECIES	Euxoa auxiliaris Grote, 1873	Euxoa auxiliaris		US		Colorado	PRESENT		28eb1a3f-1c15-4a95-931a-4af90ecb574d	40.183119	-105.149207							2023-06-04T10:34:17	4	6	2023	4301148	4301148	HUMAN_OBSERVATION	iNaturalist	Observations	171100373		Todd Deininger	2023-07-04T21:33:58	CC_BY_NC_4_0	Todd Deininger	Todd Deininger			2025-10-28T00:24:10.013Z	StillImage	COORDINATE_ROUNDED;CONTINENT_DERIVED_FROM_COORDINATES
4153564690	50c9509d-22c7-4a22-a47d-8c48425ef4a7	https://www.inaturalist.org/observations/169527431	Animalia	Arthropoda	Insecta	Lepidoptera	Noctuidae	Euxoa	Euxoa auxiliaris		SPECIES	Euxoa auxiliaris Grote, 1873	Euxoa auxiliaris		US		Colorado	PRESENT		28eb1a3f-1c15-4a95-931a-4af90ecb574d	40.599238	-105.110029	112.0						2023-05-16T18:50:35	16	5	2023	4301148	4301148	HUMAN_OBSERVATION	iNaturalist	Observations	169527431		cberdik	2023-06-26T03:43:42	CC_BY_NC_4_0	cberdik	cberdik			2025-10-27T22:11:24.218Z	StillImage	COORDINATE_ROUNDED;CONTINENT_DERIVED_FROM_COORDINATES
4153467669	50c9509d-22c7-4a22-a47d-8c48425ef4a7	https://www.inaturalist.org/observations/168855971	Animalia	Arthropoda	Insecta	Lepidoptera	Noctuidae	Euxoa	Euxoa auxiliaris		SPECIES	Euxoa auxiliaris Grote, 1873	Euxoa auxiliaris		US		Wyoming	PRESENT		28eb1a3f-1c15-4a95-931a-4af90ecb574d	42.921597	-105.317933	75.0						2023-06-22T08:43:04	22	6	2023	4301148	4301148	HUMAN_OBSERVATION	iNaturalist	Observations	168855971		mkruse4	2023-06-22T17:17:33	CC_BY_NC_4_0	mkruse4	mkruse4			2025-10-28T00:23:39.082Z	StillImage	COORDINATE_ROUNDED;CONTINENT_DERIVED_FROM_COORDINATES
4145663621	50c9509d-22c7-4a22-a47d-8c48425ef4a7	https://www.inaturalist.org/observations/170340045	Animalia	Arthropoda	Insecta	Lepidoptera	Noctuidae	Euxoa	Euxoa auxiliaris		SPECIES	Euxoa auxiliaris Grote, 1873	Euxoa auxiliaris		US		Arizona	PRESENT		28eb1a3f-1c15-4a95-931a-4af90ecb574d	33.473328	-111.770348	206.0						2023-04-14T12:41	14	4	2023	4301148	4301148	HUMAN_OBSERVATION	iNaturalist	Observations	170340045		radinis	2023-06-30T21:04:12	CC_BY_NC_4_0	radinis	radinis			2025-10-27T23:32:02.136Z	StillImage	COORDINATE_ROUNDED;CONTINENT_DERIVED_FROM_COORDINATES
4145390680	50c9509d-22c7-4a22-a47d-8c48425ef4a7	https://www.inaturalist.org/observations/170905811	Animalia	Arthropoda	Insecta	Lepidoptera	Noctuidae	Euxoa	Euxoa auxiliaris		SPECIES	Euxoa auxiliaris Grote, 1873	Euxoa auxiliaris		US		New Mexico	PRESENT		28eb1a3f-1c15-4a95-931a-4af90ecb574d	35.118925	-106.582876	61.0						2023-07-02T13:25	2	7	2023	4301148	4301148	HUMAN_OBSERVATION	iNaturalist	Observations	170905811		savannahmmm	2023-07-03T20:40:20	CC_BY_NC_4_0	savannahmmm	savannahmmm			2025-10-28T00:24:09.192Z	StillImage	COORDINATE_ROUNDED;CONTINENT_DERIVED_FROM_COORDINATES
4145313692	50c9509d-22c7-4a22-a47d-8c48425ef4a7	https://www.inaturalist.org/observations/169880776	Animalia	Arthropoda	Insecta	Lepidoptera	Noctuidae	Euxoa	Euxoa auxiliaris		SPECIES	Euxoa auxiliaris Grote, 1873	Euxoa auxiliaris		US		Colorado	PRESENT		28eb1a3f-1c15-4a95-931a-4af90ecb574d	39.510333	-104.69233	14.0						2023-06-27T20:11:43	27	6	2023	4301148	4301148	HUMAN_OBSERVATION	iNaturalist	Observations	169880776		riascott	2023-06-28T02:13:13	CC_BY_NC_4_0	riascott	riascott			2025-10-27T22:11:19.484Z	StillImage	COORDINATE_ROUNDED;CONTINENT_DERIVED_FROM_COORDINATES
4138589998	50c9509d-22c7-4a22-a47d-8c48425ef4a7	https://www.inaturalist.org/observations/169108389	Animalia	Arthropoda	Insecta	Lepidoptera	Noctuidae	Euxoa	Euxoa auxiliaris		SPECIES	Euxoa auxiliaris Grote, 1873	Euxoa auxiliaris		US		Colorado	PRESENT		28eb1a3f-1c15-4a95-931a-4af90ecb574d	38.039303	-104.970087	15.0						2023-06-23T17:49:56	23	6	2023	4301148	4301148	HUMAN_OBSERVATION	iNaturalist	Observations	169108389		Annabelle Corboy	2023-06-24T02:48:51	CC_BY_NC_4_0	Annabelle Corboy	Annabelle Corboy			2025-10-27T23:39:40.799Z	StillImage	COORDINATE_ROUNDED;CONTINENT_DERIVED_FROM_COORDINATES
4138314769	50c9509d-22c7-4a22-a47d-8c48425ef4a7	https://www.inaturalist.org/observations/168899848	Animalia	Arthropoda	Insecta	Lepidoptera	Noctuidae	Euxoa	Euxoa auxiliaris		SPECIES	Euxoa auxiliaris Grote, 1873	Euxoa auxiliaris		US		New Mexico	PRESENT		28eb1a3f-1c15-4a95-931a-4af90ecb574d	35.207849	-106.44537	15.0						2023-06-22T09:55	22	6	2023	4301148	4301148	HUMAN_OBSERVATION	iNaturalist	Observations	168899848		Devoncox	2023-06-22T21:59:04	CC_BY_NC_4_0	Devoncox	Devoncox			2025-10-27T22:10:56.877Z	StillImage	COORDINATE_ROUNDED;CONTINENT_DERIVED_FROM_COORDINATES
4138156433	50c9509d-22c7-4a22-a47d-8c48425ef4a7	https://www.inaturalist.org/observations/167241186	Animalia	Arthropoda	Insecta	Lepidoptera	Noctuidae	Euxoa	Euxoa auxiliaris		SPECIES	Euxoa auxiliaris Grote, 1873	Euxoa auxiliaris		US		Colorado	PRESENT		28eb1a3f-1c15-4a95-931a-4af90ecb574d	39.64553	-105.33972							2023-06-12T10:02:21	12	6	2023	4301148	4301148	HUMAN_OBSERVATION	iNaturalist	Observations	167241186		Saharah	2023-06-13T19:10:25	CC_BY_NC_4_0	Saharah	Saharah			2025-10-28T00:23:17.814Z	StillImage	COORDINATE_ROUNDED;CONTINENT_DERIVED_FROM_COORDINATES
4138070697	50c9509d-22c7-4a22-a47d-8c48425ef4a7	https://www.inaturalist.org/observations/169537907	Animalia	Arthropoda	Insecta	Lepidoptera	Noctuidae	Euxoa	Euxoa auxiliaris		SPECIES	Euxoa auxiliaris Grote, 1873	Euxoa auxiliaris		US		Colorado	PRESENT		28eb1a3f-1c15-4a95-931a-4af90ecb574d	40.027793	-105.293299	9.0						2023-06-24T22:40	24	6	2023	4301148	4301148	HUMAN_OBSERVATION	iNaturalist	Observations	169537907		Ann Cooper	2023-06-26T05:27:02	CC_BY_NC_4_0	Ann Cooper	Ann Cooper			2025-10-27T22:18:50.724Z	StillImage	COORDINATE_ROUNDED;CONTINENT_DERIVED_FROM_COORDINATES
4137915608	50c9509d-22c7-4a22-a47d-8c48425ef4a7	https://www.inaturalist.org/observations/167652911	Animalia	Arthropoda	Insecta	Lepidoptera	Noctuidae	Euxoa	Euxoa auxiliaris		SPECIES	Euxoa auxiliaris Grote, 1873	Euxoa auxiliaris		US		Colorado	PRESENT		28eb1a3f-1c15-4a95-931a-4af90ecb574d	40.171461	-105.215153	4.0						2023-06-14T21:39	14	6	2023	4301148	4301148	HUMAN_OBSERVATION	iNaturalist	Observations	167652911		Pam Piombino	2023-06-16T05:30:19	CC_BY_NC_4_0	Pam Piombino	Pam Piombino			2025-10-28T00:23:24.260Z	StillImage	COORDINATE_ROUNDED;CONTINENT_DERIVED_FROM_COORDINATES
4137898667	50c9509d-22c7-4a22-a47d-8c48425ef4a7	https://www.inaturalist.org/observations/167352373	Animalia	Arthropoda	Insecta	Lepidoptera	Noctuidae	Euxoa	Euxoa auxiliaris		SPECIES	Euxoa auxiliaris Grote, 1873	Euxoa auxiliaris		US		Colorado	PRESENT		28eb1a3f-1c15-4a95-931a-4af90ecb574d	39.96378	-105.160347	35.0						2023-06-11T15:50:02	11	6	2023	4301148	4301148	HUMAN_OBSERVATION	iNaturalist	Observations	167352373		Sequoia Janirella Wrens	2023-06-14T12:33:55	CC0_1_0	Sequoia Janirella Wrens	Sequoia Janirella Wrens			2025-10-28T00:23:19.920Z	StillImage	COORDINATE_ROUNDED;CONTINENT_DERIVED_FROM_COORDINATES
4137834979	50c9509d-22c7-4a22-a47d-8c48425ef4a7	https://www.inaturalist.org/observations/169015507	Animalia	Arthropoda	Insecta	Lepidoptera	Noctuidae	Euxoa	Euxoa auxiliaris		SPECIES	Euxoa auxiliaris Grote, 1873	Euxoa auxiliaris		US		Colorado	PRESENT		28eb1a3f-1c15-4a95-931a-4af90ecb574d	38.079755	-105.564668	4.0						2023-06-21T19:21:19	21	6	2023	4301148	4301148	HUMAN_OBSERVATION	iNaturalist	Observations	169015507		RainbowHummingbird	2023-06-23T16:06:39	CC_BY_NC_4_0	RainbowHummingbird	RainbowHummingbird			2025-10-27T22:11:00.574Z	StillImage	COORDINATE_ROUNDED;CONTINENT_DERIVED_FROM_COORDINATES
4137788647	50c9509d-22c7-4a22-a47d-8c48425ef4a7	https://www.inaturalist.org/observations/167602729	Animalia	Arthropoda	Insecta	Lepidoptera	Noctuidae	Euxoa	Euxoa auxiliaris		SPECIES	Euxoa auxiliaris Grote, 1873	Euxoa auxiliaris		US		Colorado	PRESENT		28eb1a3f-1c15-4a95-931a-4af90ecb574d	40.778462	-103.2666	1395.0						2023-04-27T09:35	27	4	2023	4301148	4301148	HUMAN_OBSERVATION	iNaturalist	Observations	167602729		Peter Jessen	2023-06-15T21:53:50	CC_BY_NC_4_0	Peter Jessen	Peter Jessen			2025-10-27T22:10:38.611Z	StillImage	COORDINATE_ROUNDED;CONTINENT_DERIVED_FROM_COORDINATES
4137769926	50c9509d-22c7-4a22-a47d-8c48425ef4a7	https://www.inaturalist.org/observations/167602726	Animalia	Arthropoda	Insecta	Lepidoptera	Noctuidae	Euxoa	Euxoa auxiliaris		SPECIES	Euxoa auxiliaris Grote, 1873	Euxoa auxiliaris		US		Colorado	PRESENT		28eb1a3f-1c15-4a95-931a-4af90ecb574d	40.778462	-103.2666	1395.0						2023-04-27T09:36	27	4	2023	4301148	4301148	HUMAN_OBSERVATION	iNaturalist	Observations	167602726		Peter Jessen	2023-06-15T21:53:49	CC_BY_NC_4_0	Peter Jessen	Peter Jessen			2025-10-27T22:10:39.806Z	StillImage	COORDINATE_ROUNDED;CONTINENT_DERIVED_FROM_COORDINATES
4137658608	50c9509d-22c7-4a22-a47d-8c48425ef4a7	https://www.inaturalist.org/observations/162149274	Animalia	Arthropoda	Insecta	Lepidoptera	Noctuidae	Euxoa	Euxoa auxiliaris		SPECIES	Euxoa auxiliaris Grote, 1873	Euxoa auxiliaris		CA		Saskatchewan	PRESENT		28eb1a3f-1c15-4a95-931a-4af90ecb574d	50.589084	-104.412459	26357.0						2023-05-16T06:30	16	5	2023	4301148	4301148	HUMAN_OBSERVATION	iNaturalist	Observations	162149274		one72guy	2023-05-17T15:57:11	CC_BY_4_0	one72guy	one72guy			2025-10-27T22:09:06.258Z	StillImage	COORDINATE_ROUNDED;CONTINENT_DERIVED_FROM_COORDINATES
4134087465	50c9509d-22c7-4a22-a47d-8c48425ef4a7	https://www.inaturalist.org/observations/166513300	Animalia	Arthropoda	Insecta	Lepidoptera	Noctuidae	Euxoa	Euxoa auxiliaris		SPECIES	Euxoa auxiliaris Grote, 1873	Euxoa auxiliaris		US		Kansas	PRESENT		28eb1a3f-1c15-4a95-931a-4af90ecb574d	38.898224	-99.315251							2023-06-09T18:13:23	9	6	2023	4301148	4301148	HUMAN_OBSERVATION	iNaturalist	Observations	166513300		Hudson Wells	2023-06-10T01:25:58	CC_BY_NC_4_0	Hudson Wells	Hudson Wells			2025-10-27T22:10:17.428Z	StillImage	COORDINATE_ROUNDED;CONTINENT_DERIVED_FROM_COORDINATES
4133998367	50c9509d-22c7-4a22-a47d-8c48425ef4a7	https://www.inaturalist.org/observations/166298710	Animalia	Arthropoda	Insecta	Lepidoptera	Noctuidae	Euxoa	Euxoa auxiliaris		SPECIES	Euxoa auxiliaris Grote, 1873	Euxoa auxiliaris		US		Colorado	PRESENT		28eb1a3f-1c15-4a95-931a-4af90ecb574d	39.858712	-104.678397	54.0						2023-05-22T06:59:04	22	5	2023	4301148	4301148	HUMAN_OBSERVATION	iNaturalist	Observations	166298710		Brian	2023-06-11T03:57:53	CC0_1_0	Sequoia Janirella Wrens	Sequoia Janirella Wrens			2025-10-27T23:38:59.148Z	StillImage	COORDINATE_ROUNDED;CONTINENT_DERIVED_FROM_COORDINATES
4133904480	50c9509d-22c7-4a22-a47d-8c48425ef4a7	https://www.inaturalist.org/observations/166328933	Animalia	Arthropoda	Insecta	Lepidoptera	Noctuidae	Euxoa	Euxoa auxiliaris		SPECIES	Euxoa auxiliaris Grote, 1873	Euxoa auxiliaris		US		North Dakota	PRESENT		28eb1a3f-1c15-4a95-931a-4af90ecb574d	46.916543	-103.52606	6.0						2023-06-08T14:30:34	8	6	2023	4301148	4301148	HUMAN_OBSERVATION	iNaturalist	Observations	166328933		Trevor Zook	2023-06-08T23:22:34	CC_BY_NC_4_0	Trevor Zook	Trevor Zook			2025-10-27T23:31:11.642Z	StillImage	COORDINATE_ROUNDED;CONTINENT_DERIVED_FROM_COORDINATES
4133811689	50c9509d-22c7-4a22-a47d-8c48425ef4a7	https://www.inaturalist.org/observations/166828591	Animalia	Arthropoda	Insecta	Lepidoptera	Noctuidae	Euxoa	Euxoa auxiliaris		SPECIES	Euxoa auxiliaris Grote, 1873	Euxoa auxiliaris		US		Colorado	PRESENT		28eb1a3f-1c15-4a95-931a-4af90ecb574d	38.851458	-104.852242	4.0						2023-06-10T22:09:04	10	6	2023	4301148	4301148	HUMAN_OBSERVATION	iNaturalist	Observations	166828591		Henry Sierra	2023-06-11T17:06:59	CC_BY_NC_4_0	indichik	indichik			2025-10-28T00:23:11.215Z	StillImage	COORDINATE_ROUNDED;CONTINENT_DERIVED_FROM_COORDINATES
4133599654	50c9509d-22c7-4a22-a47d-8c48425ef4a7	https://www.inaturalist.org/observations/164278253	Animalia	Arthropoda	Insecta	Lepidoptera	Noctuidae	Euxoa	Euxoa auxiliaris		SPECIES	Euxoa auxiliaris Grote, 1873	Euxoa auxiliaris		US		Colorado	PRESENT		28eb1a3f-1c15-4a95-931a-4af90ecb574d	39.807227	-105.121783	28030.0						2023-05-28T13:58:09	28	5	2023	4301148	4301148	HUMAN_OBSERVATION	iNaturalist	Observations	164278253		Karim Gharbi	2023-06-10T22:25:45	CC_BY_NC_4_0	Ren Deru	Ren Deru			2025-10-27T22:09:40.034Z	StillImage	COORDINATE_ROUNDED;CONTINENT_DERIVED_FROM_COORDINATES
4130239475	50c9509d-22c7-4a22-a47d-8c48425ef4a7	https://www.inaturalist.org/observations/165666740	Animalia	Arthropoda	Insecta	Lepidoptera	Noctuidae	Euxoa	Euxoa auxiliaris		SPECIES	Euxoa auxiliaris Grote, 1873	Euxoa auxiliaris		CA		Saskatchewan	PRESENT		28eb1a3f-1c15-4a95-931a-4af90ecb574d	49.151665	-107.510211	116.0						2023-05-29T21:17	29	5	2023	4301148	4301148	HUMAN_OBSERVATION	iNaturalist	Observations	165666740		pbulman	2023-06-05T05:04:40	CC_BY_NC_4_0	pbulman	pbulman			2025-10-27T22:10:17.474Z	StillImage	COORDINATE_ROUNDED;CONTINENT_DERIVED_FROM_COORDINATES
4130231586	50c9509d-22c7-4a22-a47d-8c48425ef4a7	https://www.inaturalist.org/observations/165188123	Animalia	Arthropoda	Insecta	Lepidoptera	Noctuidae	Euxoa	Euxoa auxiliaris		SPECIES	Euxoa auxiliaris Grote, 1873	Euxoa auxiliaris		US		Colorado	PRESENT		28eb1a3f-1c15-4a95-931a-4af90ecb574d	40.572955	-105.097136	38.0						2023-06-02T11:45:54	2	6	2023	4301148	4301148	HUMAN_OBSERVATION	iNaturalist	Observations	165188123		Ren Deru	2023-06-02T19:48:02	CC_BY_NC_4_0	Ren Deru	Ren Deru			2025-10-28T00:22:48.402Z	StillImage	COORDINATE_ROUNDED;CONTINENT_DERIVED_FROM_COORDINATES
4130007049	50c9509d-22c7-4a22-a47d-8c48425ef4a7	https://www.inaturalist.org/observations/165575883	Animalia	Arthropoda	Insecta	Lepidoptera	Noctuidae	Euxoa	Euxoa auxiliaris		SPECIES	Euxoa auxiliaris Grote, 1873	Euxoa auxiliaris		US		Colorado	PRESENT		28eb1a3f-1c15-4a95-931a-4af90ecb574d	40.063572	-105.189925	4.0						2023-06-04T11:25:58	4	6	2023	4301148	4301148	HUMAN_OBSERVATION	iNaturalist	Observations	165575883		bbass01	2023-06-04T19:34:11	CC_BY_NC_4_0	bbass01	bbass01			2025-10-27T23:31:01.191Z	StillImage	COORDINATE_ROUNDED;CONTINENT_DERIVED_FROM_COORDINATES
4129993374	50c9509d-22c7-4a22-a47d-8c48425ef4a7	https://www.inaturalist.org/observations/165010461	Animalia	Arthropoda	Insecta	Lepidoptera	Noctuidae	Euxoa	Euxoa auxiliaris		SPECIES	Euxoa auxiliaris Grote, 1873	Euxoa auxiliaris		US		Colorado	PRESENT		28eb1a3f-1c15-4a95-931a-4af90ecb574d	39.642433	-105.592667	1194.0						2023-06-01T10:22	1	6	2023	4301148	4301148	HUMAN_OBSERVATION	iNaturalist	Observations	165010461		williampaulwhite17	2023-06-01T17:56:11	CC_BY_NC_4_0	williampaulwhite17	williampaulwhite17			2025-10-27T22:09:53.028Z	StillImage	COORDINATE_ROUNDED;CONTINENT_DERIVED_FROM_COORDINATES
4129992710	50c9509d-22c7-4a22-a47d-8c48425ef4a7	https://www.inaturalist.org/observations/165060213	Animalia	Arthropoda	Insecta	Lepidoptera	Noctuidae	Euxoa	Euxoa auxiliaris		SPECIES	Euxoa auxiliaris Grote, 1873	Euxoa auxiliaris		US		Colorado	PRESENT		28eb1a3f-1c15-4a95-931a-4af90ecb574d	37.278749	-102.904656	45.0						2023-05-12T21:57	12	5	2023	4301148	4301148	HUMAN_OBSERVATION	iNaturalist	Observations	165060213		Nick Moore	2023-06-02T00:08:13	CC0_1_0	Nick Moore	Nick Moore			2025-10-27T22:09:57.213Z	StillImage	COORDINATE_ROUNDED;CONTINENT_DERIVED_FROM_COORDINATES
4129991272	50c9509d-22c7-4a22-a47d-8c48425ef4a7	https://www.inaturalist.org/observations/165022595	Animalia	Arthropoda	Insecta	Lepidoptera	Noctuidae	Euxoa	Euxoa auxiliaris		SPECIES	Euxoa auxiliaris Grote, 1873	Euxoa auxiliaris		US		Colorado	PRESENT		28eb1a3f-1c15-4a95-931a-4af90ecb574d	40.171477	-105.215172	4.0						2023-05-28T22:03	28	5	2023	4301148	4301148	HUMAN_OBSERVATION	iNaturalist	Observations	165022595		Pam Piombino	2023-06-01T19:18:59	CC_BY_NC_4_0	Pam Piombino	Pam Piombino			2025-10-28T00:22:46.564Z	StillImage	COORDINATE_ROUNDED;CONTINENT_DERIVED_FROM_COORDINATES
4129966714	50c9509d-22c7-4a22-a47d-8c48425ef4a7	https://www.inaturalist.org/observations/164752826	Animalia	Arthropoda	Insecta	Lepidoptera	Noctuidae	Euxoa	Euxoa auxiliaris		SPECIES	Euxoa auxiliaris Grote, 1873	Euxoa auxiliaris		US		Colorado	PRESENT		28eb1a3f-1c15-4a95-931a-4af90ecb574d	39.744639	-104.998156	15.0						2023-05-20T15:21	20	5	2023	4301148	4301148	HUMAN_OBSERVATION	iNaturalist	Observations	164752826		Eric Schmidt	2023-05-31T04:11:17	CC_BY_4_0	Eric Schmidt	Eric Schmidt			2025-10-27T23:30:52.272Z	StillImage	COORDINATE_ROUNDED;CONTINENT_DERIVED_FROM_COORDINATES
4129957884	50c9509d-22c7-4a22-a47d-8c48425ef4a7	https://www.inaturalist.org/observations/164712611	Animalia	Arthropoda	Insecta	Lepidoptera	Noctuidae	Euxoa	Euxoa auxiliaris		SPECIES	Euxoa auxiliaris Grote, 1873	Euxoa auxiliaris		US		Colorado	PRESENT		28eb1a3f-1c15-4a95-931a-4af90ecb574d	39.772414	-105.013611	14.0						2023-05-25T09:03	25	5	2023	4301148	4301148	HUMAN_OBSERVATION	iNaturalist	Observations	164712611		Andy Birkey	2023-05-30T22:42:52	CC_BY_NC_4_0	Andy Birkey	Andy Birkey			2025-10-27T23:38:51.620Z		CONTINENT_DERIVED_FROM_COORDINATES
4129927942	50c9509d-22c7-4a22-a47d-8c48425ef4a7	https://www.inaturalist.org/observations/164743566	Animalia	Arthropoda	Insecta	Lepidoptera	Noctuidae	Euxoa	Euxoa auxiliaris		SPECIES	Euxoa auxiliaris Grote, 1873	Euxoa auxiliaris		US		Kansas	PRESENT		28eb1a3f-1c15-4a95-931a-4af90ecb574d	39.387683	-96.440797	3.0						2023-05-28T09:08:58	28	5	2023	4301148	4301148	HUMAN_OBSERVATION	iNaturalist	Observations	164743566		Marshal Zabel	2023-05-31T02:44:47	CC_BY_NC_4_0	Marshal Zabel	Marshal Zabel			2025-10-27T23:30:49.365Z	StillImage	COORDINATE_ROUNDED;CONTINENT_DERIVED_FROM_COORDINATES
4129910801	50c9509d-22c7-4a22-a47d-8c48425ef4a7	https://www.inaturalist.org/observations/165439690	Animalia	Arthropoda	Insecta	Lepidoptera	Noctuidae	Euxoa	Euxoa auxiliaris		SPECIES	Euxoa auxiliaris Grote, 1873	Euxoa auxiliaris		US		Colorado	PRESENT		28eb1a3f-1c15-4a95-931a-4af90ecb574d	40.060014	-105.198897	31.0						2023-06-03T21:30	3	6	2023	4301148	4301148	HUMAN_OBSERVATION	iNaturalist	Observations	165439690		Leslie S	2023-06-04T03:47:53	CC_BY_NC_4_0	Leslie S	Leslie S			2025-10-27T22:10:00.022Z	StillImage	COORDINATE_ROUNDED;CONTINENT_DERIVED_FROM_COORDINATES
4129874556	50c9509d-22c7-4a22-a47d-8c48425ef4a7	https://www.inaturalist.org/observations/156268486	Animalia	Arthropoda	Insecta	Lepidoptera	Noctuidae	Euxoa	Euxoa auxiliaris		SPECIES	Euxoa auxiliaris Grote, 1873	Euxoa auxiliaris		US		Kansas	PRESENT		28eb1a3f-1c15-4a95-931a-4af90ecb574d	39.192738	-96.597358	4.0						2023-04-23T12:03:08	23	4	2023	4301148	4301148	HUMAN_OBSERVATION	iNaturalist	Observations	156268486		Jacob Riggs	2023-04-23T17:30:59	CC_BY_NC_4_0	Jacob Riggs	Jacob Riggs			2025-10-27T22:13:59.690Z	StillImage	COORDINATE_ROUNDED;CONTINENT_DERIVED_FROM_COORDINATES
4129863946	50c9509d-22c7-4a22-a47d-8c48425ef4a7	https://www.inaturalist.org/observations/164755005	Animalia	Arthropoda	Insecta	Lepidoptera	Noctuidae	Euxoa	Euxoa auxiliaris		SPECIES	Euxoa auxiliaris Grote, 1873	Euxoa auxiliaris		US		Colorado	PRESENT		28eb1a3f-1c15-4a95-931a-4af90ecb574d	39.813414	-104.860691							2023-05-21T12:59	21	5	2023	4301148	4301148	HUMAN_OBSERVATION	iNaturalist	Observations	164755005		Eric Schmidt	2023-05-31T04:35:51	CC_BY_4_0	Eric Schmidt	Eric Schmidt			2025-10-27T23:30:51.314Z	StillImage	COORDINATE_ROUNDED;CONTINENT_DERIVED_FROM_COORDINATES
4129793018	50c9509d-22c7-4a22-a47d-8c48425ef4a7	https://www.inaturalist.org/observations/164977353	Animalia	Arthropoda	Insecta	Lepidoptera	Noctuidae	Euxoa	Euxoa auxiliaris		SPECIES	Euxoa auxiliaris Grote, 1873	Euxoa auxiliaris		US		Colorado	PRESENT		28eb1a3f-1c15-4a95-931a-4af90ecb574d	39.929997	-105.273685	443.0						2023-05-31T12:35	31	5	2023	4301148	4301148	HUMAN_OBSERVATION	iNaturalist	Observations	164977353		Andy Birkey	2023-06-01T14:13:21	CC_BY_NC_4_0	Andy Birkey	Andy Birkey			2025-10-27T22:09:56.260Z		COORDINATE_ROUNDED;CONTINENT_DERIVED_FROM_COORDINATES
4127414069	50c9509d-22c7-4a22-a47d-8c48425ef4a7	https://www.inaturalist.org/observations/164306647	Animalia	Arthropoda	Insecta	Lepidoptera	Noctuidae	Euxoa	Euxoa auxiliaris		SPECIES	Euxoa auxiliaris Grote, 1873	Euxoa auxiliaris		US		Colorado	PRESENT		28eb1a3f-1c15-4a95-931a-4af90ecb574d	40.201142	-105.144577	210.0						2023-05-28T11:34:27	28	5	2023	4301148	4301148	HUMAN_OBSERVATION	iNaturalist	Observations	164306647		fcloudp	2023-05-28T22:14:52	CC_BY_NC_4_0	fcloudp	fcloudp			2025-10-28T00:22:36.916Z	StillImage	COORDINATE_ROUNDED;CONTINENT_DERIVED_FROM_COORDINATES
4127400934	50c9509d-22c7-4a22-a47d-8c48425ef4a7	https://www.inaturalist.org/observations/164439435	Animalia	Arthropoda	Insecta	Lepidoptera	Noctuidae	Euxoa	Euxoa auxiliaris		SPECIES	Euxoa auxiliaris Grote, 1873	Euxoa auxiliaris		US		Colorado	PRESENT		28eb1a3f-1c15-4a95-931a-4af90ecb574d	39.682266	-104.905759	8.0						2023-05-29T00:57	29	5	2023	4301148	4301148	HUMAN_OBSERVATION	iNaturalist	Observations	164439435		Brian	2023-05-29T15:43:55	CC_BY_NC_4_0	Brian	Brian			2025-10-28T00:22:45.072Z	StillImage	COORDINATE_ROUNDED;CONTINENT_DERIVED_FROM_COORDINATES
4127362387	50c9509d-22c7-4a22-a47d-8c48425ef4a7	https://www.inaturalist.org/observations/164077966	Animalia	Arthropoda	Insecta	Lepidoptera	Noctuidae	Euxoa	Euxoa auxiliaris		SPECIES	Euxoa auxiliaris Grote, 1873	Euxoa auxiliaris		US		Colorado	PRESENT		28eb1a3f-1c15-4a95-931a-4af90ecb574d	40.243983	-104.993247	4.0						2023-05-27T15:20:53	27	5	2023	4301148	4301148	HUMAN_OBSERVATION	iNaturalist	Observations	164077966		dshelton	2023-05-27T21:27:40	CC_BY_NC_4_0	dshelton	dshelton			2025-10-27T23:30:45.247Z	StillImage	COORDINATE_ROUNDED;CONTINENT_DERIVED_FROM_COORDINATES
4127351623	50c9509d-22c7-4a22-a47d-8c48425ef4a7	https://www.inaturalist.org/observations/163486793	Animalia	Arthropoda	Insecta	Lepidoptera	Noctuidae	Euxoa	Euxoa auxiliaris		SPECIES	Euxoa auxiliaris Grote, 1873	Euxoa auxiliaris		US		Colorado	PRESENT		28eb1a3f-1c15-4a95-931a-4af90ecb574d	39.82832	-104.749494	11576.0						2023-05-24T08:36:43	24	5	2023	4301148	4301148	HUMAN_OBSERVATION	iNaturalist	Observations	163486793		phyllisf	2023-05-24T14:39:03	CC_BY_NC_4_0	phyllisf	phyllisf			2025-10-27T23:38:12.805Z	StillImage	COORDINATE_ROUNDED;CONTINENT_DERIVED_FROM_COORDINATES
4127331429	50c9509d-22c7-4a22-a47d-8c48425ef4a7	https://www.inaturalist.org/observations/163886203	Animalia	Arthropoda	Insecta	Lepidoptera	Noctuidae	Euxoa	Euxoa auxiliaris		SPECIES	Euxoa auxiliaris Grote, 1873	Euxoa auxiliaris		US		Colorado	PRESENT		28eb1a3f-1c15-4a95-931a-4af90ecb574d	39.85868	-104.672928	84.0						2023-05-26T15:52:08	26	5	2023	4301148	4301148	HUMAN_OBSERVATION	iNaturalist	Observations	163886203		Emily Christian	2023-05-26T21:56:29	CC_BY_NC_4_0	Emily Christian	Emily Christian			2025-10-27T22:09:35.924Z	StillImage	COORDINATE_ROUNDED;CONTINENT_DERIVED_FROM_COORDINATES
4127301310	50c9509d-22c7-4a22-a47d-8c48425ef4a7	https://www.inaturalist.org/observations/163823657	Animalia	Arthropoda	Insecta	Lepidoptera	Noctuidae	Euxoa	Euxoa auxiliaris		SPECIES	Euxoa auxiliaris Grote, 1873	Euxoa auxiliaris		US		Colorado	PRESENT		28eb1a3f-1c15-4a95-931a-4af90ecb574d	40.606509	-105.069058	15.0						2023-05-26T09:23:06	26	5	2023	4301148	4301148	HUMAN_OBSERVATION	iNaturalist	Observations	163823657		awestford	2023-05-26T15:23:56	CC_BY_NC_4_0	awestford	awestford			2025-10-28T00:22:32.617Z	StillImage	COORDINATE_ROUNDED;CONTINENT_DERIVED_FROM_COORDINATES
4127171911	50c9509d-22c7-4a22-a47d-8c48425ef4a7	https://www.inaturalist.org/observations/164422969	Animalia	Arthropoda	Insecta	Lepidoptera	Noctuidae	Euxoa	Euxoa auxiliaris		SPECIES	Euxoa auxiliaris Grote, 1873	Euxoa auxiliaris		US		Colorado	PRESENT		28eb1a3f-1c15-4a95-931a-4af90ecb574d	38.811337	-104.901938	5.0						2023-05-28T16:08:58	28	5	2023	4301148	4301148	HUMAN_OBSERVATION	iNaturalist	Observations	164422969		danbysf	2023-05-29T14:14:58	CC_BY_NC_4_0	danbysf	danbysf			2025-10-27T23:30:49.569Z	StillImage	COORDINATE_ROUNDED;CONTINENT_DERIVED_FROM_COORDINATES
4127160374	50c9509d-22c7-4a22-a47d-8c48425ef4a7	https://www.inaturalist.org/observations/163359257	Animalia	Arthropoda	Insecta	Lepidoptera	Noctuidae	Euxoa	Euxoa auxiliaris		SPECIES	Euxoa auxiliaris Grote, 1873	Euxoa auxiliaris		US		Colorado	PRESENT		28eb1a3f-1c15-4a95-931a-4af90ecb574d	39.815328	-104.880292							2023-05-21T14:29	21	5	2023	4301148	4301148	HUMAN_OBSERVATION	iNaturalist	Observations	163359257		Eric Schmidt	2023-05-23T19:14:49	CC_BY_4_0	Eric Schmidt	Eric Schmidt			2025-10-27T22:09:22.603Z	StillImage	COORDINATE_ROUNDED;CONTINENT_DERIVED_FROM_COORDINATES
4127083149	50c9509d-22c7-4a22-a47d-8c48425ef4a7	https://www.inaturalist.org/observations/164576663	Animalia	Arthropoda	Insecta	Lepidoptera	Noctuidae	Euxoa	Euxoa auxiliaris		SPECIES	Euxoa auxiliaris Grote, 1873	Euxoa auxiliaris		US		Colorado	PRESENT		28eb1a3f-1c15-4a95-931a-4af90ecb574d	38.868425	-104.802038	13319.0						2023-05-29T22:28:33	29	5	2023	4301148	4301148	HUMAN_OBSERVATION	iNaturalist	Observations	164576663		evano__	2023-05-30T04:32:01	CC_BY_NC_4_0	evano__	evano__			2025-10-27T22:09:41.852Z	StillImage	COORDINATE_ROUNDED;CONTINENT_DERIVED_FROM_COORDINATES
4127066544	50c9509d-22c7-4a22-a47d-8c48425ef4a7	https://www.inaturalist.org/observations/164369563	Animalia	Arthropoda	Insecta	Lepidoptera	Noctuidae	Euxoa	Euxoa auxiliaris		SPECIES	Euxoa auxiliaris Grote, 1873	Euxoa auxiliaris		US		Colorado	PRESENT		28eb1a3f-1c15-4a95-931a-4af90ecb574d	39.859086	-104.666289							2023-05-21T16:04	21	5	2023	4301148	4301148	HUMAN_OBSERVATION	iNaturalist	Observations	164369563		Eric Schmidt	2023-05-29T05:59:20	CC_BY_4_0	Eric Schmidt	Eric Schmidt			2025-10-27T22:09:42.185Z	StillImage	COORDINATE_ROUNDED;CONTINENT_DERIVED_FROM_COORDINATES
4127041418	50c9509d-22c7-4a22-a47d-8c48425ef4a7	https://www.inaturalist.org/observations/164369562	Animalia	Arthropoda	Insecta	Lepidoptera	Noctuidae	Euxoa	Euxoa auxiliaris		SPECIES	Euxoa auxiliaris Grote, 1873	Euxoa auxiliaris		US		Colorado	PRESENT		28eb1a3f-1c15-4a95-931a-4af90ecb574d	39.859086	-104.666289							2023-05-21T16:04	21	5	2023	4301148	4301148	HUMAN_OBSERVATION	iNaturalist	Observations	164369562		Eric Schmidt	2023-05-29T05:59:20	CC_BY_4_0	Eric Schmidt	Eric Schmidt			2025-10-28T00:22:39.169Z	StillImage	COORDINATE_ROUNDED;CONTINENT_DERIVED_FROM_COORDINATES
4126896809	50c9509d-22c7-4a22-a47d-8c48425ef4a7	https://www.inaturalist.org/observations/163657842	Animalia	Arthropoda	Insecta	Lepidoptera	Noctuidae	Euxoa	Euxoa auxiliaris		SPECIES	Euxoa auxiliaris Grote, 1873	Euxoa auxiliaris		US		Oklahoma	PRESENT		28eb1a3f-1c15-4a95-931a-4af90ecb574d	35.474778	-97.516333							2023-05-25T10:05:55	25	5	2023	4301148	4301148	HUMAN_OBSERVATION	iNaturalist	Observations	163657842		Mary Hogan	2023-05-25T15:25:22	CC_BY_NC_4_0	Mary Hogan	Mary Hogan			2025-10-28T00:22:30.273Z	StillImage	COORDINATE_ROUNDED;CONTINENT_DERIVED_FROM_COORDINATES
4126844846	50c9509d-22c7-4a22-a47d-8c48425ef4a7	https://www.inaturalist.org/observations/164070437	Animalia	Arthropoda	Insecta	Lepidoptera	Noctuidae	Euxoa	Euxoa auxiliaris		SPECIES	Euxoa auxiliaris Grote, 1873	Euxoa auxiliaris		US		Colorado	PRESENT		28eb1a3f-1c15-4a95-931a-4af90ecb574d	38.794493	-104.802777	139.0						2023-05-27T14:44:48	27	5	2023	4301148	4301148	HUMAN_OBSERVATION	iNaturalist	Observations	164070437		kbird74	2023-05-27T20:46:06	CC_BY_NC_4_0	kbird74	kbird74			2025-10-27T22:09:39.513Z	StillImage	COORDINATE_ROUNDED;CONTINENT_DERIVED_FROM_COORDINATES
4126770292	50c9509d-22c7-4a22-a47d-8c48425ef4a7	https://www.inaturalist.org/observations/161234548	Animalia	Arthropoda	Insecta	Lepidoptera	Noctuidae	Euxoa	Euxoa auxiliaris		SPECIES	Euxoa auxiliaris Grote, 1873	Euxoa auxiliaris		US		Colorado	PRESENT		28eb1a3f-1c15-4a95-931a-4af90ecb574d	38.301575	-104.589492							2023-05-12T08:17:20	12	5	2023	4301148	4301148	HUMAN_OBSERVATION	iNaturalist	Observations	161234548		vjnorthcutt	2023-05-12T14:22:24	CC0_1_0	vjnorthcutt	vjnorthcutt			2025-10-27T22:15:55.348Z	StillImage	COORDINATE_ROUNDED;CONTINENT_DERIVED_FROM_COORDINATES
4126763035	50c9509d-22c7-4a22-a47d-8c48425ef4a7	https://www.inaturalist.org/observations/159874118	Animalia	Arthropoda	Insecta	Lepidoptera	Noctuidae	Euxoa	Euxoa auxiliaris		SPECIES	Euxoa auxiliaris Grote, 1873	Euxoa auxiliaris		US		Kansas	PRESENT		28eb1a3f-1c15-4a95-931a-4af90ecb574d	37.555562	-97.246471							2023-05-02T10:56	2	5	2023	4301148	4301148	HUMAN_OBSERVATION	iNaturalist	Observations	159874118		Adam Rogers	2023-05-05T15:27:40	CC_BY_NC_4_0	Adam Rogers	Adam Rogers			2025-10-27T22:08:29.459Z	StillImage	COORDINATE_ROUNDED;CONTINENT_DERIVED_FROM_COORDINATES
4126742939	50c9509d-22c7-4a22-a47d-8c48425ef4a7	https://www.inaturalist.org/observations/164070039	Animalia	Arthropoda	Insecta	Lepidoptera	Noctuidae	Euxoa	Euxoa auxiliaris		SPECIES	Euxoa auxiliaris Grote, 1873	Euxoa auxiliaris		US		Colorado	PRESENT		28eb1a3f-1c15-4a95-931a-4af90ecb574d	38.794559	-104.80282	4.0						2023-05-27T14:42:20	27	5	2023	4301148	4301148	HUMAN_OBSERVATION	iNaturalist	Observations	164070039		Christian Nunes	2023-05-28T01:19:35	CC_BY_NC_4_0	kbird74	kbird74			2025-10-28T00:22:34.211Z	StillImage	COORDINATE_ROUNDED;CONTINENT_DERIVED_FROM_COORDINATES
4126699833	50c9509d-22c7-4a22-a47d-8c48425ef4a7	https://www.inaturalist.org/observations/163583719	Animalia	Arthropoda	Insecta	Lepidoptera	Noctuidae	Euxoa	Euxoa auxiliaris		SPECIES	Euxoa auxiliaris Grote, 1873	Euxoa auxiliaris		US		Colorado	PRESENT		28eb1a3f-1c15-4a95-931a-4af90ecb574d	39.750512	-104.999563	26.0						2023-05-24T19:51:43	24	5	2023	4301148	4301148	HUMAN_OBSERVATION	iNaturalist	Observations	163583719		vrbart	2023-05-25T01:52:36	CC_BY_NC_4_0	vrbart	vrbart			2025-10-27T23:30:34.356Z	StillImage	COORDINATE_ROUNDED;CONTINENT_DERIVED_FROM_COORDINATES
4121488375	50c9509d-22c7-4a22-a47d-8c48425ef4a7	https://www.inaturalist.org/observations/162977405	Animalia	Arthropoda	Insecta	Lepidoptera	Noctuidae	Euxoa	Euxoa auxiliaris		SPECIES	Euxoa auxiliaris Grote, 1873	Euxoa auxiliaris		US		Texas	PRESENT		28eb1a3f-1c15-4a95-931a-4af90ecb574d	34.929159	-101.664505	1953.0						2023-05-06T20:14	6	5	2023	4301148	4301148	HUMAN_OBSERVATION	iNaturalist	Observations	162977405		Bob Frank	2023-05-21T20:26:12	CC_BY_NC_4_0	Bob Frank	Bob Frank			2025-10-27T23:30:30.091Z	StillImage	COORDINATE_ROUNDED;CONTINENT_DERIVED_FROM_COORDINATES
4121483686	50c9509d-22c7-4a22-a47d-8c48425ef4a7	https://www.inaturalist.org/observations/163236970	Animalia	Arthropoda	Insecta	Lepidoptera	Noctuidae	Euxoa	Euxoa auxiliaris		SPECIES	Euxoa auxiliaris Grote, 1873	Euxoa auxiliaris		US		Colorado	PRESENT		28eb1a3f-1c15-4a95-931a-4af90ecb574d	39.859763	-105.102899	1.0						2023-05-18T21:15	18	5	2023	4301148	4301148	HUMAN_OBSERVATION	iNaturalist	Observations	163236970		David Martin	2023-05-23T01:35:45	CC_BY_NC_4_0	David Martin	David Martin			2025-10-27T22:09:29.065Z	StillImage	COORDINATE_ROUNDED;CONTINENT_DERIVED_FROM_COORDINATES
4121433701	50c9509d-22c7-4a22-a47d-8c48425ef4a7	https://www.inaturalist.org/observations/162590297	Animalia	Arthropoda	Insecta	Lepidoptera	Noctuidae	Euxoa	Euxoa auxiliaris		SPECIES	Euxoa auxiliaris Grote, 1873	Euxoa auxiliaris		US		New Mexico	PRESENT		28eb1a3f-1c15-4a95-931a-4af90ecb574d	35.076767	-106.607178	10.0						2023-05-14T10:55:20	14	5	2023	4301148	4301148	HUMAN_OBSERVATION	iNaturalist	Observations	162590297		chobbs405	2023-05-20T02:26:19	CC_BY_NC_4_0	chobbs405	chobbs405			2025-10-28T00:22:15.160Z	StillImage	COORDINATE_ROUNDED;CONTINENT_DERIVED_FROM_COORDINATES
4121430349	50c9509d-22c7-4a22-a47d-8c48425ef4a7	https://www.inaturalist.org/observations/162574616	Animalia	Arthropoda	Insecta	Lepidoptera	Noctuidae	Euxoa	Euxoa auxiliaris		SPECIES	Euxoa auxiliaris Grote, 1873	Euxoa auxiliaris		US		Colorado	PRESENT		28eb1a3f-1c15-4a95-931a-4af90ecb574d	39.97775	-105.275095	35.0						2023-05-19T10:55:42	19	5	2023	4301148	4301148	HUMAN_OBSERVATION	iNaturalist	Observations	162574616		Karim Gharbi	2023-05-20T00:56:01	CC_BY_NC_4_0	Kal Breeden	Kal Breeden			2025-10-27T22:09:10.570Z	StillImage	CONTINENT_DERIVED_FROM_COORDINATES
4121425626	50c9509d-22c7-4a22-a47d-8c48425ef4a7	https://www.inaturalist.org/observations/162467525	Animalia	Arthropoda	Insecta	Lepidoptera	Noctuidae	Euxoa	Euxoa auxiliaris		SPECIES	Euxoa auxiliaris Grote, 1873	Euxoa auxiliaris		US		Oklahoma	PRESENT		28eb1a3f-1c15-4a95-931a-4af90ecb574d	35.685814	-97.502653	7.0						2023-05-19T08:01:25	19	5	2023	4301148	4301148	HUMAN_OBSERVATION	iNaturalist	Observations	162467525		parks1991	2023-05-19T13:01:51	CC_BY_NC_4_0	parks1991	parks1991			2025-10-27T22:09:13.080Z	StillImage	COORDINATE_ROUNDED;CONTINENT_DERIVED_FROM_COORDINATES
4121297499	50c9509d-22c7-4a22-a47d-8c48425ef4a7	https://www.inaturalist.org/observations/159195907	Animalia	Arthropoda	Insecta	Lepidoptera	Noctuidae	Euxoa	Euxoa auxiliaris		SPECIES	Euxoa auxiliaris Grote, 1873	Euxoa auxiliaris		US		Texas	PRESENT		28eb1a3f-1c15-4a95-931a-4af90ecb574d	35.230883	-101.794983	3.0						2023-05-01T19:59:11	1	5	2023	4301148	4301148	HUMAN_OBSERVATION	iNaturalist	Observations	159195907		steph_anie	2023-05-02T16:12:24	CC_BY_NC_4_0	steph_anie	steph_anie			2025-10-27T23:29:59.009Z	StillImage	COORDINATE_ROUNDED;CONTINENT_DERIVED_FROM_COORDINATES
4121278122	50c9509d-22c7-4a22-a47d-8c48425ef4a7	https://www.inaturalist.org/observations/162332616	Animalia	Arthropoda	Insecta	Lepidoptera	Noctuidae	Euxoa	Euxoa auxiliaris		SPECIES	Euxoa auxiliaris Grote, 1873	Euxoa auxiliaris		US		Colorado	PRESENT		28eb1a3f-1c15-4a95-931a-4af90ecb574d	38.246307	-103.740163	28270.0						2023-05-04T08:04	4	5	2023	4301148	4301148	HUMAN_OBSERVATION	iNaturalist	Observations	162332616		Jozef K. Richards	2023-05-18T16:58:29	CC_BY_NC_4_0	Jozef K. Richards	Jozef K. Richards			2025-10-27T22:15:13.522Z	StillImage	COORDINATE_ROUNDED;CONTINENT_DERIVED_FROM_COORDINATES
4121188445	50c9509d-22c7-4a22-a47d-8c48425ef4a7	https://www.inaturalist.org/observations/158755070	Animalia	Arthropoda	Insecta	Lepidoptera	Noctuidae	Euxoa	Euxoa auxiliaris		SPECIES	Euxoa auxiliaris Grote, 1873	Euxoa auxiliaris		US		Texas	PRESENT		28eb1a3f-1c15-4a95-931a-4af90ecb574d	34.980442	-101.95527	4.0						2023-05-01T12:38:35	1	5	2023	4301148	4301148	HUMAN_OBSERVATION	iNaturalist	Observations	158755070		bbblas46	2023-05-01T17:52:17	CC_BY_NC_4_0	bbblas46	bbblas46			2025-10-28T00:21:25.672Z	StillImage	COORDINATE_ROUNDED;CONTINENT_DERIVED_FROM_COORDINATES
4121142659	50c9509d-22c7-4a22-a47d-8c48425ef4a7	https://www.inaturalist.org/observations/162796043	Animalia	Arthropoda	Insecta	Lepidoptera	Noctuidae	Euxoa	Euxoa auxiliaris		SPECIES	Euxoa auxiliaris Grote, 1873	Euxoa auxiliaris		US		New Mexico	PRESENT		28eb1a3f-1c15-4a95-931a-4af90ecb574d	35.119632	-106.657243	198.0						2023-05-20T12:24	20	5	2023	4301148	4301148	HUMAN_OBSERVATION	iNaturalist	Observations	162796043		Brandt Magic	2023-05-21T01:54:49	CC_BY_NC_4_0	Brandt Magic	Brandt Magic			2025-10-28T00:22:15.791Z	StillImage	COORDINATE_ROUNDED;CONTINENT_DERIVED_FROM_COORDINATES
4121116993	50c9509d-22c7-4a22-a47d-8c48425ef4a7	https://www.inaturalist.org/observations/163380877	Animalia	Arthropoda	Insecta	Lepidoptera	Noctuidae	Euxoa	Euxoa auxiliaris		SPECIES	Euxoa auxiliaris Grote, 1873	Euxoa auxiliaris		US		Minnesota	PRESENT		28eb1a3f-1c15-4a95-931a-4af90ecb574d	48.170572	-94.511855	164.0						2023-04-28T12:00:03	28	4	2023	4301148	4301148	HUMAN_OBSERVATION	iNaturalist	Observations	163380877		sundew6	2023-05-23T21:25:53	CC_BY_NC_4_0	sundew6	sundew6			2025-10-27T23:30:52.422Z		COORDINATE_ROUNDED;CONTINENT_DERIVED_FROM_COORDINATES
4121106933	50c9509d-22c7-4a22-a47d-8c48425ef4a7	https://www.inaturalist.org/observations/162417641	Animalia	Arthropoda	Insecta	Lepidoptera	Noctuidae	Euxoa	Euxoa auxiliaris		SPECIES	Euxoa auxiliaris Grote, 1873	Euxoa auxiliaris		US		Colorado	PRESENT		28eb1a3f-1c15-4a95-931a-4af90ecb574d	39.845461	-104.671859	28030.0						2023-05-17T06:42:59	17	5	2023	4301148	4301148	HUMAN_OBSERVATION	iNaturalist	Observations	162417641		hannah_rg	2023-05-19T03:05:53	CC_BY_NC_4_0	hannah_rg	hannah_rg			2025-10-28T00:22:11.611Z	StillImage	COORDINATE_ROUNDED;CONTINENT_DERIVED_FROM_COORDINATES
4121087015	50c9509d-22c7-4a22-a47d-8c48425ef4a7	https://www.inaturalist.org/observations/162248256	Animalia	Arthropoda	Insecta	Lepidoptera	Noctuidae	Euxoa	Euxoa auxiliaris		SPECIES	Euxoa auxiliaris Grote, 1873	Euxoa auxiliaris		US		Colorado	PRESENT		28eb1a3f-1c15-4a95-931a-4af90ecb574d	40.146075	-105.306119	292.0						2023-05-16T21:03	16	5	2023	4301148	4301148	HUMAN_OBSERVATION	iNaturalist	Observations	162248256		Pam Piombino	2023-05-18T04:21:31	CC_BY_NC_4_0	Pam Piombino	Pam Piombino			2025-10-28T00:22:10.063Z	StillImage	COORDINATE_ROUNDED;CONTINENT_DERIVED_FROM_COORDINATES
4121079662	50c9509d-22c7-4a22-a47d-8c48425ef4a7	https://www.inaturalist.org/observations/162039881	Animalia	Arthropoda	Insecta	Lepidoptera	Noctuidae	Euxoa	Euxoa auxiliaris		SPECIES	Euxoa auxiliaris Grote, 1873	Euxoa auxiliaris		US		Colorado	PRESENT		28eb1a3f-1c15-4a95-931a-4af90ecb574d	39.704209	-105.086503	201.0						2023-05-16T14:09	16	5	2023	4301148	4301148	HUMAN_OBSERVATION	iNaturalist	Observations	162039881		charliesaunders	2023-05-16T21:34:43	CC_BY_NC_4_0	charliesaunders	charliesaunders			2025-10-27T22:13:22.332Z	StillImage	COORDINATE_ROUNDED;CONTINENT_DERIVED_FROM_COORDINATES
4121054046	50c9509d-22c7-4a22-a47d-8c48425ef4a7	https://www.inaturalist.org/observations/162781022	Animalia	Arthropoda	Insecta	Lepidoptera	Noctuidae	Euxoa	Euxoa auxiliaris		SPECIES	Euxoa auxiliaris Grote, 1873	Euxoa auxiliaris		US		Kansas	PRESENT		28eb1a3f-1c15-4a95-931a-4af90ecb574d	37.673929	-97.245547	35.0						2023-05-20T19:06:26	20	5	2023	4301148	4301148	HUMAN_OBSERVATION	iNaturalist	Observations	162781022		adrianslr	2023-05-21T00:07:18	CC_BY_NC_4_0	adrianslr	adrianslr			2025-10-27T22:09:16.221Z	StillImage	COORDINATE_ROUNDED;CONTINENT_DERIVED_FROM_COORDINATES
4120933772	50c9509d-22c7-4a22-a47d-8c48425ef4a7	https://www.inaturalist.org/observations/162088735	Animalia	Arthropoda	Insecta	Lepidoptera	Noctuidae	Euxoa	Euxoa auxiliaris		SPECIES	Euxoa auxiliaris Grote, 1873	Euxoa auxiliaris		US		Colorado	PRESENT		28eb1a3f-1c15-4a95-931a-4af90ecb574d	39.53781	-105.006476	12.0						2023-05-16T22:27:43	16	5	2023	4301148	4301148	HUMAN_OBSERVATION	iNaturalist	Observations	162088735		melspippin	2023-05-17T14:26:02	CC_BY_NC_4_0	Arthur Cooke	Arthur Cooke			2025-10-28T00:22:05.088Z	StillImage	COORDINATE_ROUNDED;CONTINENT_DERIVED_FROM_COORDINATES
4120909583	50c9509d-22c7-4a22-a47d-8c48425ef4a7	https://www.inaturalist.org/observations/159195241	Animalia	Arthropoda	Insecta	Lepidoptera	Noctuidae	Euxoa	Euxoa auxiliaris		SPECIES	Euxoa auxiliaris Grote, 1873	Euxoa auxiliaris		US		Texas	PRESENT		28eb1a3f-1c15-4a95-931a-4af90ecb574d	35.230852	-101.794955	34.0						2023-05-01T01:35:46	1	5	2023	4301148	4301148	HUMAN_OBSERVATION	iNaturalist	Observations	159195241		steph_anie	2023-05-02T16:09:57	CC_BY_NC_4_0	steph_anie	steph_anie			2025-10-28T00:21:30.077Z	StillImage	COORDINATE_ROUNDED;CONTINENT_DERIVED_FROM_COORDINATES
4120851231	50c9509d-22c7-4a22-a47d-8c48425ef4a7	https://www.inaturalist.org/observations/162246418	Animalia	Arthropoda	Insecta	Lepidoptera	Noctuidae	Euxoa	Euxoa auxiliaris		SPECIES	Euxoa auxiliaris Grote, 1873	Euxoa auxiliaris		US		Colorado	PRESENT		28eb1a3f-1c15-4a95-931a-4af90ecb574d	40.17363	-105.122847	4.0						2023-05-17T21:26:49	17	5	2023	4301148	4301148	HUMAN_OBSERVATION	iNaturalist	Observations	162246418		Christian Nunes	2023-05-18T04:02:33	CC_BY_NC_4_0	Christian Nunes	Christian Nunes			2025-10-27T22:09:20.180Z	StillImage	COORDINATE_ROUNDED;CONTINENT_DERIVED_FROM_COORDINATES
4120845425	50c9509d-22c7-4a22-a47d-8c48425ef4a7	https://www.inaturalist.org/observations/158223858	Animalia	Arthropoda	Insecta	Lepidoptera	Noctuidae	Euxoa	Euxoa auxiliaris		SPECIES	Euxoa auxiliaris Grote, 1873	Euxoa auxiliaris		US		Texas	PRESENT		28eb1a3f-1c15-4a95-931a-4af90ecb574d	34.973857	-101.914715	13.0						2023-04-30T13:33:01	30	4	2023	4301148	4301148	HUMAN_OBSERVATION	iNaturalist	Observations	158223858		wcburg	2023-04-30T18:33:19	CC_BY_NC_4_0	wcburg	wcburg			2025-10-27T23:37:42.317Z	StillImage	COORDINATE_ROUNDED;CONTINENT_DERIVED_FROM_COORDINATES
4116651239	50c9509d-22c7-4a22-a47d-8c48425ef4a7	https://www.inaturalist.org/observations/161688434	Animalia	Arthropoda	Insecta	Lepidoptera	Noctuidae	Euxoa	Euxoa auxiliaris		SPECIES	Euxoa auxiliaris Grote, 1873	Euxoa auxiliaris		US		Oklahoma	PRESENT		28eb1a3f-1c15-4a95-931a-4af90ecb574d	36.774528	-99.105894							2023-05-06T16:10	6	5	2023	4301148	4301148	HUMAN_OBSERVATION	iNaturalist	Observations	161688434		adfloyd	2023-05-14T21:26:39	CC_BY_NC_4_0	adfloyd	adfloyd			2025-10-28T00:22:02.814Z	StillImage	COORDINATE_ROUNDED;CONTINENT_DERIVED_FROM_COORDINATES
4116627276	50c9509d-22c7-4a22-a47d-8c48425ef4a7	https://www.inaturalist.org/observations/161732638	Animalia	Arthropoda	Insecta	Lepidoptera	Noctuidae	Euxoa	Euxoa auxiliaris		SPECIES	Euxoa auxiliaris Grote, 1873	Euxoa auxiliaris		US		Colorado	PRESENT		28eb1a3f-1c15-4a95-931a-4af90ecb574d	39.7356	-104.951605	16.0						2023-05-14T15:54:34	14	5	2023	4301148	4301148	HUMAN_OBSERVATION	iNaturalist	Observations	161732638		wallstet	2023-05-15T02:08:54	CC_BY_NC_4_0	wallstet	wallstet			2025-10-28T00:22:02.586Z	StillImage	CONTINENT_DERIVED_FROM_COORDINATES
4116614639	50c9509d-22c7-4a22-a47d-8c48425ef4a7	https://www.inaturalist.org/observations/161325768	Animalia	Arthropoda	Insecta	Lepidoptera	Noctuidae	Euxoa	Euxoa auxiliaris		SPECIES	Euxoa auxiliaris Grote, 1873	Euxoa auxiliaris		US		Colorado	PRESENT		28eb1a3f-1c15-4a95-931a-4af90ecb574d	38.071723	-102.93276	470.0						2023-05-03T10:56	3	5	2023	4301148	4301148	HUMAN_OBSERVATION	iNaturalist	Observations	161325768		Steven Mlodinow	2023-05-13T01:01:36	CC_BY_NC_4_0	Steven Mlodinow	Steven Mlodinow			2025-10-27T23:30:08.257Z	StillImage	COORDINATE_ROUNDED;CONTINENT_DERIVED_FROM_COORDINATES
4116610568	50c9509d-22c7-4a22-a47d-8c48425ef4a7	https://www.inaturalist.org/observations/161501916	Animalia	Arthropoda	Insecta	Lepidoptera	Noctuidae	Euxoa	Euxoa auxiliaris		SPECIES	Euxoa auxiliaris Grote, 1873	Euxoa auxiliaris		US		Colorado	PRESENT		28eb1a3f-1c15-4a95-931a-4af90ecb574d	40.434661	-104.685765	8594.0						2023-05-13T06:35:29	13	5	2023	4301148	4301148	HUMAN_OBSERVATION	iNaturalist	Observations	161501916		Hannah Cantin	2023-05-13T22:59:31	CC_BY_NC_4_0	Hannah Cantin	Hannah Cantin			2025-10-28T00:21:57.941Z	StillImage	COORDINATE_ROUNDED;CONTINENT_DERIVED_FROM_COORDINATES
4116607303	50c9509d-22c7-4a22-a47d-8c48425ef4a7	https://www.inaturalist.org/observations/161620358	Animalia	Arthropoda	Insecta	Lepidoptera	Noctuidae	Euxoa	Euxoa auxiliaris		SPECIES	Euxoa auxiliaris Grote, 1873	Euxoa auxiliaris		US		Colorado	PRESENT		28eb1a3f-1c15-4a95-931a-4af90ecb574d	39.882097	-105.105017							2023-05-14T09:48:27	14	5	2023	4301148	4301148	HUMAN_OBSERVATION	iNaturalist	Observations	161620358		David Peterson	2023-05-14T15:49:26	CC_BY_NC_4_0	David Peterson	David Peterson			2025-10-27T23:38:18.683Z	StillImage	COORDINATE_ROUNDED;CONTINENT_DERIVED_FROM_COORDINATES
4116565814	50c9509d-22c7-4a22-a47d-8c48425ef4a7	https://www.inaturalist.org/observations/160485005	Animalia	Arthropoda	Insecta	Lepidoptera	Noctuidae	Euxoa	Euxoa auxiliaris		SPECIES	Euxoa auxiliaris Grote, 1873	Euxoa auxiliaris		US		Colorado	PRESENT		28eb1a3f-1c15-4a95-931a-4af90ecb574d	37.829328	-106.218138	4.0						2023-05-05T08:45:25	5	5	2023	4301148	4301148	HUMAN_OBSERVATION	iNaturalist	Observations	160485005		stinglessbee	2023-05-08T02:54:00	CC_BY_NC_4_0	stinglessbee	stinglessbee			2025-10-27T23:29:55.442Z	StillImage	COORDINATE_ROUNDED;CONTINENT_DERIVED_FROM_COORDINATES
4116561161	50c9509d-22c7-4a22-a47d-8c48425ef4a7	https://www.inaturalist.org/observations/161694000	Animalia	Arthropoda	Insecta	Lepidoptera	Noctuidae	Euxoa	Euxoa auxiliaris		SPECIES	Euxoa auxiliaris Grote, 1873	Euxoa auxiliaris		US		Colorado	PRESENT		28eb1a3f-1c15-4a95-931a-4af90ecb574d	39.653857	-104.970935							2023-05-14T12:50:22	14	5	2023	4301148	4301148	HUMAN_OBSERVATION	iNaturalist	Observations	161694000		Karim Gharbi	2023-05-14T21:59:43	CC_BY_NC_4_0	Karim Gharbi	Karim Gharbi			2025-10-27T22:08:56.755Z	StillImage	COORDINATE_ROUNDED;CONTINENT_DERIVED_FROM_COORDINATES
4116556343	50c9509d-22c7-4a22-a47d-8c48425ef4a7	https://www.inaturalist.org/observations/161273499	Animalia	Arthropoda	Insecta	Lepidoptera	Noctuidae	Euxoa	Euxoa auxiliaris		SPECIES	Euxoa auxiliaris Grote, 1873	Euxoa auxiliaris		US		Colorado	PRESENT		28eb1a3f-1c15-4a95-931a-4af90ecb574d	39.536912	-105.004128	9.0						2023-05-12T12:14:58	12	5	2023	4301148	4301148	HUMAN_OBSERVATION	iNaturalist	Observations	161273499		Scott Greubel	2023-05-12T18:41:25	CC_BY_NC_4_0	Scott Greubel	Scott Greubel			2025-10-27T23:30:09.151Z	StillImage	COORDINATE_ROUNDED;CONTINENT_DERIVED_FROM_COORDINATES
4116547112	50c9509d-22c7-4a22-a47d-8c48425ef4a7	https://www.inaturalist.org/observations/161086213	Animalia	Arthropoda	Insecta	Lepidoptera	Noctuidae	Euxoa	Euxoa auxiliaris		SPECIES	Euxoa auxiliaris Grote, 1873	Euxoa auxiliaris		US		Colorado	PRESENT		28eb1a3f-1c15-4a95-931a-4af90ecb574d	39.728845	-105.065463	61.0						2023-05-11T08:35	11	5	2023	4301148	4301148	HUMAN_OBSERVATION	iNaturalist	Observations	161086213		charliesaunders	2023-05-11T15:34:55	CC_BY_NC_4_0	charliesaunders	charliesaunders			2025-10-27T22:08:47.454Z	StillImage	COORDINATE_ROUNDED;CONTINENT_DERIVED_FROM_COORDINATES
4116506137	50c9509d-22c7-4a22-a47d-8c48425ef4a7	https://www.inaturalist.org/observations/161525309	Animalia	Arthropoda	Insecta	Lepidoptera	Noctuidae	Euxoa	Euxoa auxiliaris		SPECIES	Euxoa auxiliaris Grote, 1873	Euxoa auxiliaris		US		Colorado	PRESENT		28eb1a3f-1c15-4a95-931a-4af90ecb574d	39.833011	-105.128869	28030.0						2023-05-13T11:36:03	13	5	2023	4301148	4301148	HUMAN_OBSERVATION	iNaturalist	Observations	161525309		Brian	2023-05-14T13:58:53	CC_BY_NC_4_0	Ren Deru	Ren Deru			2025-10-28T00:21:58.904Z	StillImage	COORDINATE_ROUNDED;CONTINENT_DERIVED_FROM_COORDINATES
4116503735	50c9509d-22c7-4a22-a47d-8c48425ef4a7	https://www.inaturalist.org/observations/161353574	Animalia	Arthropoda	Insecta	Lepidoptera	Noctuidae	Euxoa	Euxoa auxiliaris		SPECIES	Euxoa auxiliaris Grote, 1873	Euxoa auxiliaris		US		Colorado	PRESENT		28eb1a3f-1c15-4a95-931a-4af90ecb574d	39.009742	-104.888927	23.0						2023-05-12T23:21:53	12	5	2023	4301148	4301148	HUMAN_OBSERVATION	iNaturalist	Observations	161353574		miinhaa	2023-05-13T05:42:54	CC_BY_NC_4_0	miinhaa	miinhaa			2025-10-27T22:12:24.671Z	StillImage	COORDINATE_ROUNDED;CONTINENT_DERIVED_FROM_COORDINATES
4116490621	50c9509d-22c7-4a22-a47d-8c48425ef4a7	https://www.inaturalist.org/observations/160848952	Animalia	Arthropoda	Insecta	Lepidoptera	Noctuidae	Euxoa	Euxoa auxiliaris		SPECIES	Euxoa auxiliaris Grote, 1873	Euxoa auxiliaris		US		Colorado	PRESENT		28eb1a3f-1c15-4a95-931a-4af90ecb574d	38.901225	-104.81848	8.0						2023-05-07T18:54:04	7	5	2023	4301148	4301148	HUMAN_OBSERVATION	iNaturalist	Observations	160848952		@korone on iNaturalist.org	2023-05-10T19:46:01	CC_BY_NC_4_0	annatorres21	annatorres21			2025-10-27T23:30:03.505Z	StillImage	CONTINENT_DERIVED_FROM_COORDINATES
4116447870	50c9509d-22c7-4a22-a47d-8c48425ef4a7	https://www.inaturalist.org/observations/161466157	Animalia	Arthropoda	Insecta	Lepidoptera	Noctuidae	Euxoa	Euxoa auxiliaris		SPECIES	Euxoa auxiliaris Grote, 1873	Euxoa auxiliaris		US		Colorado	PRESENT		28eb1a3f-1c15-4a95-931a-4af90ecb574d	39.732763	-105.02765							2023-05-13T11:31:11	13	5	2023	4301148	4301148	HUMAN_OBSERVATION	iNaturalist	Observations	161466157		ricklevy21	2023-05-14T17:06:35	CC0_1_0	ricklevy21	ricklevy21			2025-10-27T23:37:52.792Z		COORDINATE_ROUNDED;CONTINENT_DERIVED_FROM_COORDINATES
4116435521	50c9509d-22c7-4a22-a47d-8c48425ef4a7	https://www.inaturalist.org/observations/161731906	Animalia	Arthropoda	Insecta	Lepidoptera	Noctuidae	Euxoa	Euxoa auxiliaris		SPECIES	Euxoa auxiliaris Grote, 1873	Euxoa auxiliaris		US		Colorado	PRESENT		28eb1a3f-1c15-4a95-931a-4af90ecb574d	39.572293	-104.884353	28090.0						2023-05-14T17:41:22	14	5	2023	4301148	4301148	HUMAN_OBSERVATION	iNaturalist	Observations	161731906		lisamason	2023-05-15T02:04:00	CC_BY_NC_4_0	lisamason	lisamason			2025-10-28T00:22:03.743Z	StillImage	COORDINATE_ROUNDED;CONTINENT_DERIVED_FROM_COORDINATES
4116396093	50c9509d-22c7-4a22-a47d-8c48425ef4a7	https://www.inaturalist.org/observations/161926474	Animalia	Arthropoda	Insecta	Lepidoptera	Noctuidae	Euxoa	Euxoa auxiliaris		SPECIES	Euxoa auxiliaris Grote, 1873	Euxoa auxiliaris		US		Colorado	PRESENT		28eb1a3f-1c15-4a95-931a-4af90ecb574d	39.890217	-105.122658	4.0						2023-05-15T22:25:11	15	5	2023	4301148	4301148	HUMAN_OBSERVATION	iNaturalist	Observations	161926474		melspippin	2023-05-16T14:53:52	CC_BY_4_0	Jeff Birek	Jeff Birek			2025-10-27T23:30:17.922Z	StillImage	COORDINATE_ROUNDED;CONTINENT_DERIVED_FROM_COORDINATES
4116395144	50c9509d-22c7-4a22-a47d-8c48425ef4a7	https://www.inaturalist.org/observations/161687734	Animalia	Arthropoda	Insecta	Lepidoptera	Noctuidae	Euxoa	Euxoa auxiliaris		SPECIES	Euxoa auxiliaris Grote, 1873	Euxoa auxiliaris		US		Colorado	PRESENT		28eb1a3f-1c15-4a95-931a-4af90ecb574d	39.991528	-105.242325	5.0						2023-05-13T22:38:50	13	5	2023	4301148	4301148	HUMAN_OBSERVATION	iNaturalist	Observations	161687734		Brian	2023-05-15T15:33:25	CC_BY_NC_4_0	unanoski	unanoski			2025-10-27T22:08:56.633Z	StillImage	COORDINATE_ROUNDED;CONTINENT_DERIVED_FROM_COORDINATES
4116342594	50c9509d-22c7-4a22-a47d-8c48425ef4a7	https://www.inaturalist.org/observations/161325769	Animalia	Arthropoda	Insecta	Lepidoptera	Noctuidae	Euxoa	Euxoa auxiliaris		SPECIES	Euxoa auxiliaris Grote, 1873	Euxoa auxiliaris		US		Colorado	PRESENT		28eb1a3f-1c15-4a95-931a-4af90ecb574d	38.071723	-102.93276	470.0						2023-05-03T10:55	3	5	2023	4301148	4301148	HUMAN_OBSERVATION	iNaturalist	Observations	161325769		Steven Mlodinow	2023-05-13T01:01:36	CC_BY_NC_4_0	Steven Mlodinow	Steven Mlodinow			2025-10-27T23:30:07.909Z	StillImage	COORDINATE_ROUNDED;CONTINENT_DERIVED_FROM_COORDINATES
4116338494	50c9509d-22c7-4a22-a47d-8c48425ef4a7	https://www.inaturalist.org/observations/161821529	Animalia	Arthropoda	Insecta	Lepidoptera	Noctuidae	Euxoa	Euxoa auxiliaris		SPECIES	Euxoa auxiliaris Grote, 1873	Euxoa auxiliaris		US		Colorado	PRESENT		28eb1a3f-1c15-4a95-931a-4af90ecb574d	39.765656	-105.23205	5.0						2023-05-15T10:11:41	15	5	2023	4301148	4301148	HUMAN_OBSERVATION	iNaturalist	Observations	161821529		Jana Borrink	2023-05-15T16:12:43	CC_BY_NC_4_0	Jana Borrink	Jana Borrink			2025-10-27T23:37:57.445Z	StillImage	COORDINATE_ROUNDED;CONTINENT_DERIVED_FROM_COORDINATES
4116319667	50c9509d-22c7-4a22-a47d-8c48425ef4a7	https://www.inaturalist.org/observations/161325766	Animalia	Arthropoda	Insecta	Lepidoptera	Noctuidae	Euxoa	Euxoa auxiliaris		SPECIES	Euxoa auxiliaris Grote, 1873	Euxoa auxiliaris		US		Colorado	PRESENT		28eb1a3f-1c15-4a95-931a-4af90ecb574d	38.071723	-102.93276	470.0						2023-05-03T10:55	3	5	2023	4301148	4301148	HUMAN_OBSERVATION	iNaturalist	Observations	161325766		Steven Mlodinow	2023-05-13T01:01:35	CC_BY_NC_4_0	Steven Mlodinow	Steven Mlodinow			2025-10-27T23:30:07.921Z	StillImage	COORDINATE_ROUNDED;CONTINENT_DERIVED_FROM_COORDINATES
4116295921	50c9509d-22c7-4a22-a47d-8c48425ef4a7	https://www.inaturalist.org/observations/160945757	Animalia	Arthropoda	Insecta	Lepidoptera	Noctuidae	Euxoa	Euxoa auxiliaris		SPECIES	Euxoa auxiliaris Grote, 1873	Euxoa auxiliaris		US		Colorado	PRESENT		28eb1a3f-1c15-4a95-931a-4af90ecb574d	40.17537	-105.30335							2023-05-09T20:55	9	5	2023	4301148	4301148	HUMAN_OBSERVATION	iNaturalist	Observations	160945757		Ann Cooper	2023-05-10T18:19:56	CC_BY_NC_4_0	Ann Cooper	Ann Cooper			2025-10-28T00:21:51.945Z	StillImage	CONTINENT_DERIVED_FROM_COORDINATES
4116279887	50c9509d-22c7-4a22-a47d-8c48425ef4a7	https://www.inaturalist.org/observations/161616670	Animalia	Arthropoda	Insecta	Lepidoptera	Noctuidae	Euxoa	Euxoa auxiliaris		SPECIES	Euxoa auxiliaris Grote, 1873	Euxoa auxiliaris		US		Colorado	PRESENT		28eb1a3f-1c15-4a95-931a-4af90ecb574d	40.001741	-105.248676	12.0						2023-05-14T09:27:28	14	5	2023	4301148	4301148	HUMAN_OBSERVATION	iNaturalist	Observations	161616670		jvelander	2023-05-14T15:31:45	CC_BY_NC_4_0	jvelander	jvelander			2025-10-27T22:08:56.909Z	StillImage	COORDINATE_ROUNDED;CONTINENT_DERIVED_FROM_COORDINATES
4116272249	50c9509d-22c7-4a22-a47d-8c48425ef4a7	https://www.inaturalist.org/observations/161073032	Animalia	Arthropoda	Insecta	Lepidoptera	Noctuidae	Euxoa	Euxoa auxiliaris		SPECIES	Euxoa auxiliaris Grote, 1873	Euxoa auxiliaris		US		Colorado	PRESENT		28eb1a3f-1c15-4a95-931a-4af90ecb574d	39.291219	-102.279569							2023-05-11T07:57:18	11	5	2023	4301148	4301148	HUMAN_OBSERVATION	iNaturalist	Observations	161073032		chrisfrazier	2023-05-11T13:57:51	CC0_1_0	chrisfrazier	chrisfrazier			2025-10-27T23:30:06.707Z	StillImage	COORDINATE_ROUNDED;CONTINENT_DERIVED_FROM_COORDINATES
4116240774	50c9509d-22c7-4a22-a47d-8c48425ef4a7	https://www.inaturalist.org/observations/161734166	Animalia	Arthropoda	Insecta	Lepidoptera	Noctuidae	Euxoa	Euxoa auxiliaris		SPECIES	Euxoa auxiliaris Grote, 1873	Euxoa auxiliaris		US		Colorado	PRESENT		28eb1a3f-1c15-4a95-931a-4af90ecb574d	38.857258	-104.837639	4.0						2023-05-13T14:17:40	13	5	2023	4301148	4301148	HUMAN_OBSERVATION	iNaturalist	Observations	161734166		chesneyt333	2023-05-15T02:19:14	CC_BY_NC_4_0	chesneyt333	chesneyt333			2025-10-27T22:16:02.749Z	StillImage	COORDINATE_ROUNDED;CONTINENT_DERIVED_FROM_COORDINATES
4116220827	50c9509d-22c7-4a22-a47d-8c48425ef4a7	https://www.inaturalist.org/observations/161746489	Animalia	Arthropoda	Insecta	Lepidoptera	Noctuidae	Euxoa	Euxoa auxiliaris		SPECIES	Euxoa auxiliaris Grote, 1873	Euxoa auxiliaris		US		Colorado	PRESENT		28eb1a3f-1c15-4a95-931a-4af90ecb574d	39.623886	-104.938645							2023-05-14T16:44:39	14	5	2023	4301148	4301148	HUMAN_OBSERVATION	iNaturalist	Observations	161746489		Karim Gharbi	2023-05-15T04:00:12	CC_BY_NC_4_0	Karim Gharbi	Karim Gharbi			2025-10-27T23:30:18.485Z	StillImage	COORDINATE_ROUNDED;CONTINENT_DERIVED_FROM_COORDINATES
4116218887	50c9509d-22c7-4a22-a47d-8c48425ef4a7	https://www.inaturalist.org/observations/161545510	Animalia	Arthropoda	Insecta	Lepidoptera	Noctuidae	Euxoa	Euxoa auxiliaris		SPECIES	Euxoa auxiliaris Grote, 1873	Euxoa auxiliaris		US		Colorado	PRESENT		28eb1a3f-1c15-4a95-931a-4af90ecb574d	39.094758	-104.813387	4.0						2023-05-12T22:50:26	12	5	2023	4301148	4301148	HUMAN_OBSERVATION	iNaturalist	Observations	161545510		clarreporter	2023-05-14T04:23:34	CC_BY_NC_4_0	clarreporter	clarreporter			2025-10-28T00:22:00.979Z	StillImage	COORDINATE_ROUNDED;CONTINENT_DERIVED_FROM_COORDINATES
4116215276	50c9509d-22c7-4a22-a47d-8c48425ef4a7	https://www.inaturalist.org/observations/161108329	Animalia	Arthropoda	Insecta	Lepidoptera	Noctuidae	Euxoa	Euxoa auxiliaris		SPECIES	Euxoa auxiliaris Grote, 1873	Euxoa auxiliaris		US		Colorado	PRESENT		28eb1a3f-1c15-4a95-931a-4af90ecb574d	39.674021	-104.977674							2023-05-11T10:00:35	11	5	2023	4301148	4301148	HUMAN_OBSERVATION	iNaturalist	Observations	161108329		Karim Gharbi	2023-05-11T18:01:47	CC_BY_NC_4_0	Karim Gharbi	Karim Gharbi			2025-10-27T23:30:09.171Z	StillImage	COORDINATE_ROUNDED;CONTINENT_DERIVED_FROM_COORDINATES
4116213431	50c9509d-22c7-4a22-a47d-8c48425ef4a7	https://www.inaturalist.org/observations/161392367	Animalia	Arthropoda	Insecta	Lepidoptera	Noctuidae	Euxoa	Euxoa auxiliaris		SPECIES	Euxoa auxiliaris Grote, 1873	Euxoa auxiliaris		US		Colorado	PRESENT		28eb1a3f-1c15-4a95-931a-4af90ecb574d	40.426797	-105.100075	4.0						2023-05-13T07:03:44	13	5	2023	4301148	4301148	HUMAN_OBSERVATION	iNaturalist	Observations	161392367		hkgordon	2023-05-13T13:06:57	CC_BY_NC_4_0	hkgordon	hkgordon			2025-10-27T22:08:53.360Z	StillImage	COORDINATE_ROUNDED;CONTINENT_DERIVED_FROM_COORDINATES
4116208385	50c9509d-22c7-4a22-a47d-8c48425ef4a7	https://www.inaturalist.org/observations/161738885	Animalia	Arthropoda	Insecta	Lepidoptera	Noctuidae	Euxoa	Euxoa auxiliaris		SPECIES	Euxoa auxiliaris Grote, 1873	Euxoa auxiliaris		US		Colorado	PRESENT		28eb1a3f-1c15-4a95-931a-4af90ecb574d	40.055727	-105.388632	28000.0						2023-05-14T09:00	14	5	2023	4301148	4301148	HUMAN_OBSERVATION	iNaturalist	Observations	161738885		willem9	2023-05-15T02:53:34	CC_BY_NC_4_0	willem9	willem9			2025-10-27T23:30:13.009Z	StillImage	COORDINATE_ROUNDED;CONTINENT_DERIVED_FROM_COORDINATES
4116200553	50c9509d-22c7-4a22-a47d-8c48425ef4a7	https://www.inaturalist.org/observations/161515587	Animalia	Arthropoda	Insecta	Lepidoptera	Noctuidae	Euxoa	Euxoa auxiliaris		SPECIES	Euxoa auxiliaris Grote, 1873	Euxoa auxiliaris		US		Colorado	PRESENT		28eb1a3f-1c15-4a95-931a-4af90ecb574d	39.582686	-105.074751	9.0						2023-05-12T18:20:53	12	5	2023	4301148	4301148	HUMAN_OBSERVATION	iNaturalist	Observations	161515587		rick-uhlen	2023-05-14T00:20:40	CC_BY_NC_4_0	rick-uhlen	rick-uhlen			2025-10-27T22:09:01.145Z	StillImage	COORDINATE_ROUNDED;CONTINENT_DERIVED_FROM_COORDINATES
4116110834	50c9509d-22c7-4a22-a47d-8c48425ef4a7	https://www.inaturalist.org/observations/161536030	Animalia	Arthropoda	Insecta	Lepidoptera	Noctuidae	Euxoa	Euxoa auxiliaris		SPECIES	Euxoa auxiliaris Grote, 1873	Euxoa auxiliaris		US		Colorado	PRESENT		28eb1a3f-1c15-4a95-931a-4af90ecb574d	39.471959	-105.080695	28090.0						2023-05-12T19:16	12	5	2023	4301148	4301148	HUMAN_OBSERVATION	iNaturalist	Observations	161536030		hannah_rg	2023-05-14T02:53:53	CC_BY_NC_4_0	hannah_rg	hannah_rg			2025-10-27T23:38:17.373Z	StillImage	COORDINATE_ROUNDED;CONTINENT_DERIVED_FROM_COORDINATES
4116045741	50c9509d-22c7-4a22-a47d-8c48425ef4a7	https://www.inaturalist.org/observations/160826934	Animalia	Arthropoda	Insecta	Lepidoptera	Noctuidae	Euxoa	Euxoa auxiliaris		SPECIES	Euxoa auxiliaris Grote, 1873	Euxoa auxiliaris		US		Colorado	PRESENT		28eb1a3f-1c15-4a95-931a-4af90ecb574d	40.02437	-105.224762	4.0						2023-05-09T16:24:03	9	5	2023	4301148	4301148	HUMAN_OBSERVATION	iNaturalist	Observations	160826934		Christian Nunes	2023-05-09T23:52:47	CC_BY_NC_4_0	Christian Nunes	Christian Nunes			2025-10-27T23:38:07.583Z	StillImage	COORDINATE_ROUNDED;CONTINENT_DERIVED_FROM_COORDINATES
4116029512	50c9509d-22c7-4a22-a47d-8c48425ef4a7	https://www.inaturalist.org/observations/160815145	Animalia	Arthropoda	Insecta	Lepidoptera	Noctuidae	Euxoa	Euxoa auxiliaris		SPECIES	Euxoa auxiliaris Grote, 1873	Euxoa auxiliaris		US		Oklahoma	PRESENT		28eb1a3f-1c15-4a95-931a-4af90ecb574d	36.437816	-99.41963	16.0						2023-05-06T22:09:26	6	5	2023	4301148	4301148	HUMAN_OBSERVATION	iNaturalist	Observations	160815145		Calinsdad	2023-05-09T22:24:10	CC0_1_0	Calinsdad	Calinsdad			2025-10-27T23:37:49.687Z	StillImage	COORDINATE_ROUNDED;CONTINENT_DERIVED_FROM_COORDINATES
4112127494	50c9509d-22c7-4a22-a47d-8c48425ef4a7	https://www.inaturalist.org/observations/156958438	Animalia	Arthropoda	Insecta	Lepidoptera	Noctuidae	Euxoa	Euxoa auxiliaris		SPECIES	Euxoa auxiliaris Grote, 1873	Euxoa auxiliaris		US		Texas	PRESENT		28eb1a3f-1c15-4a95-931a-4af90ecb574d	33.468758	-101.901526	35.0						2023-04-27T17:28:43	27	4	2023	4301148	4301148	HUMAN_OBSERVATION	iNaturalist	Observations	156958438		stoffelbadger	2023-04-27T22:29:26	CC_BY_NC_4_0	stoffelbadger	stoffelbadger			2025-10-27T23:29:21.051Z	StillImage	COORDINATE_ROUNDED;CONTINENT_DERIVED_FROM_COORDINATES
4112123999	50c9509d-22c7-4a22-a47d-8c48425ef4a7	https://www.inaturalist.org/observations/159511880	Animalia	Arthropoda	Insecta	Lepidoptera	Noctuidae	Euxoa	Euxoa auxiliaris		SPECIES	Euxoa auxiliaris Grote, 1873	Euxoa auxiliaris		US		Texas	PRESENT		28eb1a3f-1c15-4a95-931a-4af90ecb574d	32.605562	-99.622724	29066.0						2023-05-01T21:24	1	5	2023	4301148	4301148	HUMAN_OBSERVATION	iNaturalist	Observations	159511880		rollingplainst	2023-05-03T20:37:38	CC_BY_NC_4_0	rollingplainst	rollingplainst			2025-10-27T22:15:24.462Z	StillImage	COORDINATE_ROUNDED;CONTINENT_DERIVED_FROM_COORDINATES
4112092825	50c9509d-22c7-4a22-a47d-8c48425ef4a7	https://www.inaturalist.org/observations/159334152	Animalia	Arthropoda	Insecta	Lepidoptera	Noctuidae	Euxoa	Euxoa auxiliaris		SPECIES	Euxoa auxiliaris Grote, 1873	Euxoa auxiliaris		US		Texas	PRESENT		28eb1a3f-1c15-4a95-931a-4af90ecb574d	33.573638	-101.958209	28957.0						2023-05-01T19:39	1	5	2023	4301148	4301148	HUMAN_OBSERVATION	iNaturalist	Observations	159334152		Jordan Cochran	2023-05-03T02:28:09	CC_BY_NC_4_0	Jordan Cochran	Jordan Cochran			2025-10-28T00:21:34.056Z	StillImage	COORDINATE_ROUNDED;CONTINENT_DERIVED_FROM_COORDINATES
4112091667	50c9509d-22c7-4a22-a47d-8c48425ef4a7	https://www.inaturalist.org/observations/158478518	Animalia	Arthropoda	Insecta	Lepidoptera	Noctuidae	Euxoa	Euxoa auxiliaris		SPECIES	Euxoa auxiliaris Grote, 1873	Euxoa auxiliaris		US		Texas	PRESENT		28eb1a3f-1c15-4a95-931a-4af90ecb574d	33.532782	-101.880964	28957.0						2023-04-29T22:05	29	4	2023	4301148	4301148	HUMAN_OBSERVATION	iNaturalist	Observations	158478518		Jordan Cochran	2023-05-01T04:07:30	CC_BY_NC_4_0	Jordan Cochran	Jordan Cochran			2025-10-27T23:29:35.022Z	StillImage	COORDINATE_ROUNDED;CONTINENT_DERIVED_FROM_COORDINATES
4111981950	50c9509d-22c7-4a22-a47d-8c48425ef4a7	https://www.inaturalist.org/observations/160492264	Animalia	Arthropoda	Insecta	Lepidoptera	Noctuidae	Euxoa	Euxoa auxiliaris		SPECIES	Euxoa auxiliaris Grote, 1873	Euxoa auxiliaris		US		Oklahoma	PRESENT		28eb1a3f-1c15-4a95-931a-4af90ecb574d	35.250376	-97.438523	4.0						2023-05-05T23:27:58	5	5	2023	4301148	4301148	HUMAN_OBSERVATION	iNaturalist	Observations	160492264		Leah Nelson	2023-05-08T03:35:50	CC_BY_NC_4_0	Leah Nelson	Leah Nelson			2025-10-28T00:21:51.230Z	StillImage	COORDINATE_ROUNDED;CONTINENT_DERIVED_FROM_COORDINATES
4111981434	50c9509d-22c7-4a22-a47d-8c48425ef4a7	https://www.inaturalist.org/observations/159949241	Animalia	Arthropoda	Insecta	Lepidoptera	Noctuidae	Euxoa	Euxoa auxiliaris		SPECIES	Euxoa auxiliaris Grote, 1873	Euxoa auxiliaris		US		Texas	PRESENT		28eb1a3f-1c15-4a95-931a-4af90ecb574d	33.55582	-101.879762	9.0						2023-04-29T20:12:31	29	4	2023	4301148	4301148	HUMAN_OBSERVATION	iNaturalist	Observations	159949241		Lena Zappia	2023-05-06T17:59:51	CC_BY_NC_4_0	Darian Adalei	Darian Adalei			2025-10-28T00:21:44.261Z	StillImage	COORDINATE_ROUNDED;CONTINENT_DERIVED_FROM_COORDINATES
4111887800	50c9509d-22c7-4a22-a47d-8c48425ef4a7	https://www.inaturalist.org/observations/160289398	Animalia	Arthropoda	Insecta	Lepidoptera	Noctuidae	Euxoa	Euxoa auxiliaris		SPECIES	Euxoa auxiliaris Grote, 1873	Euxoa auxiliaris		US		Texas	PRESENT		28eb1a3f-1c15-4a95-931a-4af90ecb574d	33.666405	-101.157586	4.0						2023-05-01T21:46:02	1	5	2023	4301148	4301148	HUMAN_OBSERVATION	iNaturalist	Observations	160289398		Lena Zappia	2023-05-08T00:23:14	CC_BY_NC_4_0	Charlotte Watson Sanders	Charlotte Watson Sanders			2025-10-27T23:29:55.366Z	StillImage	COORDINATE_ROUNDED;CONTINENT_DERIVED_FROM_COORDINATES
4111868631	50c9509d-22c7-4a22-a47d-8c48425ef4a7	https://www.inaturalist.org/observations/160119143	Animalia	Arthropoda	Insecta	Lepidoptera	Noctuidae	Euxoa	Euxoa auxiliaris		SPECIES	Euxoa auxiliaris Grote, 1873	Euxoa auxiliaris		US		Oklahoma	PRESENT		28eb1a3f-1c15-4a95-931a-4af90ecb574d	35.250384	-97.438491	7.0						2023-05-05T23:21:04	5	5	2023	4301148	4301148	HUMAN_OBSERVATION	iNaturalist	Observations	160119143		Leah Nelson	2023-05-06T17:51:36	CC_BY_NC_4_0	Leah Nelson	Leah Nelson			2025-10-27T23:29:52.969Z	StillImage	COORDINATE_ROUNDED;CONTINENT_DERIVED_FROM_COORDINATES
4111843175	50c9509d-22c7-4a22-a47d-8c48425ef4a7	https://www.inaturalist.org/observations/160749609	Animalia	Arthropoda	Insecta	Lepidoptera	Noctuidae	Euxoa	Euxoa auxiliaris		SPECIES	Euxoa auxiliaris Grote, 1873	Euxoa auxiliaris		US		Texas	PRESENT		28eb1a3f-1c15-4a95-931a-4af90ecb574d	33.593833	-101.875358	4.0						2023-04-29T21:44	29	4	2023	4301148	4301148	HUMAN_OBSERVATION	iNaturalist	Observations	160749609		jasminleyva	2023-05-09T15:26:26	CC_BY_NC_4_0	jasminleyva	jasminleyva			2025-10-28T00:21:48.751Z	StillImage	COORDINATE_ROUNDED;CONTINENT_DERIVED_FROM_COORDINATES
4111794990	50c9509d-22c7-4a22-a47d-8c48425ef4a7	https://www.inaturalist.org/observations/159511881	Animalia	Arthropoda	Insecta	Lepidoptera	Noctuidae	Euxoa	Euxoa auxiliaris		SPECIES	Euxoa auxiliaris Grote, 1873	Euxoa auxiliaris		US		Texas	PRESENT		28eb1a3f-1c15-4a95-931a-4af90ecb574d	32.718022	-99.678288	29066.0						2023-05-01T21:25	1	5	2023	4301148	4301148	HUMAN_OBSERVATION	iNaturalist	Observations	159511881		rollingplainst	2023-05-03T20:37:38	CC_BY_NC_4_0	rollingplainst	rollingplainst			2025-10-27T22:14:57.465Z	StillImage	COORDINATE_ROUNDED;CONTINENT_DERIVED_FROM_COORDINATES
4111792148	50c9509d-22c7-4a22-a47d-8c48425ef4a7	https://www.inaturalist.org/observations/159688834	Animalia	Arthropoda	Insecta	Lepidoptera	Noctuidae	Euxoa	Euxoa auxiliaris		SPECIES	Euxoa auxiliaris Grote, 1873	Euxoa auxiliaris		US		Texas	PRESENT		28eb1a3f-1c15-4a95-931a-4af90ecb574d	33.58545	-101.878018	357.0						2023-05-01T08:50:36	1	5	2023	4301148	4301148	HUMAN_OBSERVATION	iNaturalist	Observations	159688834		Jordan Cochran	2023-05-05T13:55:29	CC_BY_NC_4_0	darianfinch	darianfinch			2025-10-27T22:08:25.441Z	StillImage	COORDINATE_ROUNDED;CONTINENT_DERIVED_FROM_COORDINATES
4111786624	50c9509d-22c7-4a22-a47d-8c48425ef4a7	https://www.inaturalist.org/observations/158337266	Animalia	Arthropoda	Insecta	Lepidoptera	Noctuidae	Euxoa	Euxoa auxiliaris		SPECIES	Euxoa auxiliaris Grote, 1873	Euxoa auxiliaris		US		Texas	PRESENT		28eb1a3f-1c15-4a95-931a-4af90ecb574d	33.573658	-101.863853	4.0						2023-04-28T19:42:03	28	4	2023	4301148	4301148	HUMAN_OBSERVATION	iNaturalist	Observations	158337266		steph_anie	2023-04-30T22:17:30	CC_BY_NC_4_0	steph_anie	steph_anie			2025-10-28T00:21:21.984Z	StillImage	COORDINATE_ROUNDED;CONTINENT_DERIVED_FROM_COORDINATES
4111782605	50c9509d-22c7-4a22-a47d-8c48425ef4a7	https://www.inaturalist.org/observations/158156487	Animalia	Arthropoda	Insecta	Lepidoptera	Noctuidae	Euxoa	Euxoa auxiliaris		SPECIES	Euxoa auxiliaris Grote, 1873	Euxoa auxiliaris		US		Texas	PRESENT		28eb1a3f-1c15-4a95-931a-4af90ecb574d	33.581733	-101.876262	35.0						2023-04-30T11:19:59	30	4	2023	4301148	4301148	HUMAN_OBSERVATION	iNaturalist	Observations	158156487		joseandrade1	2023-04-30T16:20:07	CC_BY_NC_4_0	joseandrade1	joseandrade1			2025-10-27T22:14:59.056Z	StillImage	COORDINATE_ROUNDED;CONTINENT_DERIVED_FROM_COORDINATES
4111752109	50c9509d-22c7-4a22-a47d-8c48425ef4a7	https://www.inaturalist.org/observations/159589633	Animalia	Arthropoda	Insecta	Lepidoptera	Noctuidae	Euxoa	Euxoa auxiliaris		SPECIES	Euxoa auxiliaris Grote, 1873	Euxoa auxiliaris		US		Texas	PRESENT		28eb1a3f-1c15-4a95-931a-4af90ecb574d	33.621777	-101.890756	200.0						2023-04-30T13:31	30	4	2023	4301148	4301148	HUMAN_OBSERVATION	iNaturalist	Observations	159589633		Catherine C. Galley	2023-05-04T04:38:34	CC_BY_4_0	Catherine C. Galley	Catherine C. Galley			2025-10-27T23:37:35.989Z	StillImage	COORDINATE_ROUNDED;CONTINENT_DERIVED_FROM_COORDINATES
4111750666	50c9509d-22c7-4a22-a47d-8c48425ef4a7	https://www.inaturalist.org/observations/158466722	Animalia	Arthropoda	Insecta	Lepidoptera	Noctuidae	Euxoa	Euxoa auxiliaris		SPECIES	Euxoa auxiliaris Grote, 1873	Euxoa auxiliaris		US		Texas	PRESENT		28eb1a3f-1c15-4a95-931a-4af90ecb574d	33.590892	-101.87372	5.0						2023-04-30T20:49	30	4	2023	4301148	4301148	HUMAN_OBSERVATION	iNaturalist	Observations	158466722		gealarco23	2023-05-01T03:25:30	CC_BY_NC_4_0	gealarco23	gealarco23			2025-10-27T23:37:32.913Z	StillImage	COORDINATE_ROUNDED;CONTINENT_DERIVED_FROM_COORDINATES
4111743194	50c9509d-22c7-4a22-a47d-8c48425ef4a7	https://www.inaturalist.org/observations/159688892	Animalia	Arthropoda	Insecta	Lepidoptera	Noctuidae	Euxoa	Euxoa auxiliaris		SPECIES	Euxoa auxiliaris Grote, 1873	Euxoa auxiliaris		US		Texas	PRESENT		28eb1a3f-1c15-4a95-931a-4af90ecb574d	33.58025	-101.88326	357.0						2023-05-01T09:11:49	1	5	2023	4301148	4301148	HUMAN_OBSERVATION	iNaturalist	Observations	159688892		Jordan Cochran	2023-05-05T13:54:21	CC_BY_NC_4_0	darianfinch	darianfinch			2025-10-27T23:29:49.479Z	StillImage	COORDINATE_ROUNDED;CONTINENT_DERIVED_FROM_COORDINATES
4111718833	50c9509d-22c7-4a22-a47d-8c48425ef4a7	https://www.inaturalist.org/observations/159329084	Animalia	Arthropoda	Insecta	Lepidoptera	Noctuidae	Euxoa	Euxoa auxiliaris		SPECIES	Euxoa auxiliaris Grote, 1873	Euxoa auxiliaris		US		Texas	PRESENT		28eb1a3f-1c15-4a95-931a-4af90ecb574d	33.595483	-101.96255	28957.0						2023-05-01T21:43	1	5	2023	4301148	4301148	HUMAN_OBSERVATION	iNaturalist	Observations	159329084		Jordan Cochran	2023-05-03T02:04:13	CC_BY_NC_4_0	Jordan Cochran	Jordan Cochran			2025-10-27T23:37:51.982Z	StillImage	COORDINATE_ROUNDED;CONTINENT_DERIVED_FROM_COORDINATES
4111707084	50c9509d-22c7-4a22-a47d-8c48425ef4a7	https://www.inaturalist.org/observations/159579887	Animalia	Arthropoda	Insecta	Lepidoptera	Noctuidae	Euxoa	Euxoa auxiliaris		SPECIES	Euxoa auxiliaris Grote, 1873	Euxoa auxiliaris		US		New Mexico	PRESENT		28eb1a3f-1c15-4a95-931a-4af90ecb574d	32.422248	-104.231893	2.0						2023-04-29T05:07	29	4	2023	4301148	4301148	HUMAN_OBSERVATION	iNaturalist	Observations	159579887		Bob Nieman	2023-05-04T03:28:31	CC_BY_4_0	Bob Nieman	Bob Nieman			2025-10-27T23:37:35.977Z	StillImage	COORDINATE_ROUNDED;CONTINENT_DERIVED_FROM_COORDINATES
4111704161	50c9509d-22c7-4a22-a47d-8c48425ef4a7	https://www.inaturalist.org/observations/159670553	Animalia	Arthropoda	Insecta	Lepidoptera	Noctuidae	Euxoa	Euxoa auxiliaris		SPECIES	Euxoa auxiliaris Grote, 1873	Euxoa auxiliaris		US		Texas	PRESENT		28eb1a3f-1c15-4a95-931a-4af90ecb574d	33.58207	-101.880325	5.0						2023-05-01T09:00:20	1	5	2023	4301148	4301148	HUMAN_OBSERVATION	iNaturalist	Observations	159670553		Lena Zappia	2023-05-06T17:26:54	CC_BY_NC_4_0	Mateo Tetatzin	Mateo Tetatzin			2025-10-27T23:29:48.096Z	StillImage	CONTINENT_DERIVED_FROM_COORDINATES
4111698240	50c9509d-22c7-4a22-a47d-8c48425ef4a7	https://www.inaturalist.org/observations/159713024	Animalia	Arthropoda	Insecta	Lepidoptera	Noctuidae	Euxoa	Euxoa auxiliaris		SPECIES	Euxoa auxiliaris Grote, 1873	Euxoa auxiliaris		US		Texas	PRESENT		28eb1a3f-1c15-4a95-931a-4af90ecb574d	33.579945	-101.882584	35.0						2023-05-01T22:07:57	1	5	2023	4301148	4301148	HUMAN_OBSERVATION	iNaturalist	Observations	159713024		Jordan Cochran	2023-05-05T13:54:58	CC_BY_NC_4_0	darianfinch	darianfinch			2025-10-28T00:21:35.816Z	StillImage	COORDINATE_ROUNDED;CONTINENT_DERIVED_FROM_COORDINATES
4111690115	50c9509d-22c7-4a22-a47d-8c48425ef4a7	https://www.inaturalist.org/observations/159589620	Animalia	Arthropoda	Insecta	Lepidoptera	Noctuidae	Euxoa	Euxoa auxiliaris		SPECIES	Euxoa auxiliaris Grote, 1873	Euxoa auxiliaris		US		Texas	PRESENT		28eb1a3f-1c15-4a95-931a-4af90ecb574d	33.621777	-101.890756	200.0						2023-04-30T13:19	30	4	2023	4301148	4301148	HUMAN_OBSERVATION	iNaturalist	Observations	159589620		Catherine C. Galley	2023-05-04T04:38:31	CC_BY_4_0	Catherine C. Galley	Catherine C. Galley			2025-10-28T00:21:59.736Z	StillImage	COORDINATE_ROUNDED;CONTINENT_DERIVED_FROM_COORDINATES
4111689613	50c9509d-22c7-4a22-a47d-8c48425ef4a7	https://www.inaturalist.org/observations/158145573	Animalia	Arthropoda	Insecta	Lepidoptera	Noctuidae	Euxoa	Euxoa auxiliaris		SPECIES	Euxoa auxiliaris Grote, 1873	Euxoa auxiliaris		US		Texas	PRESENT		28eb1a3f-1c15-4a95-931a-4af90ecb574d	33.607058	-101.897697	10.0						2023-04-30T10:41:15	30	4	2023	4301148	4301148	HUMAN_OBSERVATION	iNaturalist	Observations	158145573		antman248	2023-04-30T16:02:11	CC_BY_NC_4_0	mayamoncier	mayamoncier			2025-10-28T00:21:17.674Z	StillImage	COORDINATE_ROUNDED;CONTINENT_DERIVED_FROM_COORDINATES
4111683503	50c9509d-22c7-4a22-a47d-8c48425ef4a7	https://www.inaturalist.org/observations/156366941	Animalia	Arthropoda	Insecta	Lepidoptera	Noctuidae	Euxoa	Euxoa auxiliaris		SPECIES	Euxoa auxiliaris Grote, 1873	Euxoa auxiliaris		US		Arizona	PRESENT		28eb1a3f-1c15-4a95-931a-4af90ecb574d	33.324693	-111.929607	18.0						2023-04-20T23:07	20	4	2023	4301148	4301148	HUMAN_OBSERVATION	iNaturalist	Observations	156366941		Marleigh Fletcher	2023-04-24T03:56:03	CC_BY_NC_4_0	Marleigh Fletcher	Marleigh Fletcher			2025-10-27T23:37:27.863Z	StillImage	COORDINATE_ROUNDED;CONTINENT_DERIVED_FROM_COORDINATES
4111668631	50c9509d-22c7-4a22-a47d-8c48425ef4a7	https://www.inaturalist.org/observations/158485974	Animalia	Arthropoda	Insecta	Lepidoptera	Noctuidae	Euxoa	Euxoa auxiliaris		SPECIES	Euxoa auxiliaris Grote, 1873	Euxoa auxiliaris		US		Texas	PRESENT		28eb1a3f-1c15-4a95-931a-4af90ecb574d	33.422839	-101.878065	28957.0						2023-04-28T22:30	28	4	2023	4301148	4301148	HUMAN_OBSERVATION	iNaturalist	Observations	158485974		Lena Zappia	2023-05-06T17:31:31	CC_BY_NC_4_0	Jordan Cochran	Jordan Cochran			2025-10-27T23:29:37.632Z	StillImage	COORDINATE_ROUNDED;CONTINENT_DERIVED_FROM_COORDINATES
4111644489	50c9509d-22c7-4a22-a47d-8c48425ef4a7	https://www.inaturalist.org/observations/155851812	Animalia	Arthropoda	Insecta	Lepidoptera	Noctuidae	Euxoa	Euxoa auxiliaris		SPECIES	Euxoa auxiliaris Grote, 1873	Euxoa auxiliaris		US		Arizona	PRESENT		28eb1a3f-1c15-4a95-931a-4af90ecb574d	33.273422	-111.955644	28984.0						2023-04-15T23:05	15	4	2023	4301148	4301148	HUMAN_OBSERVATION	iNaturalist	Observations	155851812		Marleigh Fletcher	2023-04-22T01:03:32	CC_BY_NC_4_0	Marleigh Fletcher	Marleigh Fletcher			2025-10-27T22:07:41.006Z	StillImage	COORDINATE_ROUNDED;CONTINENT_DERIVED_FROM_COORDINATES
4111642677	50c9509d-22c7-4a22-a47d-8c48425ef4a7	https://www.inaturalist.org/observations/158614266	Animalia	Arthropoda	Insecta	Lepidoptera	Noctuidae	Euxoa	Euxoa auxiliaris		SPECIES	Euxoa auxiliaris Grote, 1873	Euxoa auxiliaris		US		Texas	PRESENT		28eb1a3f-1c15-4a95-931a-4af90ecb574d	33.561029	-101.884836	884.0						2023-05-01T06:53:32	1	5	2023	4301148	4301148	HUMAN_OBSERVATION	iNaturalist	Observations	158614266		sergiocastro534	2023-05-01T13:01:27	CC_BY_NC_4_0	sergiocastro534	sergiocastro534			2025-10-27T22:08:19.680Z	StillImage	COORDINATE_ROUNDED;CONTINENT_DERIVED_FROM_COORDINATES
4111624796	50c9509d-22c7-4a22-a47d-8c48425ef4a7	https://www.inaturalist.org/observations/159329083	Animalia	Arthropoda	Insecta	Lepidoptera	Noctuidae	Euxoa	Euxoa auxiliaris		SPECIES	Euxoa auxiliaris Grote, 1873	Euxoa auxiliaris		US		Texas	PRESENT		28eb1a3f-1c15-4a95-931a-4af90ecb574d	33.433594	-101.817983	28957.0						2023-05-01T21:42	1	5	2023	4301148	4301148	HUMAN_OBSERVATION	iNaturalist	Observations	159329083		Jordan Cochran	2023-05-03T02:04:13	CC_BY_NC_4_0	Jordan Cochran	Jordan Cochran			2025-10-27T23:37:48.334Z	StillImage	COORDINATE_ROUNDED;CONTINENT_DERIVED_FROM_COORDINATES
4111606653	50c9509d-22c7-4a22-a47d-8c48425ef4a7	https://www.inaturalist.org/observations/158485941	Animalia	Arthropoda	Insecta	Lepidoptera	Noctuidae	Euxoa	Euxoa auxiliaris		SPECIES	Euxoa auxiliaris Grote, 1873	Euxoa auxiliaris		US		Texas	PRESENT		28eb1a3f-1c15-4a95-931a-4af90ecb574d	33.519135	-101.892001	28957.0						2023-04-29T21:20	29	4	2023	4301148	4301148	HUMAN_OBSERVATION	iNaturalist	Observations	158485941		Lena Zappia	2023-05-06T17:31:18	CC_BY_NC_4_0	Jordan Cochran	Jordan Cochran			2025-10-27T22:08:14.073Z	StillImage	COORDINATE_ROUNDED;CONTINENT_DERIVED_FROM_COORDINATES
4111597118	50c9509d-22c7-4a22-a47d-8c48425ef4a7	https://www.inaturalist.org/observations/159589623	Animalia	Arthropoda	Insecta	Lepidoptera	Noctuidae	Euxoa	Euxoa auxiliaris		SPECIES	Euxoa auxiliaris Grote, 1873	Euxoa auxiliaris		US		Texas	PRESENT		28eb1a3f-1c15-4a95-931a-4af90ecb574d	33.621777	-101.890756	200.0						2023-04-30T13:19	30	4	2023	4301148	4301148	HUMAN_OBSERVATION	iNaturalist	Observations	159589623		Catherine C. Galley	2023-05-04T04:38:32	CC_BY_4_0	Catherine C. Galley	Catherine C. Galley			2025-10-27T23:29:47.858Z	StillImage	COORDINATE_ROUNDED;CONTINENT_DERIVED_FROM_COORDINATES
4111586106	50c9509d-22c7-4a22-a47d-8c48425ef4a7	https://www.inaturalist.org/observations/159589808	Animalia	Arthropoda	Insecta	Lepidoptera	Noctuidae	Euxoa	Euxoa auxiliaris		SPECIES	Euxoa auxiliaris Grote, 1873	Euxoa auxiliaris		US		Texas	PRESENT		28eb1a3f-1c15-4a95-931a-4af90ecb574d	33.666576	-101.156265							2023-04-30T21:06	30	4	2023	4301148	4301148	HUMAN_OBSERVATION	iNaturalist	Observations	159589808		Lena Zappia	2023-05-04T04:39:03	CC_BY_NC_4_0	Lena Zappia	Lena Zappia			2025-10-27T22:08:25.960Z	StillImage	CONTINENT_DERIVED_FROM_COORDINATES
4111571027	50c9509d-22c7-4a22-a47d-8c48425ef4a7	https://www.inaturalist.org/observations/159511889	Animalia	Arthropoda	Insecta	Lepidoptera	Noctuidae	Euxoa	Euxoa auxiliaris		SPECIES	Euxoa auxiliaris Grote, 1873	Euxoa auxiliaris		US		Texas	PRESENT		28eb1a3f-1c15-4a95-931a-4af90ecb574d	32.66222	-99.766513	29066.0						2023-05-01T21:31	1	5	2023	4301148	4301148	HUMAN_OBSERVATION	iNaturalist	Observations	159511889		rollingplainst	2023-05-03T20:37:40	CC_BY_NC_4_0	rollingplainst	rollingplainst			2025-10-27T23:29:49.767Z	StillImage	COORDINATE_ROUNDED;CONTINENT_DERIVED_FROM_COORDINATES
4103424477	50c9509d-22c7-4a22-a47d-8c48425ef4a7	https://www.inaturalist.org/observations/159029634	Animalia	Arthropoda	Insecta	Lepidoptera	Noctuidae	Euxoa	Euxoa auxiliaris		SPECIES	Euxoa auxiliaris Grote, 1873	Euxoa auxiliaris		US		Texas	PRESENT		28eb1a3f-1c15-4a95-931a-4af90ecb574d	33.53212	-101.960847	4.0						2023-05-01T21:56:44	1	5	2023	4301148	4301148	HUMAN_OBSERVATION	iNaturalist	Observations	159029634		Lena Zappia	2023-05-02T02:58:59	CC_BY_NC_4_0	Lena Zappia	Lena Zappia			2025-10-27T23:29:44.846Z	StillImage	COORDINATE_ROUNDED;CONTINENT_DERIVED_FROM_COORDINATES
4103413496	50c9509d-22c7-4a22-a47d-8c48425ef4a7	https://www.inaturalist.org/observations/159055319	Animalia	Arthropoda	Insecta	Lepidoptera	Noctuidae	Euxoa	Euxoa auxiliaris		SPECIES	Euxoa auxiliaris Grote, 1873	Euxoa auxiliaris		US		Texas	PRESENT		28eb1a3f-1c15-4a95-931a-4af90ecb574d	33.831407	-98.535325	4.0						2023-05-01T23:05:48	1	5	2023	4301148	4301148	HUMAN_OBSERVATION	iNaturalist	Observations	159055319		Bryan Box	2023-05-02T04:06:02	CC_BY_NC_4_0	Bryan Box	Bryan Box			2025-10-27T23:29:41.786Z	StillImage	COORDINATE_ROUNDED;CONTINENT_DERIVED_FROM_COORDINATES
4103385521	50c9509d-22c7-4a22-a47d-8c48425ef4a7	https://www.inaturalist.org/observations/159031939	Animalia	Arthropoda	Insecta	Lepidoptera	Noctuidae	Euxoa	Euxoa auxiliaris		SPECIES	Euxoa auxiliaris Grote, 1873	Euxoa auxiliaris		US		Colorado	PRESENT		28eb1a3f-1c15-4a95-931a-4af90ecb574d	39.746246	-105.363558	28060.0						2023-04-30T14:41:13	30	4	2023	4301148	4301148	HUMAN_OBSERVATION	iNaturalist	Observations	159031939		jaime_mac	2023-05-02T03:04:30	CC_BY_NC_4_0	jaime_mac	jaime_mac			2025-10-27T23:29:44.420Z	StillImage	COORDINATE_ROUNDED;CONTINENT_DERIVED_FROM_COORDINATES
4103318556	50c9509d-22c7-4a22-a47d-8c48425ef4a7	https://www.inaturalist.org/observations/157796326	Animalia	Arthropoda	Insecta	Lepidoptera	Noctuidae	Euxoa	Euxoa auxiliaris		SPECIES	Euxoa auxiliaris Grote, 1873	Euxoa auxiliaris		US		Arizona	PRESENT		28eb1a3f-1c15-4a95-931a-4af90ecb574d	33.308072	-111.668663	35.0						2023-04-29T14:14:19	29	4	2023	4301148	4301148	HUMAN_OBSERVATION	iNaturalist	Observations	157796326		Dan Tucker	2023-04-29T21:32:03	CC0_1_0	Dan Tucker	Dan Tucker			2025-10-27T23:29:46.626Z	StillImage	COORDINATE_ROUNDED;CONTINENT_DERIVED_FROM_COORDINATES
4103309755	50c9509d-22c7-4a22-a47d-8c48425ef4a7	https://www.inaturalist.org/observations/157962484	Animalia	Arthropoda	Insecta	Lepidoptera	Noctuidae	Euxoa	Euxoa auxiliaris		SPECIES	Euxoa auxiliaris Grote, 1873	Euxoa auxiliaris		US		Texas	PRESENT		28eb1a3f-1c15-4a95-931a-4af90ecb574d	35.204818	-101.858635	13.0						2023-04-30T00:30:29	30	4	2023	4301148	4301148	HUMAN_OBSERVATION	iNaturalist	Observations	157962484		panhandlegal	2023-04-30T05:36:50	CC_BY_NC_4_0	panhandlegal	panhandlegal			2025-10-28T00:21:19.226Z	StillImage	COORDINATE_ROUNDED;CONTINENT_DERIVED_FROM_COORDINATES
4103213647	50c9509d-22c7-4a22-a47d-8c48425ef4a7	https://www.inaturalist.org/observations/156676850	Animalia	Arthropoda	Insecta	Lepidoptera	Noctuidae	Euxoa	Euxoa auxiliaris		SPECIES	Euxoa auxiliaris Grote, 1873	Euxoa auxiliaris		US		Texas	PRESENT		28eb1a3f-1c15-4a95-931a-4af90ecb574d	33.568145	-101.891517	4.0						2023-04-25T21:07:58	25	4	2023	4301148	4301148	HUMAN_OBSERVATION	iNaturalist	Observations	156676850		markmikhael1	2023-04-26T02:16:12	CC_BY_NC_4_0	markmikhael1	markmikhael1			2025-10-27T22:07:50.719Z	StillImage	COORDINATE_ROUNDED;CONTINENT_DERIVED_FROM_COORDINATES
4103196091	50c9509d-22c7-4a22-a47d-8c48425ef4a7	https://www.inaturalist.org/observations/157176707	Animalia	Arthropoda	Insecta	Lepidoptera	Noctuidae	Euxoa	Euxoa auxiliaris		SPECIES	Euxoa auxiliaris Grote, 1873	Euxoa auxiliaris		US		Texas	PRESENT		28eb1a3f-1c15-4a95-931a-4af90ecb574d	33.792634	-101.289135	28930.0						2023-04-28T11:12:23	28	4	2023	4301148	4301148	HUMAN_OBSERVATION	iNaturalist	Observations	157176707		Charlotte Watson Sanders	2023-04-28T16:13:17	CC_BY_NC_4_0	Charlotte Watson Sanders	Charlotte Watson Sanders			2025-10-27T23:29:23.967Z	StillImage	COORDINATE_ROUNDED;CONTINENT_DERIVED_FROM_COORDINATES
4103142714	50c9509d-22c7-4a22-a47d-8c48425ef4a7	https://www.inaturalist.org/observations/156744358	Animalia	Arthropoda	Insecta	Lepidoptera	Noctuidae	Euxoa	Euxoa auxiliaris		SPECIES	Euxoa auxiliaris Grote, 1873	Euxoa auxiliaris		US		Texas	PRESENT		28eb1a3f-1c15-4a95-931a-4af90ecb574d	33.589641	-101.886192	64.0						2023-04-26T10:30:27	26	4	2023	4301148	4301148	HUMAN_OBSERVATION	iNaturalist	Observations	156744358		Stephanie G	2023-04-26T15:31:20	CC_BY_NC_4_0	Stephanie G	Stephanie G			2025-10-27T23:29:19.525Z	StillImage	COORDINATE_ROUNDED;CONTINENT_DERIVED_FROM_COORDINATES
4103015679	50c9509d-22c7-4a22-a47d-8c48425ef4a7	https://www.inaturalist.org/observations/159201768	Animalia	Arthropoda	Insecta	Lepidoptera	Noctuidae	Euxoa	Euxoa auxiliaris		SPECIES	Euxoa auxiliaris Grote, 1873	Euxoa auxiliaris		US		Oklahoma	PRESENT		28eb1a3f-1c15-4a95-931a-4af90ecb574d	36.697236	-99.148446	422.0						2023-04-29T21:07	29	4	2023	4301148	4301148	HUMAN_OBSERVATION	iNaturalist	Observations	159201768		Zach DuFran	2023-05-02T16:34:57	CC_BY_NC_4_0	Zach DuFran	Zach DuFran			2025-10-27T22:08:21.618Z	StillImage	COORDINATE_ROUNDED;CONTINENT_DERIVED_FROM_COORDINATES
4102819735	50c9509d-22c7-4a22-a47d-8c48425ef4a7	https://www.inaturalist.org/observations/157957322	Animalia	Arthropoda	Insecta	Lepidoptera	Noctuidae	Euxoa	Euxoa auxiliaris		SPECIES	Euxoa auxiliaris Grote, 1873	Euxoa auxiliaris		US		Texas	PRESENT		28eb1a3f-1c15-4a95-931a-4af90ecb574d	34.98265	-101.911925	4.0						2023-04-29T23:54:05	29	4	2023	4301148	4301148	HUMAN_OBSERVATION	iNaturalist	Observations	157957322		Hugo	2023-04-30T06:32:31	CC_BY_NC_4_0	Hugo	Hugo			2025-10-27T22:08:07.825Z	StillImage	CONTINENT_DERIVED_FROM_COORDINATES
4102686972	50c9509d-22c7-4a22-a47d-8c48425ef4a7	https://www.inaturalist.org/observations/157012248	Animalia	Arthropoda	Insecta	Lepidoptera	Noctuidae	Euxoa	Euxoa auxiliaris		SPECIES	Euxoa auxiliaris Grote, 1873	Euxoa auxiliaris		US		Texas	PRESENT		28eb1a3f-1c15-4a95-931a-4af90ecb574d	33.831417	-98.535153	3.0						2023-04-28T00:03:01	28	4	2023	4301148	4301148	HUMAN_OBSERVATION	iNaturalist	Observations	157012248		Bryan Box	2023-04-28T05:03:13	CC_BY_NC_4_0	Bryan Box	Bryan Box			2025-10-27T22:14:52.325Z	StillImage	COORDINATE_ROUNDED;CONTINENT_DERIVED_FROM_COORDINATES
4102642861	50c9509d-22c7-4a22-a47d-8c48425ef4a7	https://www.inaturalist.org/observations/156921981	Animalia	Arthropoda	Insecta	Lepidoptera	Noctuidae	Euxoa	Euxoa auxiliaris		SPECIES	Euxoa auxiliaris Grote, 1873	Euxoa auxiliaris		US		Oklahoma	PRESENT		28eb1a3f-1c15-4a95-931a-4af90ecb574d	36.337803	-97.900978	74.0						2023-04-27T13:18:37	27	4	2023	4301148	4301148	HUMAN_OBSERVATION	iNaturalist	Observations	156921981		C. Stewart	2023-04-27T18:20:04	CC_BY_NC_4_0	C. Stewart	C. Stewart			2025-10-28T00:21:05.329Z	StillImage	COORDINATE_ROUNDED;CONTINENT_DERIVED_FROM_COORDINATES
4102631643	50c9509d-22c7-4a22-a47d-8c48425ef4a7	https://www.inaturalist.org/observations/156676687	Animalia	Arthropoda	Insecta	Lepidoptera	Noctuidae	Euxoa	Euxoa auxiliaris		SPECIES	Euxoa auxiliaris Grote, 1873	Euxoa auxiliaris		US		Texas	PRESENT		28eb1a3f-1c15-4a95-931a-4af90ecb574d	33.568138	-101.891517	4.0						2023-04-25T21:06:52	25	4	2023	4301148	4301148	HUMAN_OBSERVATION	iNaturalist	Observations	156676687		Lena Zappia	2023-04-26T02:53:04	CC_BY_NC_4_0	markmikhael1	markmikhael1			2025-10-28T00:21:11.260Z	StillImage	COORDINATE_ROUNDED;CONTINENT_DERIVED_FROM_COORDINATES
4102599073	50c9509d-22c7-4a22-a47d-8c48425ef4a7	https://www.inaturalist.org/observations/157135459	Animalia	Arthropoda	Insecta	Lepidoptera	Noctuidae	Euxoa	Euxoa auxiliaris		SPECIES	Euxoa auxiliaris Grote, 1873	Euxoa auxiliaris		US		Texas	PRESENT		28eb1a3f-1c15-4a95-931a-4af90ecb574d	33.531098	-101.96116	68.0						2023-04-28T09:41:21	28	4	2023	4301148	4301148	HUMAN_OBSERVATION	iNaturalist	Observations	157135459		Lena Zappia	2023-04-28T14:42:08	CC_BY_NC_4_0	Lena Zappia	Lena Zappia			2025-10-28T00:21:08.403Z	StillImage	COORDINATE_ROUNDED;CONTINENT_DERIVED_FROM_COORDINATES
4096973350	50c9509d-22c7-4a22-a47d-8c48425ef4a7	https://www.inaturalist.org/observations/156173248	Animalia	Arthropoda	Insecta	Lepidoptera	Noctuidae	Euxoa	Euxoa auxiliaris		SPECIES	Euxoa auxiliaris Grote, 1873	Euxoa auxiliaris		US		Texas	PRESENT		28eb1a3f-1c15-4a95-931a-4af90ecb574d	33.666277	-101.157739	213.0						2023-04-21T21:59	21	4	2023	4301148	4301148	HUMAN_OBSERVATION	iNaturalist	Observations	156173248		Lena Zappia	2023-04-23T03:09:43	CC_BY_NC_4_0	Lena Zappia	Lena Zappia			2025-10-27T22:08:00.456Z	StillImage	COORDINATE_ROUNDED;CONTINENT_DERIVED_FROM_COORDINATES
4096917344	50c9509d-22c7-4a22-a47d-8c48425ef4a7	https://www.inaturalist.org/observations/156173254	Animalia	Arthropoda	Insecta	Lepidoptera	Noctuidae	Euxoa	Euxoa auxiliaris		SPECIES	Euxoa auxiliaris Grote, 1873	Euxoa auxiliaris		US		Texas	PRESENT		28eb1a3f-1c15-4a95-931a-4af90ecb574d	33.666277	-101.157739	213.0						2023-04-21T22:05	21	4	2023	4301148	4301148	HUMAN_OBSERVATION	iNaturalist	Observations	156173254		Lena Zappia	2023-04-23T03:09:45	CC_BY_NC_4_0	Lena Zappia	Lena Zappia			2025-10-28T00:20:55.653Z	StillImage	COORDINATE_ROUNDED;CONTINENT_DERIVED_FROM_COORDINATES
4096897354	50c9509d-22c7-4a22-a47d-8c48425ef4a7	https://www.inaturalist.org/observations/156152730	Animalia	Arthropoda	Insecta	Lepidoptera	Noctuidae	Euxoa	Euxoa auxiliaris		SPECIES	Euxoa auxiliaris Grote, 1873	Euxoa auxiliaris		US		Kansas	PRESENT		28eb1a3f-1c15-4a95-931a-4af90ecb574d	38.448147	-98.711755	61.0						2023-04-22T14:43	22	4	2023	4301148	4301148	HUMAN_OBSERVATION	iNaturalist	Observations	156152730		nette57	2023-04-23T00:27:20	CC_BY_NC_4_0	nette57	nette57			2025-10-27T23:37:02.344Z	StillImage	COORDINATE_ROUNDED;CONTINENT_DERIVED_FROM_COORDINATES
4096882271	50c9509d-22c7-4a22-a47d-8c48425ef4a7	https://www.inaturalist.org/observations/156043899	Animalia	Arthropoda	Insecta	Lepidoptera	Noctuidae	Euxoa	Euxoa auxiliaris		SPECIES	Euxoa auxiliaris Grote, 1873	Euxoa auxiliaris		US		Texas	PRESENT		28eb1a3f-1c15-4a95-931a-4af90ecb574d	33.58903	-101.859497	35.0						2023-04-22T08:27:08	22	4	2023	4301148	4301148	HUMAN_OBSERVATION	iNaturalist	Observations	156043899		diamondtay7	2023-04-22T13:50:33	CC_BY_NC_4_0	diamondtay7	diamondtay7			2025-10-27T22:07:40.250Z	StillImage	COORDINATE_ROUNDED;CONTINENT_DERIVED_FROM_COORDINATES
4096741392	50c9509d-22c7-4a22-a47d-8c48425ef4a7	https://www.inaturalist.org/observations/156173220	Animalia	Arthropoda	Insecta	Lepidoptera	Noctuidae	Euxoa	Euxoa auxiliaris		SPECIES	Euxoa auxiliaris Grote, 1873	Euxoa auxiliaris		US		Texas	PRESENT		28eb1a3f-1c15-4a95-931a-4af90ecb574d	33.666277	-101.157739	213.0						2023-04-21T21:44	21	4	2023	4301148	4301148	HUMAN_OBSERVATION	iNaturalist	Observations	156173220		Lena Zappia	2023-04-23T03:09:37	CC_BY_NC_4_0	Lena Zappia	Lena Zappia			2025-10-27T23:36:59.036Z	StillImage	COORDINATE_ROUNDED;CONTINENT_DERIVED_FROM_COORDINATES
4096738952	50c9509d-22c7-4a22-a47d-8c48425ef4a7	https://www.inaturalist.org/observations/155804046	Animalia	Arthropoda	Insecta	Lepidoptera	Noctuidae	Euxoa	Euxoa auxiliaris		SPECIES	Euxoa auxiliaris Grote, 1873	Euxoa auxiliaris		US		Arizona	PRESENT		28eb1a3f-1c15-4a95-931a-4af90ecb574d	33.32	-111.88							2023-04-20T14:03:24	20	4	2023	4301148	4301148	HUMAN_OBSERVATION	iNaturalist	Observations	155804046		Roxanne	2023-04-20T21:05:20	CC_BY_NC_4_0	Roxanne	Roxanne			2025-10-27T23:29:06.005Z	StillImage	COORDINATE_ROUNDED;CONTINENT_DERIVED_FROM_COORDINATES
4096726726	50c9509d-22c7-4a22-a47d-8c48425ef4a7	https://www.inaturalist.org/observations/156458729	Animalia	Arthropoda	Insecta	Lepidoptera	Noctuidae	Euxoa	Euxoa auxiliaris		SPECIES	Euxoa auxiliaris Grote, 1873	Euxoa auxiliaris		US		Kansas	PRESENT		28eb1a3f-1c15-4a95-931a-4af90ecb574d	37.741367	-97.265167							2023-04-24T12:56	24	4	2023	4301148	4301148	HUMAN_OBSERVATION	iNaturalist	Observations	156458729		Ryan Philbrick	2023-04-24T18:46:05	CC_BY_NC_4_0	Ryan Philbrick	Ryan Philbrick			2025-10-28T00:21:03.558Z	StillImage	COORDINATE_ROUNDED;CONTINENT_DERIVED_FROM_COORDINATES
4096650342	50c9509d-22c7-4a22-a47d-8c48425ef4a7	https://www.inaturalist.org/observations/156149364	Animalia	Arthropoda	Insecta	Lepidoptera	Noctuidae	Euxoa	Euxoa auxiliaris		SPECIES	Euxoa auxiliaris Grote, 1873	Euxoa auxiliaris		US		Kansas	PRESENT		28eb1a3f-1c15-4a95-931a-4af90ecb574d	37.229348	-97.426188	28417.0						2023-04-21T05:42	21	4	2023	4301148	4301148	HUMAN_OBSERVATION	iNaturalist	Observations	156149364		S. Queen	2023-04-23T00:02:26	CC_BY_NC_4_0	S. Queen	S. Queen			2025-10-27T23:29:10.317Z	StillImage	COORDINATE_ROUNDED;CONTINENT_DERIVED_FROM_COORDINATES
4096403169	50c9509d-22c7-4a22-a47d-8c48425ef4a7	https://www.inaturalist.org/observations/155955347	Animalia	Arthropoda	Insecta	Lepidoptera	Noctuidae	Euxoa	Euxoa auxiliaris		SPECIES	Euxoa auxiliaris Grote, 1873	Euxoa auxiliaris		US		Texas	PRESENT		28eb1a3f-1c15-4a95-931a-4af90ecb574d	33.589875	-101.892428	35.0						2023-04-21T16:36:32	21	4	2023	4301148	4301148	HUMAN_OBSERVATION	iNaturalist	Observations	155955347		Lena Zappia	2023-04-21T21:36:51	CC_BY_NC_4_0	Lena Zappia	Lena Zappia			2025-10-27T23:29:06.574Z	StillImage	COORDINATE_ROUNDED;CONTINENT_DERIVED_FROM_COORDINATES
4091888123	50c9509d-22c7-4a22-a47d-8c48425ef4a7	https://www.inaturalist.org/observations/154919602	Animalia	Arthropoda	Insecta	Lepidoptera	Noctuidae	Euxoa	Euxoa auxiliaris		SPECIES	Euxoa auxiliaris Grote, 1873	Euxoa auxiliaris		US		Texas	PRESENT		28eb1a3f-1c15-4a95-931a-4af90ecb574d	33.568092	-101.89147	31.0						2023-04-14T22:39:46	14	4	2023	4301148	4301148	HUMAN_OBSERVATION	iNaturalist	Observations	154919602		Hannah Girgente	2023-04-15T13:31:32	CC_BY_NC_4_0	mavec	mavec			2025-10-28T00:20:39.348Z	StillImage	COORDINATE_ROUNDED;CONTINENT_DERIVED_FROM_COORDINATES
4091853694	50c9509d-22c7-4a22-a47d-8c48425ef4a7	https://www.inaturalist.org/observations/154524345	Animalia	Arthropoda	Insecta	Lepidoptera	Noctuidae	Euxoa	Euxoa auxiliaris		SPECIES	Euxoa auxiliaris Grote, 1873	Euxoa auxiliaris		US		New Mexico	PRESENT		28eb1a3f-1c15-4a95-931a-4af90ecb574d	35.11847	-106.464963	28734.0						2023-04-11T21:11	11	4	2023	4301148	4301148	HUMAN_OBSERVATION	iNaturalist	Observations	154524345		Mercedes-Fletcher	2023-04-12T20:20:00	CC0_1_0	Elliott Gordon	Elliott Gordon			2025-10-27T22:07:20.673Z	StillImage	COORDINATE_ROUNDED;CONTINENT_DERIVED_FROM_COORDINATES
4091733330	50c9509d-22c7-4a22-a47d-8c48425ef4a7	https://www.inaturalist.org/observations/155201635	Animalia	Arthropoda	Insecta	Lepidoptera	Noctuidae	Euxoa	Euxoa auxiliaris		SPECIES	Euxoa auxiliaris Grote, 1873	Euxoa auxiliaris		US		Texas	PRESENT		28eb1a3f-1c15-4a95-931a-4af90ecb574d	33.885171	-98.540209							2023-04-15T22:10:15	15	4	2023	4301148	4301148	HUMAN_OBSERVATION	iNaturalist	Observations	155201635		Gabe King	2023-04-16T19:13:00	CC_BY_NC_4_0	Gabe King	Gabe King			2025-10-27T22:13:53.834Z	StillImage	COORDINATE_ROUNDED;CONTINENT_DERIVED_FROM_COORDINATES
4091698696	50c9509d-22c7-4a22-a47d-8c48425ef4a7	https://www.inaturalist.org/observations/155433330	Animalia	Arthropoda	Insecta	Lepidoptera	Noctuidae	Euxoa	Euxoa auxiliaris		SPECIES	Euxoa auxiliaris Grote, 1873	Euxoa auxiliaris		US		Texas	PRESENT		28eb1a3f-1c15-4a95-931a-4af90ecb574d	33.035321	-96.728032	195.0						2023-04-04T00:01	4	4	2023	4301148	4301148	HUMAN_OBSERVATION	iNaturalist	Observations	155433330		assmann	2023-04-18T05:47:17	CC_BY_NC_4_0	assmann	assmann			2025-10-27T23:29:01.159Z	StillImage	COORDINATE_ROUNDED;CONTINENT_DERIVED_FROM_COORDINATES
4091535124	50c9509d-22c7-4a22-a47d-8c48425ef4a7	https://www.inaturalist.org/observations/154920045	Animalia	Arthropoda	Insecta	Lepidoptera	Noctuidae	Euxoa	Euxoa auxiliaris		SPECIES	Euxoa auxiliaris Grote, 1873	Euxoa auxiliaris		US		Texas	PRESENT		28eb1a3f-1c15-4a95-931a-4af90ecb574d	33.568183	-101.891483	8.0						2023-04-14T22:44:36	14	4	2023	4301148	4301148	HUMAN_OBSERVATION	iNaturalist	Observations	154920045		Hannah Girgente	2023-04-15T13:30:40	CC_BY_NC_4_0	mavec	mavec			2025-10-27T23:28:55.612Z	StillImage	COORDINATE_ROUNDED;CONTINENT_DERIVED_FROM_COORDINATES
4091503694	50c9509d-22c7-4a22-a47d-8c48425ef4a7	https://www.inaturalist.org/observations/155479618	Animalia	Arthropoda	Insecta	Lepidoptera	Noctuidae	Euxoa	Euxoa auxiliaris		SPECIES	Euxoa auxiliaris Grote, 1873	Euxoa auxiliaris		US		Texas	PRESENT		28eb1a3f-1c15-4a95-931a-4af90ecb574d	33.566095	-101.801588	4.0						2023-04-18T10:26:48	18	4	2023	4301148	4301148	HUMAN_OBSERVATION	iNaturalist	Observations	155479618		markmikhael1	2023-04-18T15:29:34	CC_BY_NC_4_0	markmikhael1	markmikhael1			2025-10-27T23:29:04.933Z	StillImage	COORDINATE_ROUNDED;CONTINENT_DERIVED_FROM_COORDINATES
4080890463	50c9509d-22c7-4a22-a47d-8c48425ef4a7	https://www.inaturalist.org/observations/154233865	Animalia	Arthropoda	Insecta	Lepidoptera	Noctuidae	Euxoa	Euxoa auxiliaris		SPECIES	Euxoa auxiliaris Grote, 1873	Euxoa auxiliaris		US		Texas	PRESENT		28eb1a3f-1c15-4a95-931a-4af90ecb574d	32.72322	-97.109113							2023-04-09T21:49:45	9	4	2023	4301148	4301148	HUMAN_OBSERVATION	iNaturalist	Observations	154233865		bendire44john	2023-04-10T06:23:56	CC_BY_NC_4_0	bendire44john	bendire44john			2025-10-28T00:20:31.128Z	StillImage	COORDINATE_ROUNDED;CONTINENT_DERIVED_FROM_COORDINATES
4034727297	50c9509d-22c7-4a22-a47d-8c48425ef4a7	https://www.inaturalist.org/observations/148531440	Animalia	Arthropoda	Insecta	Lepidoptera	Noctuidae	Euxoa	Euxoa auxiliaris		SPECIES	Euxoa auxiliaris Grote, 1873	Euxoa auxiliaris		US		Texas	PRESENT		28eb1a3f-1c15-4a95-931a-4af90ecb574d	31.746564	-106.346062	8.0						2023-02-11T10:35:39	11	2	2023	4301148	4301148	HUMAN_OBSERVATION	iNaturalist	Observations	148531440		Jairo Uribarri	2023-02-11T17:36:01	CC_BY_NC_4_0	Jairo Uribarri	Jairo Uribarri			2025-10-27T23:27:31.365Z	StillImage	COORDINATE_ROUNDED;CONTINENT_DERIVED_FROM_COORDINATES
