gbifID	datasetKey	occurrenceID	kingdom	phylum	class	order	family	genus	species	infraspecificEpithet	taxonRank	scientificName	verbatimScientificName	verbatimScientificNameAuthorship	countryCode	locality	stateProvince	occurrenceStatus	individualCount	publishingOrgKey	decimalLatitude	decimalLongitude	coordinateUncertaintyInMeters	coordinatePrecision	elevation	elevationAccuracy	depth	depthAccuracy	eventDate	day	month	year	taxonKey	speciesKey	basisOfRecord	institutionCode	collectionCode	catalogNumber	recordNumber	identifiedBy	dateIdentified	license	rightsHolder	recordedBy	typeStatus	establishmentMeans	lastInterpreted	mediaType	issue
5867888241	50c9509d-22c7-4a22-a47d-8c48425ef4a7	https://www.inaturalist.org/observations/248479258	Animalia	Arthropoda	Insecta	Lepidoptera	Noctuidae	Euxoa	Euxoa auxiliaris		SPECIES	Euxoa auxiliaris Grote, 1873	Euxoa auxiliaris		US		Utah	PRESENT		28eb1a3f-1c15-4a95-931a-4af90ecb574d	40.442938	-111.913397	4.0						2024-10-21T11:37:04	21	10	2024	4301148	4301148	HUMAN_OBSERVATION	iNaturalist	Observations	248479258		dinojoe41	2024-10-21T17:38:02	CC_BY_NC_4_0	dinojoe41	dinojoe41			2025-10-27T23:53:36.932Z	StillImage	COORDINATE_ROUNDED;CONTINENT_DERIVED_FROM_COORDINATES
5844458936	50c9509d-22c7-4a22-a47d-8c48425ef4a7	https://www.inaturalist.org/observations/256709470	Animalia	Arthropoda	Insecta	Lepidoptera	Noctuidae	Euxoa	Euxoa auxiliaris		SPECIES	Euxoa auxiliaris Grote, 1873	Euxoa auxiliaris		US		Utah	PRESENT		28eb1a3f-1c15-4a95-931a-4af90ecb574d	37.544793	-109.745035							2024-10-17T09:27	17	10	2024	4301148	4301148	HUMAN_OBSERVATION	iNaturalist	Observations	256709470		Brian Johnson	2024-12-30T02:23:37	CC_BY_NC_4_0	Brian Johnson	Brian Johnson			2025-10-27T22:40:19.968Z	StillImage	COORDINATE_ROUNDED;CONTINENT_DERIVED_FROM_COORDINATES
5843937760	50c9509d-22c7-4a22-a47d-8c48425ef4a7	https://www.inaturalist.org/observations/247245770	Animalia	Arthropoda	Insecta	Lepidoptera	Noctuidae	Euxoa	Euxoa auxiliaris		SPECIES	Euxoa auxiliaris Grote, 1873	Euxoa auxiliaris		US		Utah	PRESENT		28eb1a3f-1c15-4a95-931a-4af90ecb574d	37.113833	-112.549622	35.0						2024-10-13T09:55:03	13	10	2024	4301148	4301148	HUMAN_OBSERVATION	iNaturalist	Observations	247245770		Andrew	2024-10-14T02:39:44	CC_BY_NC_4_0	Andrew	Andrew			2025-10-28T00:40:54.677Z	StillImage	COORDINATE_ROUNDED;CONTINENT_DERIVED_FROM_COORDINATES
5283732675	c9769493-6cb5-4bf2-8ec7-259288b332ba	55d3100a-8739-40b0-a757-565789f0804f	Animalia	Arthropoda	Insecta	Lepidoptera	Noctuidae	Euxoa	Euxoa auxiliaris		SPECIES	Euxoa auxiliaris Grote, 1873	Euxoa auxiliaris	(Grote, 1873)	US		Colorado	PRESENT	1	d0c172d4-6e53-45bf-ac21-014ab0c24a8f	38.49982	-106.949559							2024-08-13	13	8	2024	4301148	4301148	PRESERVED_SPECIMEN	BP	BLM	BPAV 07224		A. Draper		CC_BY_NC_4_0	Rocky Mountain Butterfly Consortium DBA Butterfly Pavilion	M. Schonewise, A. Draper; M. Schonewise, A. Draper			2025-10-24T06:49:53.029Z		GEODETIC_DATUM_ASSUMED_WGS84;IDENTIFIED_DATE_INVALID;OCCURRENCE_STATUS_INFERRED_FROM_INDIVIDUAL_COUNT;COLLECTION_MATCH_NONE;INSTITUTION_MATCH_FUZZY
5230770932	50c9509d-22c7-4a22-a47d-8c48425ef4a7	https://www.inaturalist.org/observations/295013839	Animalia	Arthropoda	Insecta	Lepidoptera	Noctuidae	Euxoa	Euxoa auxiliaris		SPECIES	Euxoa auxiliaris Grote, 1873	Euxoa auxiliaris		US		Colorado	PRESENT		28eb1a3f-1c15-4a95-931a-4af90ecb574d	39.994095	-105.104661	4.0						2024-10-09T21:06:43	9	10	2024	4301148	4301148	HUMAN_OBSERVATION	iNaturalist	Observations	295013839		Christopher Newby	2025-07-04T02:40:28	CC_BY_NC_4_0	Christopher Newby	Christopher Newby			2025-10-28T00:51:14.030Z	StillImage	COORDINATE_ROUNDED;CONTINENT_DERIVED_FROM_COORDINATES
5206540449	50c9509d-22c7-4a22-a47d-8c48425ef4a7	https://www.inaturalist.org/observations/246839644	Animalia	Arthropoda	Insecta	Lepidoptera	Noctuidae	Euxoa	Euxoa auxiliaris		SPECIES	Euxoa auxiliaris Grote, 1873	Euxoa auxiliaris		US		Texas	PRESENT		28eb1a3f-1c15-4a95-931a-4af90ecb574d	30.706096	-104.10483	17.0						2024-09-28T00:17	28	9	2024	4301148	4301148	HUMAN_OBSERVATION	iNaturalist	Observations	246839644		jugbayjs	2024-10-11T22:16:38	CC_BY_NC_4_0	jugbayjs	jugbayjs			2025-10-27T23:44:53.435Z	StillImage	COORDINATE_ROUNDED;CONTINENT_DERIVED_FROM_COORDINATES
5206427387	50c9509d-22c7-4a22-a47d-8c48425ef4a7	https://www.inaturalist.org/observations/207470601	Animalia	Arthropoda	Insecta	Lepidoptera	Noctuidae	Euxoa	Euxoa auxiliaris		SPECIES	Euxoa auxiliaris Grote, 1873	Euxoa auxiliaris		US		Texas	PRESENT		28eb1a3f-1c15-4a95-931a-4af90ecb574d	30.466613	-101.804163	8.0						2024-04-14T06:47	14	4	2024	4301148	4301148	HUMAN_OBSERVATION	iNaturalist	Observations	207470601		Rich Kostecke	2024-04-15T21:37:14	CC_BY_NC_4_0	Rich Kostecke	Rich Kostecke			2025-10-28T00:32:07.614Z	StillImage	COORDINATE_ROUNDED;CONTINENT_DERIVED_FROM_COORDINATES
5206407401	50c9509d-22c7-4a22-a47d-8c48425ef4a7	https://www.inaturalist.org/observations/207717152	Animalia	Arthropoda	Insecta	Lepidoptera	Noctuidae	Euxoa	Euxoa auxiliaris		SPECIES	Euxoa auxiliaris Grote, 1873	Euxoa auxiliaris		US		Texas	PRESENT		28eb1a3f-1c15-4a95-931a-4af90ecb574d	32.728671	-97.103425	22.0						2024-04-17T01:12:18	17	4	2024	4301148	4301148	HUMAN_OBSERVATION	iNaturalist	Observations	207717152		ben_b41	2024-04-17T06:39:15	CC_BY_NC_4_0	ben_b41	ben_b41			2025-10-27T22:22:26.818Z	StillImage	COORDINATE_ROUNDED;CONTINENT_DERIVED_FROM_COORDINATES
5206351413	50c9509d-22c7-4a22-a47d-8c48425ef4a7	https://www.inaturalist.org/observations/225000424	Animalia	Arthropoda	Insecta	Lepidoptera	Noctuidae	Euxoa	Euxoa auxiliaris		SPECIES	Euxoa auxiliaris Grote, 1873	Euxoa auxiliaris		US		Texas	PRESENT		28eb1a3f-1c15-4a95-931a-4af90ecb574d	36.44675	-100.312127							2024-04-20T08:09	20	4	2024	4301148	4301148	HUMAN_OBSERVATION	iNaturalist	Observations	225000424		brandonbest	2024-06-25T00:21:15	CC_BY_NC_4_0	brandonbest	brandonbest			2025-10-28T00:35:50.829Z	StillImage	COORDINATE_ROUNDED;CONTINENT_DERIVED_FROM_COORDINATES
5206266396	50c9509d-22c7-4a22-a47d-8c48425ef4a7	https://www.inaturalist.org/observations/208161320	Animalia	Arthropoda	Insecta	Lepidoptera	Noctuidae	Euxoa	Euxoa auxiliaris		SPECIES	Euxoa auxiliaris Grote, 1873	Euxoa auxiliaris		US		Texas	PRESENT		28eb1a3f-1c15-4a95-931a-4af90ecb574d	31.439983	-100.464596							2024-04-19T16:23:13	19	4	2024	4301148	4301148	HUMAN_OBSERVATION	iNaturalist	Observations	208161320		Christian Bell	2024-04-19T21:24:33	CC_BY_NC_4_0	Christian Bell	Christian Bell			2025-10-27T22:22:33.113Z	StillImage	COORDINATE_ROUNDED;CONTINENT_DERIVED_FROM_COORDINATES
5206239389	50c9509d-22c7-4a22-a47d-8c48425ef4a7	https://www.inaturalist.org/observations/223463516	Animalia	Arthropoda	Insecta	Lepidoptera	Noctuidae	Euxoa	Euxoa auxiliaris		SPECIES	Euxoa auxiliaris Grote, 1873	Euxoa auxiliaris		US		Texas	PRESENT		28eb1a3f-1c15-4a95-931a-4af90ecb574d	30.699201	-104.117679	75.0						2024-06-03T22:36	3	6	2024	4301148	4301148	HUMAN_OBSERVATION	iNaturalist	Observations	223463516		Jack Cochran	2024-06-18T01:59:44	CC_BY_NC_4_0	Jack Cochran	Jack Cochran			2025-10-27T22:32:32.941Z	StillImage	CONTINENT_DERIVED_FROM_COORDINATES
5206137374	50c9509d-22c7-4a22-a47d-8c48425ef4a7	https://www.inaturalist.org/observations/209136155	Animalia	Arthropoda	Insecta	Lepidoptera	Noctuidae	Euxoa	Euxoa auxiliaris		SPECIES	Euxoa auxiliaris Grote, 1873	Euxoa auxiliaris		US		Texas	PRESENT		28eb1a3f-1c15-4a95-931a-4af90ecb574d	30.466516	-101.804138	15.0						2024-04-13T22:58	13	4	2024	4301148	4301148	HUMAN_OBSERVATION	iNaturalist	Observations	209136155		Rich Kostecke	2024-04-24T20:16:41	CC_BY_NC_4_0	Rich Kostecke	Rich Kostecke			2025-10-28T00:32:23.071Z	StillImage	COORDINATE_ROUNDED;CONTINENT_DERIVED_FROM_COORDINATES
5206019404	50c9509d-22c7-4a22-a47d-8c48425ef4a7	https://www.inaturalist.org/observations/208998773	Animalia	Arthropoda	Insecta	Lepidoptera	Noctuidae	Euxoa	Euxoa auxiliaris		SPECIES	Euxoa auxiliaris Grote, 1873	Euxoa auxiliaris		US		Texas	PRESENT		28eb1a3f-1c15-4a95-931a-4af90ecb574d	30.597716	-103.92871	4.0						2024-04-19T21:28	19	4	2024	4301148	4301148	HUMAN_OBSERVATION	iNaturalist	Observations	208998773		Sam Kieschnick	2024-04-24T00:24:22	CC_BY_4_0	Sam Kieschnick	Sam Kieschnick			2025-10-27T22:22:44.452Z	StillImage	COORDINATE_ROUNDED;CONTINENT_DERIVED_FROM_COORDINATES
5172041341	323b0e80-5e4b-4cc4-936a-d93fc8cae9bc	cd4b7310-e095-446d-bb10-5ed4c05da53d	Animalia	Arthropoda	Insecta	Lepidoptera	Noctuidae	Euxoa	Euxoa auxiliaris		SPECIES	Euxoa auxiliaris Grote, 1873	Euxoa auxiliaris	(Grote, 1873)	US	3 mi. SSE of Glendive, Makoshika State Park, Cains CG	Montana	PRESENT	1	0d923068-1cec-44de-8b78-33a51fb0cacd	47.07547	-104.69495	5.0		655.0				2024-07-06	6	7	2024	4301148	4301148	PRESERVED_SPECIMEN	CSU	CSUC	CSU_ENT1270490				CC0_1_0	Department of Bioagricultural Sciences	Marian L. Kirst			2025-10-25T09:37:57.856Z		GEODETIC_DATUM_ASSUMED_WGS84;OCCURRENCE_STATUS_INFERRED_FROM_INDIVIDUAL_COUNT
5172040341	323b0e80-5e4b-4cc4-936a-d93fc8cae9bc	b9829a11-b15b-4c0c-ac79-0e950a503764	Animalia	Arthropoda	Insecta	Lepidoptera	Noctuidae	Euxoa	Euxoa auxiliaris		SPECIES	Euxoa auxiliaris Grote, 1873	Euxoa auxiliaris	(Grote, 1873)	US	1.7 mi. W of MT hw 13, mi. marker 36, Susag Farms, W Susag Rd., near Caragana	Montana	PRESENT	1	0d923068-1cec-44de-8b78-33a51fb0cacd	48.57848	-105.46585	5.0		728.0				2024-08-01	1	8	2024	4301148	4301148	PRESERVED_SPECIMEN	CSU	CSUC	CSU_ENT1270493				CC0_1_0	Department of Bioagricultural Sciences	Mat Seidensticker			2025-10-25T09:37:58.300Z		OCCURRENCE_STATUS_INFERRED_FROM_INDIVIDUAL_COUNT
5172037341	323b0e80-5e4b-4cc4-936a-d93fc8cae9bc	169b2719-ec20-448b-bffb-1f4a0a41cf32	Animalia	Arthropoda	Insecta	Lepidoptera	Noctuidae	Euxoa	Euxoa auxiliaris		SPECIES	Euxoa auxiliaris Grote, 1873	Euxoa auxiliaris	(Grote, 1873)	US	6 mi. W of Columbus, Holmgren Fishing Access Site (FAS)	Montana	PRESENT	1	0d923068-1cec-44de-8b78-33a51fb0cacd	45.66225	-109.34449	5.0		1094.0				2024-09-16	16	9	2024	4301148	4301148	PRESERVED_SPECIMEN	CSU	CSUC	CSU_ENT1270497				CC0_1_0	Department of Bioagricultural Sciences	D. Harty; D. Johnson et al.			2025-10-25T09:37:58.370Z		GEODETIC_DATUM_ASSUMED_WGS84;OCCURRENCE_STATUS_INFERRED_FROM_INDIVIDUAL_COUNT
5172036330	323b0e80-5e4b-4cc4-936a-d93fc8cae9bc	eb037380-256a-4edc-97d8-88dfaf0a63cb	Animalia	Arthropoda	Insecta	Lepidoptera	Noctuidae	Euxoa	Euxoa auxiliaris		SPECIES	Euxoa auxiliaris Grote, 1873	Euxoa auxiliaris	(Grote, 1873)	US	6 mi. W of Columbus, Holmgren Fishing Access Site (FAS)	Montana	PRESENT	1	0d923068-1cec-44de-8b78-33a51fb0cacd	45.66002	-109.34332	5.0		1094.0				2024-09-16	16	9	2024	4301148	4301148	PRESERVED_SPECIMEN	CSU	CSUC	CSU_ENT1270495				CC0_1_0	Department of Bioagricultural Sciences	D. Harty; D. Johnson et al.			2025-10-25T09:37:58.270Z		GEODETIC_DATUM_ASSUMED_WGS84;OCCURRENCE_STATUS_INFERRED_FROM_INDIVIDUAL_COUNT
5172032332	323b0e80-5e4b-4cc4-936a-d93fc8cae9bc	ca12274e-3900-4b89-812e-9aaf185ae31a	Animalia	Arthropoda	Insecta	Lepidoptera	Noctuidae	Euxoa	Euxoa auxiliaris		SPECIES	Euxoa auxiliaris Grote, 1873	Euxoa auxiliaris	(Grote, 1873)	US	8.5 mi W of Dillon, on Salix property	Montana	PRESENT	1	0d923068-1cec-44de-8b78-33a51fb0cacd	45.211433	-112.812755	5.0		1712.0				2024-07-12	12	7	2024	4301148	4301148	PRESERVED_SPECIMEN	CSU	CSUC	CSU_ENT1270496				CC0_1_0	Department of Bioagricultural Sciences	Jessie Salix			2025-10-25T09:37:58.243Z		GEODETIC_DATUM_ASSUMED_WGS84;OCCURRENCE_STATUS_INFERRED_FROM_INDIVIDUAL_COUNT
5172028342	323b0e80-5e4b-4cc4-936a-d93fc8cae9bc	25f5076a-0767-4d1d-b0d6-589dd560fcd5	Animalia	Arthropoda	Insecta	Lepidoptera	Noctuidae	Euxoa	Euxoa auxiliaris		SPECIES	Euxoa auxiliaris Grote, 1873	Euxoa auxiliaris	(Grote, 1873)	US	6 mi. W of Columbus, Holmgren Fishing Access Site (FAS)	Montana	PRESENT	1	0d923068-1cec-44de-8b78-33a51fb0cacd	45.66002	-109.34332	5.0		1094.0				2024-09-16	16	9	2024	4301148	4301148	PRESERVED_SPECIMEN	CSU	CSUC	CSU_ENT1270492				CC0_1_0	Department of Bioagricultural Sciences	D. Harty; D. Johnson et al.			2025-10-25T09:37:59.515Z		GEODETIC_DATUM_ASSUMED_WGS84;OCCURRENCE_STATUS_INFERRED_FROM_INDIVIDUAL_COUNT
5172026336	323b0e80-5e4b-4cc4-936a-d93fc8cae9bc	01b4ae09-f1f5-4439-9c75-56e1c50a316d	Animalia	Arthropoda	Insecta	Lepidoptera	Noctuidae	Euxoa	Euxoa auxiliaris		SPECIES	Euxoa auxiliaris Grote, 1873	Euxoa auxiliaris	(Grote, 1873)	US	6 mi. W of Columbus, Holmgren Fishing Access Site (FAS)	Montana	PRESENT	1	0d923068-1cec-44de-8b78-33a51fb0cacd	45.66161	-109.34556	5.0		1089.0				2024-09-16	16	9	2024	4301148	4301148	PRESERVED_SPECIMEN	CSU	CSUC	CSU_ENT1270494				CC0_1_0	Department of Bioagricultural Sciences	D. Harty; D. Johnson et al.			2025-10-25T09:37:58.192Z		GEODETIC_DATUM_ASSUMED_WGS84;OCCURRENCE_STATUS_INFERRED_FROM_INDIVIDUAL_COUNT
5172023337	323b0e80-5e4b-4cc4-936a-d93fc8cae9bc	482cd7b5-fcaf-4dbf-85ca-772e24f410b9	Animalia	Arthropoda	Insecta	Lepidoptera	Noctuidae	Euxoa	Euxoa auxiliaris		SPECIES	Euxoa auxiliaris Grote, 1873	Euxoa auxiliaris	(Grote, 1873)	US	Malta, Trafton Park, Milk River	Montana	PRESENT	1	0d923068-1cec-44de-8b78-33a51fb0cacd	48.36327	-107.86845	5.0		689.0				2024-08-02	2	8	2024	4301148	4301148	PRESERVED_SPECIMEN	CSU	CSUC	CSU_ENT1270487				CC0_1_0	Department of Bioagricultural Sciences	Mat Seidensticker			2025-10-25T09:37:52.877Z		GEODETIC_DATUM_ASSUMED_WGS84;OCCURRENCE_STATUS_INFERRED_FROM_INDIVIDUAL_COUNT
5172022337	323b0e80-5e4b-4cc4-936a-d93fc8cae9bc	83ca779b-bb62-44b0-b823-8b4a80a48fbf	Animalia	Arthropoda	Insecta	Lepidoptera	Noctuidae	Euxoa	Euxoa auxiliaris		SPECIES	Euxoa auxiliaris Grote, 1873	Euxoa auxiliaris	(Grote, 1873)	US	Fort Benton, 1414 Main Street	Montana	PRESENT	1	0d923068-1cec-44de-8b78-33a51fb0cacd	47.81754	-110.69917	5.0		803.0				2024-06-24	24	6	2024	4301148	4301148	PRESERVED_SPECIMEN	CSU	CSUC	CSU_ENT1270491				CC0_1_0	Department of Bioagricultural Sciences	Chuck Harp			2025-10-25T09:37:58.890Z		GEODETIC_DATUM_ASSUMED_WGS84;OCCURRENCE_STATUS_INFERRED_FROM_INDIVIDUAL_COUNT
5168268777	50c9509d-22c7-4a22-a47d-8c48425ef4a7	https://www.inaturalist.org/observations/270074913	Animalia	Arthropoda	Insecta	Lepidoptera	Noctuidae	Euxoa	Euxoa auxiliaris		SPECIES	Euxoa auxiliaris Grote, 1873	Euxoa auxiliaris		US		Nevada	PRESENT		28eb1a3f-1c15-4a95-931a-4af90ecb574d	36.195146	-115.288136	9.0						2024-10-10T15:46	10	10	2024	4301148	4301148	HUMAN_OBSERVATION	iNaturalist	Observations	270074913		kobypo89	2025-04-12T22:48:17	CC_BY_NC_4_0	kobypo89	kobypo89			2025-10-27T22:36:18.819Z	StillImage	COORDINATE_ROUNDED;CONTINENT_DERIVED_FROM_COORDINATES
5168144442	50c9509d-22c7-4a22-a47d-8c48425ef4a7	https://www.inaturalist.org/observations/222082726	Animalia	Arthropoda	Insecta	Lepidoptera	Noctuidae	Euxoa	Euxoa auxiliaris		SPECIES	Euxoa auxiliaris Grote, 1873	Euxoa auxiliaris		US		Colorado	PRESENT		28eb1a3f-1c15-4a95-931a-4af90ecb574d	38.233095	-104.567612	10.0						2024-06-08T12:52:08	8	6	2024	4301148	4301148	HUMAN_OBSERVATION	iNaturalist	Observations	222082726		lyndseynd	2024-06-11T18:32:22	CC_BY_NC_4_0	lyndseynd	lyndseynd			2025-10-27T23:48:41.297Z	StillImage	COORDINATE_ROUNDED;CONTINENT_DERIVED_FROM_COORDINATES
5166813542	50c9509d-22c7-4a22-a47d-8c48425ef4a7	https://www.inaturalist.org/observations/271888550	Animalia	Arthropoda	Insecta	Lepidoptera	Noctuidae	Euxoa	Euxoa auxiliaris		SPECIES	Euxoa auxiliaris Grote, 1873	Euxoa auxiliaris		US		California	PRESENT		28eb1a3f-1c15-4a95-931a-4af90ecb574d	35.529502	-115.553801	28677.0						2024-10-08T19:48	8	10	2024	4301148	4301148	HUMAN_OBSERVATION	iNaturalist	Observations	271888550		bangert301	2025-04-21T03:54:55	CC_BY_NC_4_0	bangert301	bangert301			2025-10-27T22:39:35.116Z	StillImage	COORDINATE_ROUNDED;CONTINENT_DERIVED_FROM_COORDINATES
5141085349	50c9509d-22c7-4a22-a47d-8c48425ef4a7	https://www.inaturalist.org/observations/276432996	Animalia	Arthropoda	Insecta	Lepidoptera	Noctuidae	Euxoa	Euxoa auxiliaris		SPECIES	Euxoa auxiliaris Grote, 1873	Euxoa auxiliaris		US		Utah	PRESENT		28eb1a3f-1c15-4a95-931a-4af90ecb574d	40.856881	-109.728989	1.0						2024-08-11T22:03	11	8	2024	4301148	4301148	HUMAN_OBSERVATION	iNaturalist	Observations	276432996		Laura Gaudette	2025-04-29T04:46:36	CC_BY_4_0	Laura Gaudette	Laura Gaudette			2025-10-28T00:47:36.298Z	StillImage	COORDINATE_ROUNDED;CONTINENT_DERIVED_FROM_COORDINATES
5139928074	50c9509d-22c7-4a22-a47d-8c48425ef4a7	https://www.inaturalist.org/observations/219154420	Animalia	Arthropoda	Insecta	Lepidoptera	Noctuidae	Euxoa	Euxoa auxiliaris		SPECIES	Euxoa auxiliaris Grote, 1873	Euxoa auxiliaris		US		Colorado	PRESENT		28eb1a3f-1c15-4a95-931a-4af90ecb574d	39.812422	-104.888556							2024-05-29T08:00:30	29	5	2024	4301148	4301148	HUMAN_OBSERVATION	iNaturalist	Observations	219154420		Cody Limber	2024-05-29T17:48:07	CC_BY_NC_4_0	Cody Limber	Cody Limber			2025-10-28T00:34:04.996Z	StillImage	COORDINATE_ROUNDED;CONTINENT_DERIVED_FROM_COORDINATES
5138332079	323b0e80-5e4b-4cc4-936a-d93fc8cae9bc	2cc2b15f-642b-48e8-9745-7f741778f510	Animalia	Arthropoda	Insecta	Lepidoptera	Noctuidae	Euxoa	Euxoa auxiliaris		SPECIES	Euxoa auxiliaris Grote, 1873	Euxoa auxiliaris	(Grote, 1873)	US	6 mi. W of Columbus, Holmgren Fishing Access Site (FAS)	Montana	PRESENT	1	0d923068-1cec-44de-8b78-33a51fb0cacd	45.66002	-109.34332	5.0		1094.0				2024-09-16	16	9	2024	4301148	4301148	PRESERVED_SPECIMEN	CSU	CSUC	CSU_ENT1272712				CC0_1_0	Department of Bioagricultural Sciences	D. Harty; D. Johnson et al.			2025-10-25T09:37:52.808Z		GEODETIC_DATUM_ASSUMED_WGS84;OCCURRENCE_STATUS_INFERRED_FROM_INDIVIDUAL_COUNT
5138332078	323b0e80-5e4b-4cc4-936a-d93fc8cae9bc	124fdeed-641f-4a8e-8d03-3d5de2e30e12	Animalia	Arthropoda	Insecta	Lepidoptera	Noctuidae	Euxoa	Euxoa auxiliaris		SPECIES	Euxoa auxiliaris Grote, 1873	Euxoa auxiliaris	(Grote, 1873)	US	Loma, Marias Bridge Fishing Access, confl. Marias & Teton Rvrs.	Montana	PRESENT	1	0d923068-1cec-44de-8b78-33a51fb0cacd	47.93166	-110.50813	5.0		780.0				2024-06-24	24	6	2024	4301148	4301148	PRESERVED_SPECIMEN	CSU	CSUC	CSU_ENT1272710				CC0_1_0	Department of Bioagricultural Sciences	Chuck Harp			2025-10-25T09:37:52.806Z		GEODETIC_DATUM_ASSUMED_WGS84;OCCURRENCE_STATUS_INFERRED_FROM_INDIVIDUAL_COUNT
5138332076	323b0e80-5e4b-4cc4-936a-d93fc8cae9bc	88f805c4-9743-419f-84ff-f2f9bcf223d5	Animalia	Arthropoda	Insecta	Lepidoptera	Noctuidae	Euxoa	Euxoa auxiliaris		SPECIES	Euxoa auxiliaris Grote, 1873	Euxoa auxiliaris	(Grote, 1873)	US	6.5 mi. NW of HW 93 Larry Cr. Rd., Lolo NF	Montana	PRESENT	1	0d923068-1cec-44de-8b78-33a51fb0cacd	46.58542	-114.15702	5.0		1607.0				2024-07-12	12	7	2024	4301148	4301148	PRESERVED_SPECIMEN	CSU	CSUC	CSU_ENT1272706				CC0_1_0	Department of Bioagricultural Sciences	Mat Seidensticker			2025-10-25T09:38:13.119Z	StillImage	OCCURRENCE_STATUS_INFERRED_FROM_INDIVIDUAL_COUNT
5138331929	323b0e80-5e4b-4cc4-936a-d93fc8cae9bc	eddca6f5-01c5-4643-bd7a-43687695f3f7	Animalia	Arthropoda	Insecta	Lepidoptera	Noctuidae	Euxoa	Euxoa auxiliaris		SPECIES	Euxoa auxiliaris Grote, 1873	Euxoa auxiliaris	(Grote, 1873)	US	Sidney, nr. Hwy. 16/200 and 3rd Street SE	Montana	PRESENT	1	0d923068-1cec-44de-8b78-33a51fb0cacd	47.71254	-104.15702	10.0						2024-07-10	10	7	2024	4301148	4301148	PRESERVED_SPECIMEN	CSU	CSUC	CSU_ENT1269605				CC0_1_0	Department of Bioagricultural Sciences	J. Campbell			2025-10-25T09:37:57.545Z		GEODETIC_DATUM_ASSUMED_WGS84;OCCURRENCE_STATUS_INFERRED_FROM_INDIVIDUAL_COUNT
5138331058	323b0e80-5e4b-4cc4-936a-d93fc8cae9bc	2c271b60-2d42-4bbe-a813-f52c02fb3297	Animalia	Arthropoda	Insecta	Lepidoptera	Noctuidae	Euxoa	Euxoa auxiliaris		SPECIES	Euxoa auxiliaris Grote, 1873	Euxoa auxiliaris	(Grote, 1873)	US	5.8 mi. SE of Moiese, CSKT Bison Range, Red Sleep Mtn. Dr., Upper Pauline Creek	Montana	PRESENT	1	0d923068-1cec-44de-8b78-33a51fb0cacd	47.33074	-114.2236	5.0		1195.0				2024-07-10	10	7	2024	4301148	4301148	PRESERVED_SPECIMEN	CSU	CSUC	CSU_ENT1272716				CC0_1_0	Department of Bioagricultural Sciences	Mat Seidensticker			2025-10-25T09:37:58.532Z		GEODETIC_DATUM_ASSUMED_WGS84;OCCURRENCE_STATUS_INFERRED_FROM_INDIVIDUAL_COUNT
5138331056	323b0e80-5e4b-4cc4-936a-d93fc8cae9bc	fcff1e9b-d00b-4726-ba17-d3944cd44b2f	Animalia	Arthropoda	Insecta	Lepidoptera	Noctuidae	Euxoa	Euxoa auxiliaris		SPECIES	Euxoa auxiliaris Grote, 1873	Euxoa auxiliaris	(Grote, 1873)	US	Loma, Marias Bridge Fishing Access, confl. Marias & Teton Rvrs.	Montana	PRESENT	1	0d923068-1cec-44de-8b78-33a51fb0cacd	47.93166	-110.50813	5.0		780.0				2024-06-24	24	6	2024	4301148	4301148	PRESERVED_SPECIMEN	CSU	CSUC	CSU_ENT1272711				CC0_1_0	Department of Bioagricultural Sciences	Chuck Harp			2025-10-25T09:37:52.845Z		GEODETIC_DATUM_ASSUMED_WGS84;OCCURRENCE_STATUS_INFERRED_FROM_INDIVIDUAL_COUNT
5138330098	323b0e80-5e4b-4cc4-936a-d93fc8cae9bc	43b89c79-f11c-4373-b76c-f464b7ae56c7	Animalia	Arthropoda	Insecta	Lepidoptera	Noctuidae	Euxoa	Euxoa auxiliaris		SPECIES	Euxoa auxiliaris Grote, 1873	Euxoa auxiliaris	(Grote, 1873)	US	Malta, Trafton Park, Milk River	Montana	PRESENT	1	0d923068-1cec-44de-8b78-33a51fb0cacd	48.36327	-107.86845	5.0		690.0				2024-08-02	2	8	2024	4301148	4301148	PRESERVED_SPECIMEN	CSU	CSUC	CSU_ENT1272715				CC0_1_0	Department of Bioagricultural Sciences	Mat Seidensticker			2025-10-25T09:37:58.252Z		GEODETIC_DATUM_ASSUMED_WGS84;OCCURRENCE_STATUS_INFERRED_FROM_INDIVIDUAL_COUNT
5138330097	323b0e80-5e4b-4cc4-936a-d93fc8cae9bc	2a1db27e-6757-4248-8591-90e0aeb9fada	Animalia	Arthropoda	Insecta	Lepidoptera	Noctuidae	Euxoa	Euxoa auxiliaris		SPECIES	Euxoa auxiliaris Grote, 1873	Euxoa auxiliaris	(Grote, 1873)	US	Loma, Marias Bridge Fishing Access, confl. Marias & Teton Rvrs.	Montana	PRESENT	1	0d923068-1cec-44de-8b78-33a51fb0cacd	47.93166	-110.50813	5.0		780.0				2024-06-24	24	6	2024	4301148	4301148	PRESERVED_SPECIMEN	CSU	CSUC	CSU_ENT1272709				CC0_1_0	Department of Bioagricultural Sciences	Chuck Harp			2025-10-25T09:37:52.799Z		GEODETIC_DATUM_ASSUMED_WGS84;OCCURRENCE_STATUS_INFERRED_FROM_INDIVIDUAL_COUNT
5138330096	323b0e80-5e4b-4cc4-936a-d93fc8cae9bc	a59b5cd8-bb07-404b-955c-12719ae4759e	Animalia	Arthropoda	Insecta	Lepidoptera	Noctuidae	Euxoa	Euxoa auxiliaris		SPECIES	Euxoa auxiliaris Grote, 1873	Euxoa auxiliaris	(Grote, 1873)	US	Sidney, nr. Hwy 16/200 and 3rd Street SE	Montana	PRESENT	1	0d923068-1cec-44de-8b78-33a51fb0cacd	47.71254	-104.15702	5.0						2024-07-10/2024-07-11		7	2024	4301148	4301148	PRESERVED_SPECIMEN	CSU	CSUC	CSU_ENT1272708				CC0_1_0	Department of Bioagricultural Sciences	Josh Campbell			2025-10-25T09:38:17.404Z		GEODETIC_DATUM_ASSUMED_WGS84;OCCURRENCE_STATUS_INFERRED_FROM_INDIVIDUAL_COUNT
5138328939	323b0e80-5e4b-4cc4-936a-d93fc8cae9bc	eefcc119-7fab-4876-973a-b6f2c5b0f73f	Animalia	Arthropoda	Insecta	Lepidoptera	Noctuidae	Euxoa	Euxoa auxiliaris		SPECIES	Euxoa auxiliaris Grote, 1873	Euxoa auxiliaris	(Grote, 1873)	US	6 mi. W of Columbus, Holmgren Fishing Access Site (FAS)	Montana	PRESENT	1	0d923068-1cec-44de-8b78-33a51fb0cacd	45.65847	-109.3407	10.0		1094.0				2024-09-16	16	9	2024	4301148	4301148	PRESERVED_SPECIMEN	CSU	CSUC	CSU_ENT1269604				CC0_1_0	Department of Bioagricultural Sciences	D. Harty; D. Johnson et al.			2025-10-25T09:37:52.852Z		GEODETIC_DATUM_ASSUMED_WGS84;OCCURRENCE_STATUS_INFERRED_FROM_INDIVIDUAL_COUNT
5138328108	323b0e80-5e4b-4cc4-936a-d93fc8cae9bc	0a6ae258-d6a5-4899-8e5c-5dd986bdf1a5	Animalia	Arthropoda	Insecta	Lepidoptera	Noctuidae	Euxoa	Euxoa auxiliaris		SPECIES	Euxoa auxiliaris Grote, 1873	Euxoa auxiliaris	(Grote, 1873)	US	7.5 mi. W of MT Hwy 233, Sanford Park CG	Montana	PRESENT	1	0d923068-1cec-44de-8b78-33a51fb0cacd	48.31281	-111.08867	5.0		862.0				2024-06-02	2	6	2024	4301148	4301148	PRESERVED_SPECIMEN	CSU	CSUC	CSU_ENT1272717				CC0_1_0	Department of Bioagricultural Sciences	Mat Seidensticker			2025-10-25T09:37:58.779Z		GEODETIC_DATUM_ASSUMED_WGS84;OCCURRENCE_STATUS_INFERRED_FROM_INDIVIDUAL_COUNT
5138328107	323b0e80-5e4b-4cc4-936a-d93fc8cae9bc	834dcf95-7fc2-449f-9502-9a3d36b9ce24	Animalia	Arthropoda	Insecta	Lepidoptera	Noctuidae	Euxoa	Euxoa auxiliaris		SPECIES	Euxoa auxiliaris Grote, 1873	Euxoa auxiliaris	(Grote, 1873)	US	6 mi. W of Columbus, Holmgren Fishing Access Site (FAS)	Montana	PRESENT	1	0d923068-1cec-44de-8b78-33a51fb0cacd	45.66161	-109.34556	5.0		1089.0				2024-09-16	16	9	2024	4301148	4301148	PRESERVED_SPECIMEN	CSU	CSUC	CSU_ENT1272713				CC0_1_0	Department of Bioagricultural Sciences	D. Harty; D. Johnson et al.			2025-10-25T09:37:52.918Z		GEODETIC_DATUM_ASSUMED_WGS84;OCCURRENCE_STATUS_INFERRED_FROM_INDIVIDUAL_COUNT
5138328105	323b0e80-5e4b-4cc4-936a-d93fc8cae9bc	0858afa4-172a-4712-8ec9-b63aee47b64d	Animalia	Arthropoda	Insecta	Lepidoptera	Noctuidae	Euxoa	Euxoa auxiliaris		SPECIES	Euxoa auxiliaris Grote, 1873	Euxoa auxiliaris	(Grote, 1873)	US	8.3 mi. NW of HW 93 Larry Cr. Rd., Lolo NF	Montana	PRESENT	1	0d923068-1cec-44de-8b78-33a51fb0cacd	46.59999	-114.1638	5.0		1777.0				2024-07-12	12	7	2024	4301148	4301148	PRESERVED_SPECIMEN	CSU	CSUC	CSU_ENT1272707				CC0_1_0	Department of Bioagricultural Sciences	Mat Seidensticker			2025-10-25T09:38:15.860Z		OCCURRENCE_STATUS_INFERRED_FROM_INDIVIDUAL_COUNT
5134549702	50c9509d-22c7-4a22-a47d-8c48425ef4a7	https://www.inaturalist.org/observations/271888571	Animalia	Arthropoda	Insecta	Lepidoptera	Noctuidae	Euxoa	Euxoa auxiliaris		SPECIES	Euxoa auxiliaris Grote, 1873	Euxoa auxiliaris		US		California	PRESENT		28eb1a3f-1c15-4a95-931a-4af90ecb574d	35.593066	-115.431387	28677.0						2024-10-08T19:53	8	10	2024	4301148	4301148	HUMAN_OBSERVATION	iNaturalist	Observations	271888571		bangert301	2025-04-21T03:55:00	CC_BY_NC_4_0	bangert301	bangert301			2025-10-27T23:48:27.740Z	StillImage	COORDINATE_ROUNDED;CONTINENT_DERIVED_FROM_COORDINATES
5133461777	50c9509d-22c7-4a22-a47d-8c48425ef4a7	https://www.inaturalist.org/observations/235517427	Animalia	Arthropoda	Insecta	Lepidoptera	Noctuidae	Euxoa	Euxoa auxiliaris		SPECIES	Euxoa auxiliaris Grote, 1873	Euxoa auxiliaris		CA		Alberta	PRESENT		28eb1a3f-1c15-4a95-931a-4af90ecb574d	51.023496	-114.778697	2426.0						2024-08-12T12:53	12	8	2024	4301148	4301148	HUMAN_OBSERVATION	iNaturalist	Observations	235517427		robertgbrown	2024-08-13T12:39:57	CC_BY_NC_4_0	robertgbrown	robertgbrown			2025-10-27T22:35:01.538Z	StillImage	COORDINATE_ROUNDED;CONTINENT_DERIVED_FROM_COORDINATES
5104294434	50c9509d-22c7-4a22-a47d-8c48425ef4a7	https://www.inaturalist.org/observations/220915417	Animalia	Arthropoda	Insecta	Lepidoptera	Noctuidae	Euxoa	Euxoa auxiliaris		SPECIES	Euxoa auxiliaris Grote, 1873	Euxoa auxiliaris		US		Nebraska	PRESENT		28eb1a3f-1c15-4a95-931a-4af90ecb574d	41.716595	-103.673116	4.0						2024-06-05T23:28	5	6	2024	4301148	4301148	HUMAN_OBSERVATION	iNaturalist	Observations	220915417		Colin Croft	2024-06-06T16:35:04	CC_BY_4_0	Colin Croft	Colin Croft			2025-10-27T22:25:31.059Z	StillImage	COORDINATE_ROUNDED;CONTINENT_DERIVED_FROM_COORDINATES
5069799015	50c9509d-22c7-4a22-a47d-8c48425ef4a7	https://www.inaturalist.org/observations/256541019	Animalia	Arthropoda	Insecta	Lepidoptera	Noctuidae	Euxoa	Euxoa auxiliaris		SPECIES	Euxoa auxiliaris Grote, 1873	Euxoa auxiliaris		CA		Alberta	PRESENT		28eb1a3f-1c15-4a95-931a-4af90ecb574d	51.468295	-112.757446	2.0						2024-06-28T21:59	28	6	2024	4301148	4301148	HUMAN_OBSERVATION	iNaturalist	Observations	256541019		Eric Giles	2024-12-28T20:47:46	CC_BY_NC_4_0	Eric Giles	Eric Giles			2025-10-27T22:33:21.123Z	StillImage	COORDINATE_ROUNDED;CONTINENT_DERIVED_FROM_COORDINATES
5062832007	50c9509d-22c7-4a22-a47d-8c48425ef4a7	https://www.inaturalist.org/observations/245563018	Animalia	Arthropoda	Insecta	Lepidoptera	Noctuidae	Euxoa	Euxoa auxiliaris		SPECIES	Euxoa auxiliaris Grote, 1873	Euxoa auxiliaris		US		Nebraska	PRESENT		28eb1a3f-1c15-4a95-931a-4af90ecb574d	40.552153	-96.572764	3361.0						2024-10-04T08:14	4	10	2024	4301148	4301148	HUMAN_OBSERVATION	iNaturalist	Observations	245563018		elizabethgrace2012	2024-10-04T13:23:53	CC_BY_NC_4_0	elizabethgrace2012	elizabethgrace2012			2025-10-27T23:44:38.941Z	StillImage	COORDINATE_ROUNDED;CONTINENT_DERIVED_FROM_COORDINATES
5057930622	323b0e80-5e4b-4cc4-936a-d93fc8cae9bc	753aea16-65ee-4bc0-a188-262067e8744f	Animalia	Arthropoda	Insecta	Lepidoptera	Noctuidae	Euxoa	Euxoa auxiliaris		SPECIES	Euxoa auxiliaris Grote, 1873	Euxoa auxiliaris	(Grote, 1873)	US	Loma, Marias Bridge Fishing Access, confl. Marias & Teton Rvrs.	Montana	PRESENT	1	0d923068-1cec-44de-8b78-33a51fb0cacd	47.93166	-110.50813	5.0		780.0				2024-06-24	24	6	2024	4301148	4301148	PRESERVED_SPECIMEN	CSU	CSUC	CSU_ENT1266029				CC0_1_0	Department of Bioagricultural Sciences	Chuck Harp			2025-10-25T09:38:03.697Z		GEODETIC_DATUM_ASSUMED_WGS84;OCCURRENCE_STATUS_INFERRED_FROM_INDIVIDUAL_COUNT
5057930621	323b0e80-5e4b-4cc4-936a-d93fc8cae9bc	ab205618-b14c-4601-803e-b838c435b887	Animalia	Arthropoda	Insecta	Lepidoptera	Noctuidae	Euxoa	Euxoa auxiliaris		SPECIES	Euxoa auxiliaris Grote, 1873	Euxoa auxiliaris	(Grote, 1873)	US	1.7 mi. W of MT hw 13, mi. marker 36, Susag Farms, W Susag Rd., near Caragana	Montana	PRESENT	1	0d923068-1cec-44de-8b78-33a51fb0cacd	48.57848	-105.46585	5.0		728.0				2024-08-01	1	8	2024	4301148	4301148	PRESERVED_SPECIMEN	CSU	CSUC	CSU_ENT1266027				CC0_1_0	Department of Bioagricultural Sciences	Mat Seidensticker			2025-10-25T09:38:06.234Z		OCCURRENCE_STATUS_INFERRED_FROM_INDIVIDUAL_COUNT
5057930620	323b0e80-5e4b-4cc4-936a-d93fc8cae9bc	0a15be6b-a891-44b7-9a89-e7fcadf19674	Animalia	Arthropoda	Insecta	Lepidoptera	Noctuidae	Euxoa	Euxoa auxiliaris		SPECIES	Euxoa auxiliaris Grote, 1873	Euxoa auxiliaris	(Grote, 1873)	US	Malta, Trafton Park, Milk River	Montana	PRESENT	1	0d923068-1cec-44de-8b78-33a51fb0cacd	48.36311	-107.8743	5.0		689.0				2024-08-02	2	8	2024	4301148	4301148	PRESERVED_SPECIMEN	CSU	CSUC	CSU_ENT1266024				CC0_1_0	Department of Bioagricultural Sciences	Mat Seidensticker			2025-10-25T09:38:05.171Z		GEODETIC_DATUM_ASSUMED_WGS84;OCCURRENCE_STATUS_INFERRED_FROM_INDIVIDUAL_COUNT
5057930619	323b0e80-5e4b-4cc4-936a-d93fc8cae9bc	fbabdcd3-103a-4c7f-ba0c-bc6913494bc8	Animalia	Arthropoda	Insecta	Lepidoptera	Noctuidae	Euxoa	Euxoa auxiliaris		SPECIES	Euxoa auxiliaris Grote, 1873	Euxoa auxiliaris	(Grote, 1873)	US	2.8 mi. ENE of Rock Crk Rd., Brewster Crk Rd., Lolo NF	Montana	PRESENT	1	0d923068-1cec-44de-8b78-33a51fb0cacd	46.62112	-113.59586	5.0		1285.0				2024-06-14	14	6	2024	4301148	4301148	PRESERVED_SPECIMEN	CSU	CSUC	CSU_ENT1266023				CC0_1_0	Department of Bioagricultural Sciences	Mat Seidensticker			2025-10-25T09:37:58.103Z		OCCURRENCE_STATUS_INFERRED_FROM_INDIVIDUAL_COUNT
5057930618	323b0e80-5e4b-4cc4-936a-d93fc8cae9bc	7949a16c-d1b8-48d3-80c6-c9a63538f58a	Animalia	Arthropoda	Insecta	Lepidoptera	Noctuidae	Euxoa	Euxoa auxiliaris		SPECIES	Euxoa auxiliaris Grote, 1873	Euxoa auxiliaris	(Grote, 1873)	US	2.9 mi. ENE of Rock Cr. Rd., Golden Gulch, Brewster Cr. Rd., Lolo NF	Montana	PRESENT	1	0d923068-1cec-44de-8b78-33a51fb0cacd	46.62252	-113.59451	5.0		1291.0				2024-06-14	14	6	2024	4301148	4301148	PRESERVED_SPECIMEN	CSU	CSUC	CSU_ENT1266021				CC0_1_0	Department of Bioagricultural Sciences	Mat Seidensticker			2025-10-25T09:37:52.612Z		OCCURRENCE_STATUS_INFERRED_FROM_INDIVIDUAL_COUNT
5057929614	323b0e80-5e4b-4cc4-936a-d93fc8cae9bc	f4139ea6-8241-4b39-84b7-d7e5106bd1b4	Animalia	Arthropoda	Insecta	Lepidoptera	Noctuidae	Euxoa	Euxoa auxiliaris		SPECIES	Euxoa auxiliaris Grote, 1873	Euxoa auxiliaris	(Grote, 1873)	US	Loma, Marias Bridge Fishing Access, confl. Marias & Teton Rvrs.	Montana	PRESENT	1	0d923068-1cec-44de-8b78-33a51fb0cacd	47.93166	-110.50813	5.0		780.0				2024-06-24	24	6	2024	4301148	4301148	PRESERVED_SPECIMEN	CSU	CSUC	CSU_ENT1266028				CC0_1_0	Department of Bioagricultural Sciences	Chuck Harp			2025-10-25T09:38:08.253Z		GEODETIC_DATUM_ASSUMED_WGS84;OCCURRENCE_STATUS_INFERRED_FROM_INDIVIDUAL_COUNT
5057929610	323b0e80-5e4b-4cc4-936a-d93fc8cae9bc	c6bd90da-b80d-4510-b382-9058f1d03993	Animalia	Arthropoda	Insecta	Lepidoptera	Noctuidae	Euxoa	Euxoa auxiliaris		SPECIES	Euxoa auxiliaris Grote, 1873	Euxoa auxiliaris	(Grote, 1873)	US	36 mi. S of Billings, Chief Plenty Coups State Park	Montana	PRESENT	1	0d923068-1cec-44de-8b78-33a51fb0cacd	45.42736	-108.54997	5.0		1240.0				2024-06-04	4	6	2024	4301148	4301148	PRESERVED_SPECIMEN	CSU	CSUC	CSU_ENT1266019				CC0_1_0	Department of Bioagricultural Sciences	Marian L. Kirst; et al.			2025-10-25T09:37:52.590Z		GEODETIC_DATUM_ASSUMED_WGS84;OCCURRENCE_STATUS_INFERRED_FROM_INDIVIDUAL_COUNT
5057928623	323b0e80-5e4b-4cc4-936a-d93fc8cae9bc	f1a760e4-58fa-4a53-85c5-c513aa380619	Animalia	Arthropoda	Insecta	Lepidoptera	Noctuidae	Euxoa	Euxoa auxiliaris		SPECIES	Euxoa auxiliaris Grote, 1873	Euxoa auxiliaris	(Grote, 1873)	US	Malta, Trafton Park. Milk River	Montana	PRESENT	1	0d923068-1cec-44de-8b78-33a51fb0cacd	48.3638	-107.86839	5.0		689.0				2024-08-02	2	8	2024	4301148	4301148	PRESERVED_SPECIMEN	CSU	CSUC	CSU_ENT1266025				CC0_1_0	Department of Bioagricultural Sciences	Mat Seidensticker			2025-10-25T09:38:05.371Z		GEODETIC_DATUM_ASSUMED_WGS84;OCCURRENCE_STATUS_INFERRED_FROM_INDIVIDUAL_COUNT
5057926628	323b0e80-5e4b-4cc4-936a-d93fc8cae9bc	f7cde321-e5d3-4db9-a9b3-2bd40afa3baf	Animalia	Arthropoda	Insecta	Lepidoptera	Noctuidae	Euxoa	Euxoa auxiliaris		SPECIES	Euxoa auxiliaris Grote, 1873	Euxoa auxiliaris	(Grote, 1873)	US	6 mi. NE of Lewistown, Judith Mtn. Lodge	Montana	PRESENT	1	0d923068-1cec-44de-8b78-33a51fb0cacd	47.13602	-109.35231	5.0		1462.0				2024-09-10	10	9	2024	4301148	4301148	PRESERVED_SPECIMEN	CSU	CSUC	CSU_ENT1266026				CC0_1_0	Department of Bioagricultural Sciences	Alissa Anderson			2025-10-25T09:38:04.134Z		GEODETIC_DATUM_ASSUMED_WGS84;OCCURRENCE_STATUS_INFERRED_FROM_INDIVIDUAL_COUNT
5057926624	323b0e80-5e4b-4cc4-936a-d93fc8cae9bc	3254edbb-033d-4f52-a059-e642551fcbf6	Animalia	Arthropoda	Insecta	Lepidoptera	Noctuidae	Euxoa	Euxoa auxiliaris		SPECIES	Euxoa auxiliaris Grote, 1873	Euxoa auxiliaris	(Grote, 1873)	US	2.8 mi. ENE of Rock Crk Rd., Brewster Crk Rd., Lolo NF	Montana	PRESENT	1	0d923068-1cec-44de-8b78-33a51fb0cacd	46.62112	-113.59586	5.0		1285.0				2024-06-14	14	6	2024	4301148	4301148	PRESERVED_SPECIMEN	CSU	CSUC	CSU_ENT1266022				CC0_1_0	Department of Bioagricultural Sciences	Mat Seidensticker			2025-10-25T09:37:52.565Z		OCCURRENCE_STATUS_INFERRED_FROM_INDIVIDUAL_COUNT
5057926623	323b0e80-5e4b-4cc4-936a-d93fc8cae9bc	83c0d232-4d36-4e62-8c98-c605e26dfd51	Animalia	Arthropoda	Insecta	Lepidoptera	Noctuidae	Euxoa	Euxoa auxiliaris		SPECIES	Euxoa auxiliaris Grote, 1873	Euxoa auxiliaris	(Grote, 1873)	US	5 mi. W of Columbus, (FAS) Holmgren Ranch Fishing Access Site	Montana	PRESENT	1	0d923068-1cec-44de-8b78-33a51fb0cacd	45.65999	-109.34332	5.0		1118.0				2024-06-15	15	6	2024	4301148	4301148	PRESERVED_SPECIMEN	CSU	CSUC	CSU_ENT1266020				CC0_1_0	Department of Bioagricultural Sciences	Megan O'Reilly			2025-10-25T09:37:52.663Z		GEODETIC_DATUM_ASSUMED_WGS84;OCCURRENCE_STATUS_INFERRED_FROM_INDIVIDUAL_COUNT
5008311553	50c9509d-22c7-4a22-a47d-8c48425ef4a7	https://www.inaturalist.org/observations/253691874	Animalia	Arthropoda	Insecta	Lepidoptera	Noctuidae	Euxoa	Euxoa auxiliaris		SPECIES	Euxoa auxiliaris Grote, 1873	Euxoa auxiliaris		US		California	PRESENT		28eb1a3f-1c15-4a95-931a-4af90ecb574d	35.097022	-115.287245	28734.0						2024-10-05T21:01	5	10	2024	4301148	4301148	HUMAN_OBSERVATION	iNaturalist	Observations	253691874		bangert301	2024-12-01T00:52:23	CC_BY_NC_4_0	bangert301	bangert301			2025-10-28T00:42:30.283Z	StillImage	COORDINATE_ROUNDED;CONTINENT_DERIVED_FROM_COORDINATES
5008247201	50c9509d-22c7-4a22-a47d-8c48425ef4a7	https://www.inaturalist.org/observations/228926886	Animalia	Arthropoda	Insecta	Lepidoptera	Noctuidae	Euxoa	Euxoa auxiliaris		SPECIES	Euxoa auxiliaris Grote, 1873	Euxoa auxiliaris		US		California	PRESENT		28eb1a3f-1c15-4a95-931a-4af90ecb574d	37.881428	-122.257338	14.0						2024-07-12T05:19:38	12	7	2024	4301148	4301148	HUMAN_OBSERVATION	iNaturalist	Observations	228926886		Allen Fish	2024-07-13T00:08:18	CC_BY_4_0	Allen Fish	Allen Fish			2025-10-27T22:27:11.167Z		COORDINATE_ROUNDED;CONTINENT_DERIVED_FROM_COORDINATES
5008223477	50c9509d-22c7-4a22-a47d-8c48425ef4a7	https://www.inaturalist.org/observations/223202943	Animalia	Arthropoda	Insecta	Lepidoptera	Noctuidae	Euxoa	Euxoa auxiliaris		SPECIES	Euxoa auxiliaris Grote, 1873	Euxoa auxiliaris		US		California	PRESENT		28eb1a3f-1c15-4a95-931a-4af90ecb574d	37.56261	-118.785793	23.0						2024-06-14T17:59:45	14	6	2024	4301148	4301148	HUMAN_OBSERVATION	iNaturalist	Observations	223202943		brycethebug	2024-06-16T21:54:40	CC_BY_NC_4_0	brycethebug	brycethebug			2025-10-27T23:40:50.678Z	StillImage	COORDINATE_ROUNDED;CONTINENT_DERIVED_FROM_COORDINATES
5007990040	50c9509d-22c7-4a22-a47d-8c48425ef4a7	https://www.inaturalist.org/observations/224521125	Animalia	Arthropoda	Insecta	Lepidoptera	Noctuidae	Euxoa	Euxoa auxiliaris		SPECIES	Euxoa auxiliaris Grote, 1873	Euxoa auxiliaris		US		California	PRESENT		28eb1a3f-1c15-4a95-931a-4af90ecb574d	41.534097	-120.175025							2024-06-13	13	6	2024	4301148	4301148	HUMAN_OBSERVATION	iNaturalist	Observations	224521125		Rachel C.	2024-06-22T23:57:02	CC_BY_NC_4_0	Rachel C.	Rachel C.			2025-10-28T00:35:14.244Z	StillImage	COORDINATE_ROUNDED;CONTINENT_DERIVED_FROM_COORDINATES
5007944079	50c9509d-22c7-4a22-a47d-8c48425ef4a7	https://www.inaturalist.org/observations/246063692	Animalia	Arthropoda	Insecta	Lepidoptera	Noctuidae	Euxoa	Euxoa auxiliaris		SPECIES	Euxoa auxiliaris Grote, 1873	Euxoa auxiliaris		US		California	PRESENT		28eb1a3f-1c15-4a95-931a-4af90ecb574d	35.070163	-115.247174	28734.0						2024-10-05T21:00	5	10	2024	4301148	4301148	HUMAN_OBSERVATION	iNaturalist	Observations	246063692		mikeburchett	2024-10-07T00:16:23	CC_BY_NC_4_0	mikeburchett	mikeburchett			2025-10-27T23:44:57.024Z	StillImage	COORDINATE_ROUNDED;CONTINENT_DERIVED_FROM_COORDINATES
5007880273	50c9509d-22c7-4a22-a47d-8c48425ef4a7	https://www.inaturalist.org/observations/252127546	Animalia	Arthropoda	Insecta	Lepidoptera	Noctuidae	Euxoa	Euxoa auxiliaris		SPECIES	Euxoa auxiliaris Grote, 1873	Euxoa auxiliaris		US		California	PRESENT		28eb1a3f-1c15-4a95-931a-4af90ecb574d	34.975192	-115.473108							2024-05-03T21:51	3	5	2024	4301148	4301148	HUMAN_OBSERVATION	iNaturalist	Observations	252127546		Paul G. Johnson	2024-11-18T07:28:25	CC_BY_NC_4_0	Paul G. Johnson	Paul G. Johnson			2025-10-27T22:32:17.744Z	StillImage	COORDINATE_ROUNDED;CONTINENT_DERIVED_FROM_COORDINATES
5007850413	50c9509d-22c7-4a22-a47d-8c48425ef4a7	https://www.inaturalist.org/observations/241419428	Animalia	Arthropoda	Insecta	Lepidoptera	Noctuidae	Euxoa	Euxoa auxiliaris		SPECIES	Euxoa auxiliaris Grote, 1873	Euxoa auxiliaris		US		California	PRESENT		28eb1a3f-1c15-4a95-931a-4af90ecb574d	37.83421	-118.733547							2024-07-27T23:33	27	7	2024	4301148	4301148	HUMAN_OBSERVATION	iNaturalist	Observations	241419428		Paul G. Johnson	2024-09-13T07:06:10	CC_BY_NC_4_0	Paul G. Johnson	Paul G. Johnson			2025-10-27T23:52:53.843Z	StillImage	COORDINATE_ROUNDED;CONTINENT_DERIVED_FROM_COORDINATES
5007350080	50c9509d-22c7-4a22-a47d-8c48425ef4a7	https://www.inaturalist.org/observations/226754491	Animalia	Arthropoda	Insecta	Lepidoptera	Noctuidae	Euxoa	Euxoa auxiliaris		SPECIES	Euxoa auxiliaris Grote, 1873	Euxoa auxiliaris		US		California	PRESENT		28eb1a3f-1c15-4a95-931a-4af90ecb574d	39.631157	-120.638085							2024-06-26T08:09	26	6	2024	4301148	4301148	HUMAN_OBSERVATION	iNaturalist	Observations	226754491		Cricket Raspet	2024-07-02T20:17:17	CC_BY_4_0	Cricket Raspet	Cricket Raspet			2025-10-27T23:41:25.873Z	StillImage	COORDINATE_ROUNDED;CONTINENT_DERIVED_FROM_COORDINATES
5007329128	50c9509d-22c7-4a22-a47d-8c48425ef4a7	https://www.inaturalist.org/observations/246374338	Animalia	Arthropoda	Insecta	Lepidoptera	Noctuidae	Euxoa	Euxoa auxiliaris		SPECIES	Euxoa auxiliaris Grote, 1873	Euxoa auxiliaris		US		California	PRESENT		28eb1a3f-1c15-4a95-931a-4af90ecb574d	37.107158	-117.677994	21.0						2024-10-05T17:35	5	10	2024	4301148	4301148	HUMAN_OBSERVATION	iNaturalist	Observations	246374338		ethan currens	2024-10-08T20:37:34	CC_BY_NC_4_0	ethan currens	ethan currens			2025-10-27T22:30:58.018Z	StillImage	COORDINATE_ROUNDED;CONTINENT_DERIVED_FROM_COORDINATES
5007320424	50c9509d-22c7-4a22-a47d-8c48425ef4a7	https://www.inaturalist.org/observations/254612042	Animalia	Arthropoda	Insecta	Lepidoptera	Noctuidae	Euxoa	Euxoa auxiliaris		SPECIES	Euxoa auxiliaris Grote, 1873	Euxoa auxiliaris		US		Kansas	PRESENT		28eb1a3f-1c15-4a95-931a-4af90ecb574d	39.200938	-96.579234	4493.0						2024-09-11T09:12:56	11	9	2024	4301148	4301148	HUMAN_OBSERVATION	iNaturalist	Observations	254612042		bluehasnoclues	2024-12-09T10:34:23	CC_BY_NC_4_0	bluehasnoclues	bluehasnoclues			2025-10-27T22:32:50.734Z	StillImage	COORDINATE_ROUNDED;CONTINENT_DERIVED_FROM_COORDINATES
5007316235	50c9509d-22c7-4a22-a47d-8c48425ef4a7	https://www.inaturalist.org/observations/245681570	Animalia	Arthropoda	Insecta	Lepidoptera	Noctuidae	Euxoa	Euxoa auxiliaris		SPECIES	Euxoa auxiliaris Grote, 1873	Euxoa auxiliaris		US		California	PRESENT		28eb1a3f-1c15-4a95-931a-4af90ecb574d	33.74352	-116.723587	4.0						2024-10-04T20:22:48	4	10	2024	4301148	4301148	HUMAN_OBSERVATION	iNaturalist	Observations	245681570		Justin Wright	2024-10-05T03:37:18	CC_BY_NC_4_0	Justin Wright	Justin Wright			2025-10-27T23:44:38.081Z	StillImage	COORDINATE_ROUNDED;CONTINENT_DERIVED_FROM_COORDINATES
5007280593	50c9509d-22c7-4a22-a47d-8c48425ef4a7	https://www.inaturalist.org/observations/219058222	Animalia	Arthropoda	Insecta	Lepidoptera	Noctuidae	Euxoa	Euxoa auxiliaris		SPECIES	Euxoa auxiliaris Grote, 1873	Euxoa auxiliaris		US		California	PRESENT		28eb1a3f-1c15-4a95-931a-4af90ecb574d	34.006632	-116.557813	20.0						2024-04-27T22:33	27	4	2024	4301148	4301148	HUMAN_OBSERVATION	iNaturalist	Observations	219058222		Paul G. Johnson	2024-05-29T06:20:31	CC_BY_NC_4_0	Paul G. Johnson	Paul G. Johnson			2025-10-27T22:31:04.654Z	StillImage	COORDINATE_ROUNDED;CONTINENT_DERIVED_FROM_COORDINATES
5007016702	50c9509d-22c7-4a22-a47d-8c48425ef4a7	https://www.inaturalist.org/observations/250249494	Animalia	Arthropoda	Insecta	Lepidoptera	Noctuidae	Euxoa	Euxoa auxiliaris		SPECIES	Euxoa auxiliaris Grote, 1873	Euxoa auxiliaris		US		California	PRESENT		28eb1a3f-1c15-4a95-931a-4af90ecb574d	37.649513	-118.981517	2.0						2024-07-04T21:26	4	7	2024	4301148	4301148	HUMAN_OBSERVATION	iNaturalist	Observations	250249494		mysticchipmunk	2024-11-03T05:54:15	CC_BY_NC_4_0	mysticchipmunk	mysticchipmunk			2025-10-27T23:45:17.594Z	StillImage	COORDINATE_ROUNDED;CONTINENT_DERIVED_FROM_COORDINATES
5006983559	50c9509d-22c7-4a22-a47d-8c48425ef4a7	https://www.inaturalist.org/observations/216247039	Animalia	Arthropoda	Insecta	Lepidoptera	Noctuidae	Euxoa	Euxoa auxiliaris		SPECIES	Euxoa auxiliaris Grote, 1873	Euxoa auxiliaris		US		California	PRESENT		28eb1a3f-1c15-4a95-931a-4af90ecb574d	34.878291	-115.743441	15.0						2024-05-02T20:09	2	5	2024	4301148	4301148	HUMAN_OBSERVATION	iNaturalist	Observations	216247039		Gary Nunn	2024-05-17T04:30:52	CC_BY_NC_4_0	Gary Nunn	Gary Nunn			2025-10-28T00:33:31.189Z	StillImage	COORDINATE_ROUNDED;CONTINENT_DERIVED_FROM_COORDINATES
5006900770	50c9509d-22c7-4a22-a47d-8c48425ef4a7	https://www.inaturalist.org/observations/231166695	Animalia	Arthropoda	Insecta	Lepidoptera	Noctuidae	Euxoa	Euxoa auxiliaris		SPECIES	Euxoa auxiliaris Grote, 1873	Euxoa auxiliaris		US		California	PRESENT		28eb1a3f-1c15-4a95-931a-4af90ecb574d	37.653234	-119.039499	15.0						2024-07-12T23:44	12	7	2024	4301148	4301148	HUMAN_OBSERVATION	iNaturalist	Observations	231166695		probreviceps	2024-07-23T09:49:43	CC_BY_NC_4_0	probreviceps	probreviceps			2025-10-28T00:36:56.128Z	StillImage	COORDINATE_ROUNDED;CONTINENT_DERIVED_FROM_COORDINATES
5006875776	50c9509d-22c7-4a22-a47d-8c48425ef4a7	https://www.inaturalist.org/observations/242494909	Animalia	Arthropoda	Insecta	Lepidoptera	Noctuidae	Euxoa	Euxoa auxiliaris		SPECIES	Euxoa auxiliaris Grote, 1873	Euxoa auxiliaris		US		California	PRESENT		28eb1a3f-1c15-4a95-931a-4af90ecb574d	37.309403	-118.285481	28417.0						2024-09-10T06:21	10	9	2024	4301148	4301148	HUMAN_OBSERVATION	iNaturalist	Observations	242494909		Leslie Goethals	2024-09-18T14:31:30	CC_BY_NC_4_0	Leslie Goethals	Leslie Goethals			2025-10-27T22:36:44.433Z	StillImage	COORDINATE_ROUNDED;CONTINENT_DERIVED_FROM_COORDINATES
4994100407	50c9509d-22c7-4a22-a47d-8c48425ef4a7	https://www.inaturalist.org/observations/254135549	Animalia	Arthropoda	Insecta	Lepidoptera	Noctuidae	Euxoa	Euxoa auxiliaris		SPECIES	Euxoa auxiliaris Grote, 1873	Euxoa auxiliaris		US		Arizona	PRESENT		28eb1a3f-1c15-4a95-931a-4af90ecb574d	31.609975	-110.907718	23.0						2024-12-04T06:31	4	12	2024	4301148	4301148	HUMAN_OBSERVATION	iNaturalist	Observations	254135549		Sue Carnahan	2024-12-04T20:07:07	CC_BY_4_0	Sue Carnahan	Sue Carnahan			2025-10-28T00:42:37.771Z	StillImage	COORDINATE_ROUNDED;CONTINENT_DERIVED_FROM_COORDINATES
4993747540	50c9509d-22c7-4a22-a47d-8c48425ef4a7	https://www.inaturalist.org/observations/254523345	Animalia	Arthropoda	Insecta	Lepidoptera	Noctuidae	Euxoa	Euxoa auxiliaris		SPECIES	Euxoa auxiliaris Grote, 1873	Euxoa auxiliaris		US		Arizona	PRESENT		28eb1a3f-1c15-4a95-931a-4af90ecb574d	33.95074	-112.31086							2024-12-08T09:37:50	8	12	2024	4301148	4301148	HUMAN_OBSERVATION	iNaturalist	Observations	254523345		Bob Miller	2024-12-08T16:46:11	CC_BY_4_0	Bob Miller	Bob Miller			2025-10-27T23:55:39.012Z	StillImage	CONTINENT_DERIVED_FROM_COORDINATES
4988023909	323b0e80-5e4b-4cc4-936a-d93fc8cae9bc	c9ccf1b4-da4e-4027-90df-e68081962c90	Animalia	Arthropoda	Insecta	Lepidoptera	Noctuidae	Euxoa	Euxoa auxiliaris		SPECIES	Euxoa auxiliaris Grote, 1873	Euxoa auxiliaris	(Grote, 1873)	US	5 mi. W of Columbus, (FAS) Holmgren Ranch Fishing Access Site	Montana	PRESENT	1	0d923068-1cec-44de-8b78-33a51fb0cacd	45.65999	-109.34332	5.0		1118.0				2024-06-15	15	6	2024	4301148	4301148	PRESERVED_SPECIMEN	CSU	CSUC	CSU_ENT1260734				CC0_1_0	Department of Bioagricultural Sciences	Megan O'Reilly			2025-10-25T09:38:03.926Z	StillImage	GEODETIC_DATUM_ASSUMED_WGS84;OCCURRENCE_STATUS_INFERRED_FROM_INDIVIDUAL_COUNT
4988023599	323b0e80-5e4b-4cc4-936a-d93fc8cae9bc	9c1093fb-db0e-42d6-be05-2fd25706cb3d	Animalia	Arthropoda	Insecta	Lepidoptera	Noctuidae	Euxoa	Euxoa auxiliaris		SPECIES	Euxoa auxiliaris Grote, 1873	Euxoa auxiliaris	(Grote, 1873)	US	5 mi. W of Columbus, (FAS) Holmgren Ranch Fishing Access Site	Montana	PRESENT	1	0d923068-1cec-44de-8b78-33a51fb0cacd	45.65999	-109.34332	5.0		1118.0				2024-06-15	15	6	2024	4301148	4301148	PRESERVED_SPECIMEN	CSU	CSUC	CSU_ENT1260733				CC0_1_0	Department of Bioagricultural Sciences	Megan O'Reilly			2025-10-25T09:38:07.264Z		GEODETIC_DATUM_ASSUMED_WGS84;OCCURRENCE_STATUS_INFERRED_FROM_INDIVIDUAL_COUNT
4988022288	323b0e80-5e4b-4cc4-936a-d93fc8cae9bc	72488e8d-6cf2-49ee-9180-0f560c17c882	Animalia	Arthropoda	Insecta	Lepidoptera	Noctuidae	Euxoa	Euxoa auxiliaris		SPECIES	Euxoa auxiliaris Grote, 1873	Euxoa auxiliaris	(Grote, 1873)	US	5 mi. W of Columbus, (FAS) Holmgren Ranch Fishing Access Site	Montana	PRESENT	1	0d923068-1cec-44de-8b78-33a51fb0cacd	45.65999	-109.34332	5.0		1118.0				2024-06-15	15	6	2024	4301148	4301148	PRESERVED_SPECIMEN	CSU	CSUC	CSU_ENT1260732				CC0_1_0	Department of Bioagricultural Sciences	Megan O'Reilly			2025-10-25T09:38:07.565Z		GEODETIC_DATUM_ASSUMED_WGS84;OCCURRENCE_STATUS_INFERRED_FROM_INDIVIDUAL_COUNT
4987403466	50c9509d-22c7-4a22-a47d-8c48425ef4a7	https://www.inaturalist.org/observations/207489234	Animalia	Arthropoda	Insecta	Lepidoptera	Noctuidae	Euxoa	Euxoa auxiliaris		SPECIES	Euxoa auxiliaris Grote, 1873	Euxoa auxiliaris		US		Texas	PRESENT		28eb1a3f-1c15-4a95-931a-4af90ecb574d	33.666185	-101.15752							2024-04-12T20:51	12	4	2024	4301148	4301148	HUMAN_OBSERVATION	iNaturalist	Observations	207489234		Reid Hardin	2024-04-15T23:39:40	CC_BY_NC_4_0	Reid Hardin	Reid Hardin			2025-10-27T23:38:32.782Z	StillImage	CONTINENT_DERIVED_FROM_COORDINATES
4982267145	50c9509d-22c7-4a22-a47d-8c48425ef4a7	https://www.inaturalist.org/observations/250859458	Animalia	Arthropoda	Insecta	Lepidoptera	Noctuidae	Euxoa	Euxoa auxiliaris		SPECIES	Euxoa auxiliaris Grote, 1873	Euxoa auxiliaris		US		New Mexico	PRESENT		28eb1a3f-1c15-4a95-931a-4af90ecb574d	36.733567	-108.171517							2024-09-29T08:50	29	9	2024	4301148	4301148	HUMAN_OBSERVATION	iNaturalist	Observations	250859458		brandonbest	2024-11-08T01:42:42	CC_BY_NC_4_0	brandonbest	brandonbest			2025-10-27T23:54:06.200Z	StillImage	COORDINATE_ROUNDED;CONTINENT_DERIVED_FROM_COORDINATES
4982024479	50c9509d-22c7-4a22-a47d-8c48425ef4a7	https://www.inaturalist.org/observations/251515538	Animalia	Arthropoda	Insecta	Lepidoptera	Noctuidae	Euxoa	Euxoa auxiliaris		SPECIES	Euxoa auxiliaris Grote, 1873	Euxoa auxiliaris		US		Arizona	PRESENT		28eb1a3f-1c15-4a95-931a-4af90ecb574d	31.673017	-110.880403	10.0						2024-11-10T20:38	10	11	2024	4301148	4301148	HUMAN_OBSERVATION	iNaturalist	Observations	251515538		Sue Carnahan	2024-11-13T03:35:27	CC_BY_4_0	Sue Carnahan	Sue Carnahan			2025-10-27T22:32:11.081Z	StillImage	COORDINATE_ROUNDED;CONTINENT_DERIVED_FROM_COORDINATES
4978220366	50c9509d-22c7-4a22-a47d-8c48425ef4a7	https://www.inaturalist.org/observations/250303531	Animalia	Arthropoda	Insecta	Lepidoptera	Noctuidae	Euxoa	Euxoa auxiliaris		SPECIES	Euxoa auxiliaris Grote, 1873	Euxoa auxiliaris		US		Arizona	PRESENT		28eb1a3f-1c15-4a95-931a-4af90ecb574d	31.609975	-110.907718	23.0						2024-10-31T23:54	31	10	2024	4301148	4301148	HUMAN_OBSERVATION	iNaturalist	Observations	250303531		Sue Carnahan	2024-11-03T16:02:29	CC_BY_4_0	Sue Carnahan	Sue Carnahan			2025-10-27T22:38:51.270Z	StillImage	COORDINATE_ROUNDED;CONTINENT_DERIVED_FROM_COORDINATES
4978218234	50c9509d-22c7-4a22-a47d-8c48425ef4a7	https://www.inaturalist.org/observations/249286914	Animalia	Arthropoda	Insecta	Lepidoptera	Noctuidae	Euxoa	Euxoa auxiliaris		SPECIES	Euxoa auxiliaris Grote, 1873	Euxoa auxiliaris		US		Kansas	PRESENT		28eb1a3f-1c15-4a95-931a-4af90ecb574d	37.702869	-97.360629	8.0						2024-10-27T02:49:33	27	10	2024	4301148	4301148	HUMAN_OBSERVATION	iNaturalist	Observations	249286914		comradejon	2024-10-27T07:53:52	CC_BY_NC_4_0	comradejon	comradejon			2025-10-27T22:34:30.228Z	StillImage	COORDINATE_ROUNDED;CONTINENT_DERIVED_FROM_COORDINATES
4978203886	50c9509d-22c7-4a22-a47d-8c48425ef4a7	https://www.inaturalist.org/observations/248984258	Animalia	Arthropoda	Insecta	Lepidoptera	Noctuidae	Euxoa	Euxoa auxiliaris		SPECIES	Euxoa auxiliaris Grote, 1873	Euxoa auxiliaris		US		Kansas	PRESENT		28eb1a3f-1c15-4a95-931a-4af90ecb574d	37.702858	-97.360627	10.0						2024-10-25T00:50:58	25	10	2024	4301148	4301148	HUMAN_OBSERVATION	iNaturalist	Observations	248984258		comradejon	2024-10-25T05:52:16	CC_BY_NC_4_0	comradejon	comradejon			2025-10-27T23:45:07.607Z	StillImage	COORDINATE_ROUNDED;CONTINENT_DERIVED_FROM_COORDINATES
4976650312	50c9509d-22c7-4a22-a47d-8c48425ef4a7	https://www.inaturalist.org/observations/246428900	Animalia	Arthropoda	Insecta	Lepidoptera	Noctuidae	Euxoa	Euxoa auxiliaris		SPECIES	Euxoa auxiliaris Grote, 1873	Euxoa auxiliaris		US		Texas	PRESENT		28eb1a3f-1c15-4a95-931a-4af90ecb574d	30.706087	-104.104783	2.0						2024-09-27T23:09	27	9	2024	4301148	4301148	HUMAN_OBSERVATION	iNaturalist	Observations	246428900		Jon McIntyre	2024-10-09T05:13:52	CC_BY_NC_4_0	Jon McIntyre	Jon McIntyre			2025-10-27T22:38:45.464Z	StillImage	COORDINATE_ROUNDED;CONTINENT_DERIVED_FROM_COORDINATES
4976493499	50c9509d-22c7-4a22-a47d-8c48425ef4a7	https://www.inaturalist.org/observations/246428896	Animalia	Arthropoda	Insecta	Lepidoptera	Noctuidae	Euxoa	Euxoa auxiliaris		SPECIES	Euxoa auxiliaris Grote, 1873	Euxoa auxiliaris		US		Texas	PRESENT		28eb1a3f-1c15-4a95-931a-4af90ecb574d	30.706085	-104.104783	2.0						2024-09-27T23:09	27	9	2024	4301148	4301148	HUMAN_OBSERVATION	iNaturalist	Observations	246428896		Jon McIntyre	2024-10-09T05:13:51	CC_BY_NC_4_0	Jon McIntyre	Jon McIntyre			2025-10-27T22:30:56.358Z	StillImage	COORDINATE_ROUNDED;CONTINENT_DERIVED_FROM_COORDINATES
4976396300	50c9509d-22c7-4a22-a47d-8c48425ef4a7	https://www.inaturalist.org/observations/225945007	Animalia	Arthropoda	Insecta	Lepidoptera	Noctuidae	Euxoa	Euxoa auxiliaris		SPECIES	Euxoa auxiliaris Grote, 1873	Euxoa auxiliaris		US		Colorado	PRESENT		28eb1a3f-1c15-4a95-931a-4af90ecb574d	40.031717	-105.533567	35.0						2024-06-29T09:10:29	29	6	2024	4301148	4301148	HUMAN_OBSERVATION	iNaturalist	Observations	225945007		wcanderson	2024-06-29T15:10:52	CC_BY_NC_4_0	wcanderson	wcanderson			2025-10-27T22:26:24.633Z	StillImage	COORDINATE_ROUNDED;CONTINENT_DERIVED_FROM_COORDINATES
4976242567	50c9509d-22c7-4a22-a47d-8c48425ef4a7	https://www.inaturalist.org/observations/246405305	Animalia	Arthropoda	Insecta	Lepidoptera	Noctuidae	Euxoa	Euxoa auxiliaris		SPECIES	Euxoa auxiliaris Grote, 1873	Euxoa auxiliaris		US		Texas	PRESENT		28eb1a3f-1c15-4a95-931a-4af90ecb574d	29.566252	-102.948443	2.0						2024-09-27T01:27	27	9	2024	4301148	4301148	HUMAN_OBSERVATION	iNaturalist	Observations	246405305		Jon McIntyre	2024-10-09T01:01:17	CC_BY_NC_4_0	Jon McIntyre	Jon McIntyre			2025-10-27T23:44:43.059Z	StillImage	COORDINATE_ROUNDED;CONTINENT_DERIVED_FROM_COORDINATES
4976240286	50c9509d-22c7-4a22-a47d-8c48425ef4a7	https://www.inaturalist.org/observations/225945186	Animalia	Arthropoda	Insecta	Lepidoptera	Noctuidae	Euxoa	Euxoa auxiliaris		SPECIES	Euxoa auxiliaris Grote, 1873	Euxoa auxiliaris		US		Colorado	PRESENT		28eb1a3f-1c15-4a95-931a-4af90ecb574d	40.031717	-105.533567	35.0						2024-06-29T09:11:08	29	6	2024	4301148	4301148	HUMAN_OBSERVATION	iNaturalist	Observations	225945186		wcanderson	2024-06-29T15:11:32	CC_BY_NC_4_0	wcanderson	wcanderson			2025-10-27T23:41:16.968Z	StillImage	COORDINATE_ROUNDED;CONTINENT_DERIVED_FROM_COORDINATES
4976203604	50c9509d-22c7-4a22-a47d-8c48425ef4a7	https://www.inaturalist.org/observations/225945374	Animalia	Arthropoda	Insecta	Lepidoptera	Noctuidae	Euxoa	Euxoa auxiliaris		SPECIES	Euxoa auxiliaris Grote, 1873	Euxoa auxiliaris		US		Colorado	PRESENT		28eb1a3f-1c15-4a95-931a-4af90ecb574d	40.031717	-105.533567	35.0						2024-06-29T09:11:59	29	6	2024	4301148	4301148	HUMAN_OBSERVATION	iNaturalist	Observations	225945374		wcanderson	2024-06-29T15:12:26	CC_BY_NC_4_0	wcanderson	wcanderson			2025-10-27T22:26:22.321Z	StillImage	COORDINATE_ROUNDED;CONTINENT_DERIVED_FROM_COORDINATES
4976187466	50c9509d-22c7-4a22-a47d-8c48425ef4a7	https://www.inaturalist.org/observations/249106851	Animalia	Arthropoda	Insecta	Lepidoptera	Noctuidae	Euxoa	Euxoa auxiliaris		SPECIES	Euxoa auxiliaris Grote, 1873	Euxoa auxiliaris		US		California	PRESENT		28eb1a3f-1c15-4a95-931a-4af90ecb574d	33.606311	-116.438152	25.0						2024-10-25T14:01:55	25	10	2024	4301148	4301148	HUMAN_OBSERVATION	iNaturalist	Observations	249106851		Manny Garcia	2024-10-27T04:40:01	CC_BY_NC_4_0	dalemeister	dalemeister			2025-10-27T23:45:12.693Z	StillImage	COORDINATE_ROUNDED;CONTINENT_DERIVED_FROM_COORDINATES
4974248994	50c9509d-22c7-4a22-a47d-8c48425ef4a7	https://www.inaturalist.org/observations/247421256	Animalia	Arthropoda	Insecta	Lepidoptera	Noctuidae	Euxoa	Euxoa auxiliaris		SPECIES	Euxoa auxiliaris Grote, 1873	Euxoa auxiliaris		US		Utah	PRESENT		28eb1a3f-1c15-4a95-931a-4af90ecb574d	41.026212	-112.200137	2.0						2024-09-22T21:49	22	9	2024	4301148	4301148	HUMAN_OBSERVATION	iNaturalist	Observations	247421256		Jeff McIntyre	2024-10-15T03:44:18	CC_BY_NC_4_0	Jeff McIntyre	Jeff McIntyre			2025-10-27T23:44:51.797Z	StillImage	COORDINATE_ROUNDED;CONTINENT_DERIVED_FROM_COORDINATES
4974203616	50c9509d-22c7-4a22-a47d-8c48425ef4a7	https://www.inaturalist.org/observations/220102388	Animalia	Arthropoda	Insecta	Lepidoptera	Noctuidae	Euxoa	Euxoa auxiliaris		SPECIES	Euxoa auxiliaris Grote, 1873	Euxoa auxiliaris		US		Colorado	PRESENT		28eb1a3f-1c15-4a95-931a-4af90ecb574d	38.941881	-104.612022							2024-06-02T14:55:43	2	6	2024	4301148	4301148	HUMAN_OBSERVATION	iNaturalist	Observations	220102388		miatlik	2024-06-04T18:58:49	CC_BY_4_0	antimatterbee	antimatterbee			2025-10-27T22:25:08.140Z	StillImage	COORDINATE_ROUNDED;CONTINENT_DERIVED_FROM_COORDINATES
4973995014	50c9509d-22c7-4a22-a47d-8c48425ef4a7	https://www.inaturalist.org/observations/248149713	Animalia	Arthropoda	Insecta	Lepidoptera	Noctuidae	Euxoa	Euxoa auxiliaris		SPECIES	Euxoa auxiliaris Grote, 1873	Euxoa auxiliaris		US		Colorado	PRESENT		28eb1a3f-1c15-4a95-931a-4af90ecb574d	39.26939	-103.708473							2024-10-19T11:18:36	19	10	2024	4301148	4301148	HUMAN_OBSERVATION	iNaturalist	Observations	248149713		Tabby Brobston	2024-10-20T04:38:48	CC_BY_NC_4_0	Jasper Bird	Jasper Bird			2025-10-27T23:44:59.962Z	StillImage	COORDINATE_ROUNDED;CONTINENT_DERIVED_FROM_COORDINATES
4954597419	50c9509d-22c7-4a22-a47d-8c48425ef4a7	https://www.inaturalist.org/observations/246344720	Animalia	Arthropoda	Insecta	Lepidoptera	Noctuidae	Euxoa	Euxoa auxiliaris		SPECIES	Euxoa auxiliaris Grote, 1873	Euxoa auxiliaris		US		Utah	PRESENT		28eb1a3f-1c15-4a95-931a-4af90ecb574d	37.360684	-109.525129	28417.0						2024-10-08T10:12	8	10	2024	4301148	4301148	HUMAN_OBSERVATION	iNaturalist	Observations	246344720		Tyler Cook	2024-10-08T17:21:09	CC_BY_NC_4_0	Tyler Cook	Tyler Cook			2025-10-27T23:44:50.912Z	StillImage	COORDINATE_ROUNDED;CONTINENT_DERIVED_FROM_COORDINATES
4954556025	50c9509d-22c7-4a22-a47d-8c48425ef4a7	https://www.inaturalist.org/observations/243980984	Animalia	Arthropoda	Insecta	Lepidoptera	Noctuidae	Euxoa	Euxoa auxiliaris		SPECIES	Euxoa auxiliaris Grote, 1873	Euxoa auxiliaris		US		Montana	PRESENT		28eb1a3f-1c15-4a95-931a-4af90ecb574d	45.668131	-111.053588	61.0						2024-09-12T12:05:12	12	9	2024	4301148	4301148	HUMAN_OBSERVATION	iNaturalist	Observations	243980984		Allison Rognlie	2024-09-25T15:10:10	CC_BY_NC_4_0	Allison Rognlie	Allison Rognlie			2025-10-27T23:53:21.940Z	StillImage	COORDINATE_ROUNDED;CONTINENT_DERIVED_FROM_COORDINATES
4954505960	50c9509d-22c7-4a22-a47d-8c48425ef4a7	https://www.inaturalist.org/observations/213217190	Animalia	Arthropoda	Insecta	Lepidoptera	Noctuidae	Euxoa	Euxoa auxiliaris		SPECIES	Euxoa auxiliaris Grote, 1873	Euxoa auxiliaris		US		Oklahoma	PRESENT		28eb1a3f-1c15-4a95-931a-4af90ecb574d	36.119186	-97.045258	26.0						2024-05-03T13:24:18	3	5	2024	4301148	4301148	HUMAN_OBSERVATION	iNaturalist	Observations	213217190		austiinfrankliin	2024-05-03T19:00:13	CC_BY_NC_4_0	austiinfrankliin	austiinfrankliin			2025-10-27T22:23:32.840Z	StillImage	COORDINATE_ROUNDED;CONTINENT_DERIVED_FROM_COORDINATES
4954464028	50c9509d-22c7-4a22-a47d-8c48425ef4a7	https://www.inaturalist.org/observations/247325455	Animalia	Arthropoda	Insecta	Lepidoptera	Noctuidae	Euxoa	Euxoa auxiliaris		SPECIES	Euxoa auxiliaris Grote, 1873	Euxoa auxiliaris		US		New Mexico	PRESENT		28eb1a3f-1c15-4a95-931a-4af90ecb574d	35.08505	-106.789121	28734.0						2024-10-12T08:26:21	12	10	2024	4301148	4301148	HUMAN_OBSERVATION	iNaturalist	Observations	247325455		Eliza Glass	2024-10-14T15:55:03	CC_BY_NC_4_0	Eliza Glass	Eliza Glass			2025-10-27T22:38:49.734Z	StillImage	COORDINATE_ROUNDED;CONTINENT_DERIVED_FROM_COORDINATES
4954385211	50c9509d-22c7-4a22-a47d-8c48425ef4a7	https://www.inaturalist.org/observations/219977702	Animalia	Arthropoda	Insecta	Lepidoptera	Noctuidae	Euxoa	Euxoa auxiliaris		SPECIES	Euxoa auxiliaris Grote, 1873	Euxoa auxiliaris		US		Colorado	PRESENT		28eb1a3f-1c15-4a95-931a-4af90ecb574d	38.857666	-104.920586	18.0						2024-06-02T06:49:19	2	6	2024	4301148	4301148	HUMAN_OBSERVATION	iNaturalist	Observations	219977702		Brian	2024-06-03T16:32:43	CC_BY_NC_4_0	manitoudavid	manitoudavid			2025-10-27T23:48:19.474Z	StillImage	COORDINATE_ROUNDED;CONTINENT_DERIVED_FROM_COORDINATES
4954329335	50c9509d-22c7-4a22-a47d-8c48425ef4a7	https://www.inaturalist.org/observations/247224626	Animalia	Arthropoda	Insecta	Lepidoptera	Noctuidae	Euxoa	Euxoa auxiliaris		SPECIES	Euxoa auxiliaris Grote, 1873	Euxoa auxiliaris		US		Oklahoma	PRESENT		28eb1a3f-1c15-4a95-931a-4af90ecb574d	36.751437	-98.130675	4.0						2024-10-12T22:46:12	12	10	2024	4301148	4301148	HUMAN_OBSERVATION	iNaturalist	Observations	247224626		Zach DuFran	2024-10-14T00:09:09	CC_BY_NC_4_0	Zach DuFran	Zach DuFran			2025-10-27T23:44:51.150Z	StillImage	COORDINATE_ROUNDED;CONTINENT_DERIVED_FROM_COORDINATES
4952924843	50c9509d-22c7-4a22-a47d-8c48425ef4a7	https://www.inaturalist.org/observations/245957631	Animalia	Arthropoda	Insecta	Lepidoptera	Noctuidae	Euxoa	Euxoa auxiliaris		SPECIES	Euxoa auxiliaris Grote, 1873	Euxoa auxiliaris		US		Nebraska	PRESENT		28eb1a3f-1c15-4a95-931a-4af90ecb574d	40.552153	-96.572764	3361.0						2024-10-06T07:42	6	10	2024	4301148	4301148	HUMAN_OBSERVATION	iNaturalist	Observations	245957631		elizabethgrace2012	2024-10-06T14:50:57	CC_BY_NC_4_0	elizabethgrace2012	elizabethgrace2012			2025-10-27T22:30:48.380Z	StillImage	COORDINATE_ROUNDED;CONTINENT_DERIVED_FROM_COORDINATES
4952429704	50c9509d-22c7-4a22-a47d-8c48425ef4a7	https://www.inaturalist.org/observations/245957624	Animalia	Arthropoda	Insecta	Lepidoptera	Noctuidae	Euxoa	Euxoa auxiliaris		SPECIES	Euxoa auxiliaris Grote, 1873	Euxoa auxiliaris		US		Nebraska	PRESENT		28eb1a3f-1c15-4a95-931a-4af90ecb574d	40.552153	-96.572764	3361.0						2024-10-06T07:37	6	10	2024	4301148	4301148	HUMAN_OBSERVATION	iNaturalist	Observations	245957624		elizabethgrace2012	2024-10-06T14:50:54	CC_BY_NC_4_0	elizabethgrace2012	elizabethgrace2012			2025-10-27T22:30:49.746Z	StillImage	COORDINATE_ROUNDED;CONTINENT_DERIVED_FROM_COORDINATES
4952187266	50c9509d-22c7-4a22-a47d-8c48425ef4a7	https://www.inaturalist.org/observations/244805949	Animalia	Arthropoda	Insecta	Lepidoptera	Noctuidae	Euxoa	Euxoa auxiliaris		SPECIES	Euxoa auxiliaris Grote, 1873	Euxoa auxiliaris		US		Colorado	PRESENT		28eb1a3f-1c15-4a95-931a-4af90ecb574d	40.14616	-105.30576	188.0						2024-09-28T20:35	28	9	2024	4301148	4301148	HUMAN_OBSERVATION	iNaturalist	Observations	244805949		Ann Cooper	2024-09-29T23:20:27	CC_BY_NC_4_0	Ann Cooper	Ann Cooper			2025-10-27T23:53:32.625Z	StillImage	COORDINATE_ROUNDED;CONTINENT_DERIVED_FROM_COORDINATES
4950403427	50c9509d-22c7-4a22-a47d-8c48425ef4a7	https://www.inaturalist.org/observations/242579089	Animalia	Arthropoda	Insecta	Lepidoptera	Noctuidae	Euxoa	Euxoa auxiliaris		SPECIES	Euxoa auxiliaris Grote, 1873	Euxoa auxiliaris		US		Utah	PRESENT		28eb1a3f-1c15-4a95-931a-4af90ecb574d	40.159594	-111.649351	198.0						2024-09-18T16:20:21	18	9	2024	4301148	4301148	HUMAN_OBSERVATION	iNaturalist	Observations	242579089		Jeff McIntyre	2024-09-18T22:53:42	CC_BY_NC_4_0	Jeff McIntyre	Jeff McIntyre			2025-10-27T23:44:59.661Z	StillImage	COORDINATE_ROUNDED;CONTINENT_DERIVED_FROM_COORDINATES
4949901218	50c9509d-22c7-4a22-a47d-8c48425ef4a7	https://www.inaturalist.org/observations/242799415	Animalia	Arthropoda	Insecta	Lepidoptera	Noctuidae	Euxoa	Euxoa auxiliaris		SPECIES	Euxoa auxiliaris Grote, 1873	Euxoa auxiliaris		CA		Alberta	PRESENT		28eb1a3f-1c15-4a95-931a-4af90ecb574d	49.082987	-110.826478							2024-09-19T21:11	19	9	2024	4301148	4301148	HUMAN_OBSERVATION	iNaturalist	Observations	242799415		Doug Macaulay	2024-09-20T03:28:49	CC_BY_NC_4_0	Doug Macaulay	Doug Macaulay			2025-10-27T23:53:09.766Z	StillImage	COORDINATE_ROUNDED;CONTINENT_DERIVED_FROM_COORDINATES
4948903797	323b0e80-5e4b-4cc4-936a-d93fc8cae9bc	978d142a-f1e4-4215-bb93-d28746277191	Animalia	Arthropoda	Insecta	Lepidoptera	Noctuidae	Euxoa	Euxoa auxiliaris		SPECIES	Euxoa auxiliaris Grote, 1873	Euxoa auxiliaris	(Grote, 1873)	US	7.8 mi. W of MT Hwy. 223, Sanford Park CG	Montana	PRESENT	1	0d923068-1cec-44de-8b78-33a51fb0cacd	48.30897	-111.08906	5.0		863.0				2024-06-02	2	6	2024	4301148	4301148	PRESERVED_SPECIMEN	CSU	CSUC	CSU_ENT1250564				CC0_1_0	Department of Bioagricultural Sciences	Mat Seidensticker			2025-10-25T09:38:08.228Z	StillImage	GEODETIC_DATUM_ASSUMED_WGS84;OCCURRENCE_STATUS_INFERRED_FROM_INDIVIDUAL_COUNT
4948903054	323b0e80-5e4b-4cc4-936a-d93fc8cae9bc	887c05aa-7979-4717-a07b-2b3bb72f115b	Animalia	Arthropoda	Insecta	Lepidoptera	Noctuidae	Euxoa	Euxoa auxiliaris		SPECIES	Euxoa auxiliaris Grote, 1873	Euxoa auxiliaris	(Grote, 1873)	US	0.5 mi. N of Sanford Park CG	Montana	PRESENT	1	0d923068-1cec-44de-8b78-33a51fb0cacd	48.31526	-111.08881	5.0		875.0				2024-06-02	2	6	2024	4301148	4301148	PRESERVED_SPECIMEN	CSU	CSUC	CSU_ENT1250563				CC0_1_0	Department of Bioagricultural Sciences	Mat Seidensticker			2025-10-25T09:38:06.076Z	StillImage	GEODETIC_DATUM_ASSUMED_WGS84;OCCURRENCE_STATUS_INFERRED_FROM_INDIVIDUAL_COUNT
4948902695	323b0e80-5e4b-4cc4-936a-d93fc8cae9bc	a6046e14-2578-4eb9-bbe3-218ad4e30e0f	Animalia	Arthropoda	Insecta	Lepidoptera	Noctuidae	Euxoa	Euxoa auxiliaris		SPECIES	Euxoa auxiliaris Grote, 1873	Euxoa auxiliaris	(Grote, 1873)	US	0.5 mi. N of Sanford Park CG	Montana	PRESENT	1	0d923068-1cec-44de-8b78-33a51fb0cacd	48.31526	-111.08881	5.0		875.0				2024-06-02	2	6	2024	4301148	4301148	PRESERVED_SPECIMEN	CSU	CSUC	CSU_ENT1250562				CC0_1_0	Department of Bioagricultural Sciences	Mat Seidensticker			2025-10-25T09:38:06.264Z		GEODETIC_DATUM_ASSUMED_WGS84;OCCURRENCE_STATUS_INFERRED_FROM_INDIVIDUAL_COUNT
4948902320	323b0e80-5e4b-4cc4-936a-d93fc8cae9bc	17215c77-166f-426a-b1af-91ab822a6ca2	Animalia	Arthropoda	Insecta	Lepidoptera	Noctuidae	Euxoa	Euxoa auxiliaris		SPECIES	Euxoa auxiliaris Grote, 1873	Euxoa auxiliaris	(Grote, 1873)	US	24 mi. NNW of Billings, Acton Recreation Area, BLM site	Montana	PRESENT	1	0d923068-1cec-44de-8b78-33a51fb0cacd	46.04185	-108.66213			1185.0				2024-05-28	28	5	2024	4301148	4301148	PRESERVED_SPECIMEN	CSU	CSUC	CSU_ENT1250565				CC0_1_0	Department of Bioagricultural Sciences	M.L. Kirst; H. Bilden			2025-10-25T09:38:07.508Z		GEODETIC_DATUM_ASSUMED_WGS84;OCCURRENCE_STATUS_INFERRED_FROM_INDIVIDUAL_COUNT
4948902319	323b0e80-5e4b-4cc4-936a-d93fc8cae9bc	3abe5ed2-2a84-40ff-8db3-8108195b374c	Animalia	Arthropoda	Insecta	Lepidoptera	Noctuidae	Euxoa	Euxoa auxiliaris		SPECIES	Euxoa auxiliaris Grote, 1873	Euxoa auxiliaris	(Grote, 1873)	US	0.5 mi. N of Sanford Park CG	Montana	PRESENT	1	0d923068-1cec-44de-8b78-33a51fb0cacd	48.31526	-111.08881	5.0		875.0				2024-06-02	2	6	2024	4301148	4301148	PRESERVED_SPECIMEN	CSU	CSUC	CSU_ENT1250561				CC0_1_0	Department of Bioagricultural Sciences	Mat Seidensticker			2025-10-25T09:38:06.213Z		GEODETIC_DATUM_ASSUMED_WGS84;OCCURRENCE_STATUS_INFERRED_FROM_INDIVIDUAL_COUNT
4936734481	50c9509d-22c7-4a22-a47d-8c48425ef4a7	https://www.inaturalist.org/observations/238899593	Animalia	Arthropoda	Insecta	Lepidoptera	Noctuidae	Euxoa	Euxoa auxiliaris		SPECIES	Euxoa auxiliaris Grote, 1873	Euxoa auxiliaris		CA		British Columbia	PRESENT		28eb1a3f-1c15-4a95-931a-4af90ecb574d	49.44058	-123.698238							2024-08-30T14:42:50	30	8	2024	4301148	4301148	HUMAN_OBSERVATION	iNaturalist	Observations	238899593		pumakit	2024-08-31T04:10:07	CC_BY_NC_4_0	pumakit	pumakit			2025-10-27T23:43:23.983Z	StillImage	COORDINATE_ROUNDED;CONTINENT_DERIVED_FROM_COORDINATES
4936444819	50c9509d-22c7-4a22-a47d-8c48425ef4a7	https://www.inaturalist.org/observations/239519036	Animalia	Arthropoda	Insecta	Lepidoptera	Noctuidae	Euxoa	Euxoa auxiliaris		SPECIES	Euxoa auxiliaris Grote, 1873	Euxoa auxiliaris		US		Colorado	PRESENT		28eb1a3f-1c15-4a95-931a-4af90ecb574d	40.17503	-105.307199							2024-08-31T23:00	31	8	2024	4301148	4301148	HUMAN_OBSERVATION	iNaturalist	Observations	239519036		Ann Cooper	2024-09-03T00:22:40	CC_BY_NC_4_0	Ann Cooper	Ann Cooper			2025-10-27T23:43:33.442Z	StillImage	COORDINATE_ROUNDED;CONTINENT_DERIVED_FROM_COORDINATES
4925985884	50c9509d-22c7-4a22-a47d-8c48425ef4a7	https://www.inaturalist.org/observations/236303504	Animalia	Arthropoda	Insecta	Lepidoptera	Noctuidae	Euxoa	Euxoa auxiliaris		SPECIES	Euxoa auxiliaris Grote, 1873	Euxoa auxiliaris		US		Colorado	PRESENT		28eb1a3f-1c15-4a95-931a-4af90ecb574d	38.792362	-104.847847	35.0						2024-08-17T09:59:54	17	8	2024	4301148	4301148	HUMAN_OBSERVATION	iNaturalist	Observations	236303504		Roger Woodruff	2024-08-17T16:01:14	CC_BY_NC_4_0	Roger Woodruff	Roger Woodruff			2025-10-27T23:43:17.130Z	StillImage	COORDINATE_ROUNDED;CONTINENT_DERIVED_FROM_COORDINATES
4921764786	50c9509d-22c7-4a22-a47d-8c48425ef4a7	https://www.inaturalist.org/observations/225849642	Animalia	Arthropoda	Insecta	Lepidoptera	Noctuidae	Euxoa	Euxoa auxiliaris		SPECIES	Euxoa auxiliaris Grote, 1873	Euxoa auxiliaris		US		Colorado	PRESENT		28eb1a3f-1c15-4a95-931a-4af90ecb574d	40.014628	-105.557578	244.0						2024-06-28T14:48	28	6	2024	4301148	4301148	HUMAN_OBSERVATION	iNaturalist	Observations	225849642		Sichtopher Chrisko	2024-06-29T03:24:52	CC_BY_NC_4_0	Sichtopher Chrisko	Sichtopher Chrisko			2025-10-27T23:41:14.979Z	StillImage	COORDINATE_ROUNDED;CONTINENT_DERIVED_FROM_COORDINATES
4919456330	50c9509d-22c7-4a22-a47d-8c48425ef4a7	https://www.inaturalist.org/observations/231693879	Animalia	Arthropoda	Insecta	Lepidoptera	Noctuidae	Euxoa	Euxoa auxiliaris		SPECIES	Euxoa auxiliaris Grote, 1873	Euxoa auxiliaris		US		New Mexico	PRESENT		28eb1a3f-1c15-4a95-931a-4af90ecb574d	35.136168	-106.482084	15.0						2024-04-29T15:32	29	4	2024	4301148	4301148	HUMAN_OBSERVATION	iNaturalist	Observations	231693879		Jeff Pavlik	2024-07-25T20:32:52	CC_BY_NC_4_0	Jeff Pavlik	Jeff Pavlik			2025-10-28T00:37:11.015Z	StillImage	COORDINATE_ROUNDED;CONTINENT_DERIVED_FROM_COORDINATES
4919308684	50c9509d-22c7-4a22-a47d-8c48425ef4a7	https://www.inaturalist.org/observations/222761101	Animalia	Arthropoda	Insecta	Lepidoptera	Noctuidae	Euxoa	Euxoa auxiliaris		SPECIES	Euxoa auxiliaris Grote, 1873	Euxoa auxiliaris		US		Nebraska	PRESENT		28eb1a3f-1c15-4a95-931a-4af90ecb574d	42.706616	-103.015209	688.0						2024-06-01T07:58	1	6	2024	4301148	4301148	HUMAN_OBSERVATION	iNaturalist	Observations	222761101		Steven Mlodinow	2024-06-15T01:03:35	CC_BY_NC_4_0	Steven Mlodinow	Steven Mlodinow			2025-10-27T23:40:49.627Z	StillImage	COORDINATE_ROUNDED;CONTINENT_DERIVED_FROM_COORDINATES
4919186592	50c9509d-22c7-4a22-a47d-8c48425ef4a7	https://www.inaturalist.org/observations/229774674	Animalia	Arthropoda	Insecta	Lepidoptera	Noctuidae	Euxoa	Euxoa auxiliaris		SPECIES	Euxoa auxiliaris Grote, 1873	Euxoa auxiliaris		US		Colorado	PRESENT		28eb1a3f-1c15-4a95-931a-4af90ecb574d	40.408417	-105.098219	35.0						2024-07-15T11:37:09	15	7	2024	4301148	4301148	HUMAN_OBSERVATION	iNaturalist	Observations	229774674		Joshua Smith	2024-07-16T20:45:11	CC_BY_NC_4_0	Joshua Smith	Joshua Smith			2025-10-27T22:27:16.526Z	StillImage	COORDINATE_ROUNDED;CONTINENT_DERIVED_FROM_COORDINATES
4911039097	50c9509d-22c7-4a22-a47d-8c48425ef4a7	https://www.inaturalist.org/observations/230217912	Animalia	Arthropoda	Insecta	Lepidoptera	Noctuidae	Euxoa	Euxoa auxiliaris		SPECIES	Euxoa auxiliaris Grote, 1873	Euxoa auxiliaris		US		Colorado	PRESENT		28eb1a3f-1c15-4a95-931a-4af90ecb574d	40.254275	-105.618003	8.0						2024-07-18T07:02:59	18	7	2024	4301148	4301148	HUMAN_OBSERVATION	iNaturalist	Observations	230217912		Nick Petrush	2024-07-19T02:18:00	CC_BY_NC_4_0	Nick Petrush	Nick Petrush			2025-10-27T23:42:00.613Z	StillImage	COORDINATE_ROUNDED;CONTINENT_DERIVED_FROM_COORDINATES
4910945985	50c9509d-22c7-4a22-a47d-8c48425ef4a7	https://www.inaturalist.org/observations/230047111	Animalia	Arthropoda	Insecta	Lepidoptera	Noctuidae	Euxoa	Euxoa auxiliaris		SPECIES	Euxoa auxiliaris Grote, 1873	Euxoa auxiliaris		US		Utah	PRESENT		28eb1a3f-1c15-4a95-931a-4af90ecb574d	37.8382	-109.465272	5.0						2024-07-12T08:10	12	7	2024	4301148	4301148	HUMAN_OBSERVATION	iNaturalist	Observations	230047111		Zach Coury	2024-07-18T07:19:09	CC_BY_NC_4_0	Zach Coury	Zach Coury			2025-10-28T00:36:39.131Z	StillImage	COORDINATE_ROUNDED;CONTINENT_DERIVED_FROM_COORDINATES
4910778939	50c9509d-22c7-4a22-a47d-8c48425ef4a7	https://www.inaturalist.org/observations/230209911	Animalia	Arthropoda	Insecta	Lepidoptera	Noctuidae	Euxoa	Euxoa auxiliaris		SPECIES	Euxoa auxiliaris Grote, 1873	Euxoa auxiliaris		US		Arizona	PRESENT		28eb1a3f-1c15-4a95-931a-4af90ecb574d	34.4183	-110.579047	10.0						2024-07-12T21:21:10	12	7	2024	4301148	4301148	HUMAN_OBSERVATION	iNaturalist	Observations	230209911		Eric Hough	2024-07-19T01:19:31	CC_BY_NC_4_0	Eric Hough	Eric Hough			2025-10-27T22:27:28.493Z	StillImage	COORDINATE_ROUNDED;CONTINENT_DERIVED_FROM_COORDINATES
4908888617	50c9509d-22c7-4a22-a47d-8c48425ef4a7	https://www.inaturalist.org/observations/230034455	Animalia	Arthropoda	Insecta	Lepidoptera	Noctuidae	Euxoa	Euxoa auxiliaris		SPECIES	Euxoa auxiliaris Grote, 1873	Euxoa auxiliaris		US		Colorado	PRESENT		28eb1a3f-1c15-4a95-931a-4af90ecb574d	39.682253	-104.905817							2024-07-17T22:30:01	17	7	2024	4301148	4301148	HUMAN_OBSERVATION	iNaturalist	Observations	230034455		Brian	2024-07-18T04:32:48	CC_BY_NC_4_0	Brian	Brian			2025-10-27T23:41:58.149Z	StillImage	COORDINATE_ROUNDED;CONTINENT_DERIVED_FROM_COORDINATES
4908803051	50c9509d-22c7-4a22-a47d-8c48425ef4a7	https://www.inaturalist.org/observations/228514655	Animalia	Arthropoda	Insecta	Lepidoptera	Noctuidae	Euxoa	Euxoa auxiliaris		SPECIES	Euxoa auxiliaris Grote, 1873	Euxoa auxiliaris		US		Colorado	PRESENT		28eb1a3f-1c15-4a95-931a-4af90ecb574d	39.561434	-104.71374	16.0						2024-07-10T14:44:50	10	7	2024	4301148	4301148	HUMAN_OBSERVATION	iNaturalist	Observations	228514655		mason_wildlife	2024-07-10T20:47:52	CC_BY_NC_4_0	mason_wildlife	mason_wildlife			2025-10-27T23:41:43.071Z	StillImage	COORDINATE_ROUNDED;CONTINENT_DERIVED_FROM_COORDINATES
4908574158	50c9509d-22c7-4a22-a47d-8c48425ef4a7	https://www.inaturalist.org/observations/227400480	Animalia	Arthropoda	Insecta	Lepidoptera	Noctuidae	Euxoa	Euxoa auxiliaris		SPECIES	Euxoa auxiliaris Grote, 1873	Euxoa auxiliaris		US		Colorado	PRESENT		28eb1a3f-1c15-4a95-931a-4af90ecb574d	40.015869	-105.278633	6305.0						2024-07-05T16:53:42	5	7	2024	4301148	4301148	HUMAN_OBSERVATION	iNaturalist	Observations	227400480		abbie_rangel_is_cool	2024-07-05T22:54:14	CC_BY_NC_4_0	abbie_rangel_is_cool	abbie_rangel_is_cool			2025-10-27T22:26:42.914Z	StillImage	COORDINATE_ROUNDED;CONTINENT_DERIVED_FROM_COORDINATES
4908281853	50c9509d-22c7-4a22-a47d-8c48425ef4a7	https://www.inaturalist.org/observations/227230633	Animalia	Arthropoda	Insecta	Lepidoptera	Noctuidae	Euxoa	Euxoa auxiliaris		SPECIES	Euxoa auxiliaris Grote, 1873	Euxoa auxiliaris		CA		Alberta	PRESENT		28eb1a3f-1c15-4a95-931a-4af90ecb574d	51.382941	-112.661494	5.0						2024-06-23T01:05	23	6	2024	4301148	4301148	HUMAN_OBSERVATION	iNaturalist	Observations	227230633		Brevan Wagner	2024-07-05T04:56:16	CC_BY_NC_4_0	Matthias Buck	Matthias Buck			2025-10-27T22:26:42.800Z	StillImage	COORDINATE_ROUNDED;CONTINENT_DERIVED_FROM_COORDINATES
4908187033	50c9509d-22c7-4a22-a47d-8c48425ef4a7	https://www.inaturalist.org/observations/224508711	Animalia	Arthropoda	Insecta	Lepidoptera	Noctuidae	Euxoa	Euxoa auxiliaris		SPECIES	Euxoa auxiliaris Grote, 1873	Euxoa auxiliaris		US		Colorado	PRESENT		28eb1a3f-1c15-4a95-931a-4af90ecb574d	39.582585	-105.074811	8.0						2024-06-20T23:13:14	20	6	2024	4301148	4301148	HUMAN_OBSERVATION	iNaturalist	Observations	224508711		rick-uhlen	2024-06-22T22:43:00	CC_BY_NC_4_0	rick-uhlen	rick-uhlen			2025-10-28T00:35:13.836Z	StillImage	COORDINATE_ROUNDED;CONTINENT_DERIVED_FROM_COORDINATES
4908131899	50c9509d-22c7-4a22-a47d-8c48425ef4a7	https://www.inaturalist.org/observations/227439787	Animalia	Arthropoda	Insecta	Lepidoptera	Noctuidae	Euxoa	Euxoa auxiliaris		SPECIES	Euxoa auxiliaris Grote, 1873	Euxoa auxiliaris		CA		Alberta	PRESENT		28eb1a3f-1c15-4a95-931a-4af90ecb574d	49.61845	-110.224105	4.0						2024-07-05T00:04:15	5	7	2024	4301148	4301148	HUMAN_OBSERVATION	iNaturalist	Observations	227439787		Caleb Catto	2024-07-06T03:21:23	CC_BY_4_0	Caleb Catto	Caleb Catto			2025-10-27T22:26:44.261Z	StillImage	CONTINENT_DERIVED_FROM_COORDINATES
4904288553	50c9509d-22c7-4a22-a47d-8c48425ef4a7	https://www.inaturalist.org/observations/226262489	Animalia	Arthropoda	Insecta	Lepidoptera	Noctuidae	Euxoa	Euxoa auxiliaris		SPECIES	Euxoa auxiliaris Grote, 1873	Euxoa auxiliaris		US		Colorado	PRESENT		28eb1a3f-1c15-4a95-931a-4af90ecb574d	39.598988	-104.744387	4.0						2024-06-30T13:12:44	30	6	2024	4301148	4301148	HUMAN_OBSERVATION	iNaturalist	Observations	226262489		trishapanganiban	2024-06-30T19:15:19	CC_BY_NC_4_0	trishapanganiban	trishapanganiban			2025-10-27T23:41:20.545Z	StillImage	COORDINATE_ROUNDED;CONTINENT_DERIVED_FROM_COORDINATES
4904201147	50c9509d-22c7-4a22-a47d-8c48425ef4a7	https://www.inaturalist.org/observations/225863423	Animalia	Arthropoda	Insecta	Lepidoptera	Noctuidae	Euxoa	Euxoa auxiliaris		SPECIES	Euxoa auxiliaris Grote, 1873	Euxoa auxiliaris		US		Colorado	PRESENT		28eb1a3f-1c15-4a95-931a-4af90ecb574d	39.561689	-104.713801	9.0						2024-06-28T23:30	28	6	2024	4301148	4301148	HUMAN_OBSERVATION	iNaturalist	Observations	225863423		mason_wildlife	2024-06-29T05:33:37	CC_BY_NC_4_0	mason_wildlife	mason_wildlife			2025-10-28T00:35:35.135Z	StillImage	COORDINATE_ROUNDED;CONTINENT_DERIVED_FROM_COORDINATES
4904132348	50c9509d-22c7-4a22-a47d-8c48425ef4a7	https://www.inaturalist.org/observations/224254946	Animalia	Arthropoda	Insecta	Lepidoptera	Noctuidae	Euxoa	Euxoa auxiliaris		SPECIES	Euxoa auxiliaris Grote, 1873	Euxoa auxiliaris		US		California	PRESENT		28eb1a3f-1c15-4a95-931a-4af90ecb574d	37.383003	-118.180603	3.0						2024-06-11T12:22	11	6	2024	4301148	4301148	HUMAN_OBSERVATION	iNaturalist	Observations	224254946		Nancy Overholtz	2024-06-21T20:30:32	CC0_1_0	Nancy Overholtz	Nancy Overholtz			2025-10-27T23:41:01.142Z	StillImage	COORDINATE_ROUNDED;CONTINENT_DERIVED_FROM_COORDINATES
4904043677	50c9509d-22c7-4a22-a47d-8c48425ef4a7	https://www.inaturalist.org/observations/225557539	Animalia	Arthropoda	Insecta	Lepidoptera	Noctuidae	Euxoa	Euxoa auxiliaris		SPECIES	Euxoa auxiliaris Grote, 1873	Euxoa auxiliaris		US		Colorado	PRESENT		28eb1a3f-1c15-4a95-931a-4af90ecb574d	40.047904	-105.582278	4.0						2024-06-27T08:18:19	27	6	2024	4301148	4301148	HUMAN_OBSERVATION	iNaturalist	Observations	225557539		wcanderson	2024-06-27T23:14:11	CC_BY_NC_4_0	wcanderson	wcanderson			2025-10-28T00:35:27.822Z	StillImage	COORDINATE_ROUNDED;CONTINENT_DERIVED_FROM_COORDINATES
4904021786	50c9509d-22c7-4a22-a47d-8c48425ef4a7	https://www.inaturalist.org/observations/225241985	Animalia	Arthropoda	Insecta	Lepidoptera	Noctuidae	Euxoa	Euxoa auxiliaris		SPECIES	Euxoa auxiliaris Grote, 1873	Euxoa auxiliaris		CA		Alberta	PRESENT		28eb1a3f-1c15-4a95-931a-4af90ecb574d	49.65353	-112.849578	4.0						2024-06-25T12:51:16	25	6	2024	4301148	4301148	HUMAN_OBSERVATION	iNaturalist	Observations	225241985		Jim Devries	2024-06-26T04:34:02	CC_BY_NC_4_0	Jim Devries	Jim Devries			2025-10-27T23:41:11.086Z	StillImage	COORDINATE_ROUNDED;CONTINENT_DERIVED_FROM_COORDINATES
4903865170	50c9509d-22c7-4a22-a47d-8c48425ef4a7	https://www.inaturalist.org/observations/226364107	Animalia	Arthropoda	Insecta	Lepidoptera	Noctuidae	Euxoa	Euxoa auxiliaris		SPECIES	Euxoa auxiliaris Grote, 1873	Euxoa auxiliaris		US		Colorado	PRESENT		28eb1a3f-1c15-4a95-931a-4af90ecb574d	38.8469	-104.791742	36.0						2024-06-30T21:58:41	30	6	2024	4301148	4301148	HUMAN_OBSERVATION	iNaturalist	Observations	226364107		heteromyid	2024-07-01T04:09:44	CC_BY_NC_4_0	heteromyid	heteromyid			2025-10-27T22:26:28.739Z	StillImage	COORDINATE_ROUNDED;CONTINENT_DERIVED_FROM_COORDINATES
4902042438	50c9509d-22c7-4a22-a47d-8c48425ef4a7	https://www.inaturalist.org/observations/222356282	Animalia	Arthropoda	Insecta	Lepidoptera	Noctuidae	Euxoa	Euxoa auxiliaris		SPECIES	Euxoa auxiliaris Grote, 1873	Euxoa auxiliaris		US		Colorado	PRESENT		28eb1a3f-1c15-4a95-931a-4af90ecb574d	40.404373	-104.766626	27939.0						2024-06-12T18:52:46	12	6	2024	4301148	4301148	HUMAN_OBSERVATION	iNaturalist	Observations	222356282		estebandido	2024-06-13T00:53:30	CC_BY_NC_4_0	estebandido	estebandido			2025-10-27T22:25:35.101Z	StillImage	COORDINATE_ROUNDED;CONTINENT_DERIVED_FROM_COORDINATES
4901460400	50c9509d-22c7-4a22-a47d-8c48425ef4a7	https://www.inaturalist.org/observations/223218864	Animalia	Arthropoda	Insecta	Lepidoptera	Noctuidae	Euxoa	Euxoa auxiliaris		SPECIES	Euxoa auxiliaris Grote, 1873	Euxoa auxiliaris		US		Colorado	PRESENT		28eb1a3f-1c15-4a95-931a-4af90ecb574d	40.616181	-103.317741	3.0						2024-06-16T16:53:46	16	6	2024	4301148	4301148	HUMAN_OBSERVATION	iNaturalist	Observations	223218864		ericlovell	2024-06-16T22:54:07	CC_BY_NC_4_0	ericlovell	ericlovell			2025-10-27T23:40:49.065Z	StillImage	COORDINATE_ROUNDED;CONTINENT_DERIVED_FROM_COORDINATES
4901449167	50c9509d-22c7-4a22-a47d-8c48425ef4a7	https://www.inaturalist.org/observations/215719256	Animalia	Arthropoda	Insecta	Lepidoptera	Noctuidae	Euxoa	Euxoa auxiliaris		SPECIES	Euxoa auxiliaris Grote, 1873	Euxoa auxiliaris		US		Texas	PRESENT		28eb1a3f-1c15-4a95-931a-4af90ecb574d	33.424721	-101.893779	28957.0						2024-05-09T22:09:27	9	5	2024	4301148	4301148	HUMAN_OBSERVATION	iNaturalist	Observations	215719256		Jordan Cochran	2024-05-14T15:18:31	CC_BY_NC_4_0	Jordan Cochran	Jordan Cochran			2025-10-27T22:29:37.444Z	StillImage	COORDINATE_ROUNDED;CONTINENT_DERIVED_FROM_COORDINATES
4901391863	50c9509d-22c7-4a22-a47d-8c48425ef4a7	https://www.inaturalist.org/observations/224976850	Animalia	Arthropoda	Insecta	Lepidoptera	Noctuidae	Euxoa	Euxoa auxiliaris		SPECIES	Euxoa auxiliaris Grote, 1873	Euxoa auxiliaris		US		Colorado	PRESENT		28eb1a3f-1c15-4a95-931a-4af90ecb574d	40.047342	-105.582537	4.0						2024-06-24T08:25	24	6	2024	4301148	4301148	HUMAN_OBSERVATION	iNaturalist	Observations	224976850		sarapadula	2024-06-24T21:54:21	CC_BY_NC_4_0	sarapadula	sarapadula			2025-10-27T23:41:06.846Z	StillImage	COORDINATE_ROUNDED;CONTINENT_DERIVED_FROM_COORDINATES
4901354618	50c9509d-22c7-4a22-a47d-8c48425ef4a7	https://www.inaturalist.org/observations/222972434	Animalia	Arthropoda	Insecta	Lepidoptera	Noctuidae	Euxoa	Euxoa auxiliaris		SPECIES	Euxoa auxiliaris Grote, 1873	Euxoa auxiliaris		US		Colorado	PRESENT		28eb1a3f-1c15-4a95-931a-4af90ecb574d	39.738799	-104.990251	38747.0						2024-06-15T16:25:15	15	6	2024	4301148	4301148	HUMAN_OBSERVATION	iNaturalist	Observations	222972434		Valerie Bourdeau	2024-06-15T23:11:41	CC0_1_0	Valerie Bourdeau	Valerie Bourdeau			2025-10-27T23:49:09.201Z	StillImage	COORDINATE_ROUNDED;CONTINENT_DERIVED_FROM_COORDINATES
4901322257	50c9509d-22c7-4a22-a47d-8c48425ef4a7	https://www.inaturalist.org/observations/215718289	Animalia	Arthropoda	Insecta	Lepidoptera	Noctuidae	Euxoa	Euxoa auxiliaris		SPECIES	Euxoa auxiliaris Grote, 1873	Euxoa auxiliaris		US		Texas	PRESENT		28eb1a3f-1c15-4a95-931a-4af90ecb574d	33.409489	-101.961047	28957.0						2024-05-09T22:10:41	9	5	2024	4301148	4301148	HUMAN_OBSERVATION	iNaturalist	Observations	215718289		Jordan Cochran	2024-05-14T15:12:23	CC_BY_NC_4_0	Jordan Cochran	Jordan Cochran			2025-10-27T22:24:07.167Z	StillImage	COORDINATE_ROUNDED;CONTINENT_DERIVED_FROM_COORDINATES
4901042977	50c9509d-22c7-4a22-a47d-8c48425ef4a7	https://www.inaturalist.org/observations/215718341	Animalia	Arthropoda	Insecta	Lepidoptera	Noctuidae	Euxoa	Euxoa auxiliaris		SPECIES	Euxoa auxiliaris Grote, 1873	Euxoa auxiliaris		US		Texas	PRESENT		28eb1a3f-1c15-4a95-931a-4af90ecb574d	33.543422	-101.924103	28957.0						2024-05-09T22:10:30	9	5	2024	4301148	4301148	HUMAN_OBSERVATION	iNaturalist	Observations	215718341		Jordan Cochran	2024-05-14T15:12:42	CC_BY_NC_4_0	Jordan Cochran	Jordan Cochran			2025-10-28T00:33:27.292Z	StillImage	COORDINATE_ROUNDED;CONTINENT_DERIVED_FROM_COORDINATES
4901013043	50c9509d-22c7-4a22-a47d-8c48425ef4a7	https://www.inaturalist.org/observations/224976875	Animalia	Arthropoda	Insecta	Lepidoptera	Noctuidae	Euxoa	Euxoa auxiliaris		SPECIES	Euxoa auxiliaris Grote, 1873	Euxoa auxiliaris		US		Colorado	PRESENT		28eb1a3f-1c15-4a95-931a-4af90ecb574d	40.047333	-105.582528	4.0						2024-06-24T08:24:51	24	6	2024	4301148	4301148	HUMAN_OBSERVATION	iNaturalist	Observations	224976875		sarapadula	2024-06-24T21:54:33	CC_BY_NC_4_0	sarapadula	sarapadula			2025-10-27T23:49:30.870Z	StillImage	COORDINATE_ROUNDED;CONTINENT_DERIVED_FROM_COORDINATES
4900941055	50c9509d-22c7-4a22-a47d-8c48425ef4a7	https://www.inaturalist.org/observations/223276080	Animalia	Arthropoda	Insecta	Lepidoptera	Noctuidae	Euxoa	Euxoa auxiliaris		SPECIES	Euxoa auxiliaris Grote, 1873	Euxoa auxiliaris		US		Colorado	PRESENT		28eb1a3f-1c15-4a95-931a-4af90ecb574d	38.833882	-104.821363	29530.0						2024-06-15T23:21	15	6	2024	4301148	4301148	HUMAN_OBSERVATION	iNaturalist	Observations	223276080		ghipszky	2024-06-17T05:13:08	CC_BY_NC_4_0	ghipszky	ghipszky			2025-10-27T22:27:33.415Z	StillImage	CONTINENT_DERIVED_FROM_COORDINATES
4892109241	50c9509d-22c7-4a22-a47d-8c48425ef4a7	https://www.inaturalist.org/observations/221032633	Animalia	Arthropoda	Insecta	Lepidoptera	Noctuidae	Euxoa	Euxoa auxiliaris		SPECIES	Euxoa auxiliaris Grote, 1873	Euxoa auxiliaris		US		Colorado	PRESENT		28eb1a3f-1c15-4a95-931a-4af90ecb574d	38.532487	-106.95656	262.0						2024-06-05T17:49:26	5	6	2024	4301148	4301148	HUMAN_OBSERVATION	iNaturalist	Observations	221032633		ang_bryn	2024-06-07T04:19:08	CC_BY_NC_4_0	ang_bryn	ang_bryn			2025-10-27T22:25:18.589Z	StillImage	COORDINATE_ROUNDED;CONTINENT_DERIVED_FROM_COORDINATES
4892035156	50c9509d-22c7-4a22-a47d-8c48425ef4a7	https://www.inaturalist.org/observations/221711364	Animalia	Arthropoda	Insecta	Lepidoptera	Noctuidae	Euxoa	Euxoa auxiliaris		SPECIES	Euxoa auxiliaris Grote, 1873	Euxoa auxiliaris		US		Utah	PRESENT		28eb1a3f-1c15-4a95-931a-4af90ecb574d	40.608331	-111.936833							2024-05-20T17:20:21	20	5	2024	4301148	4301148	HUMAN_OBSERVATION	iNaturalist	Observations	221711364		Lane	2024-06-10T00:36:26	CC_BY_NC_4_0	Lane	Lane			2025-10-28T00:34:39.264Z	StillImage	COORDINATE_ROUNDED;CONTINENT_DERIVED_FROM_COORDINATES
4891749797	50c9509d-22c7-4a22-a47d-8c48425ef4a7	https://www.inaturalist.org/observations/221470353	Animalia	Arthropoda	Insecta	Lepidoptera	Noctuidae	Euxoa	Euxoa auxiliaris		SPECIES	Euxoa auxiliaris Grote, 1873	Euxoa auxiliaris		US		Arizona	PRESENT		28eb1a3f-1c15-4a95-931a-4af90ecb574d	31.429463	-110.446728	5.0						2024-05-22T12:37	22	5	2024	4301148	4301148	HUMAN_OBSERVATION	iNaturalist	Observations	221470353		Laura Gaudette	2024-06-09T02:31:42	CC_BY_4_0	Laura Gaudette	Laura Gaudette			2025-10-27T22:31:03.206Z	StillImage	COORDINATE_ROUNDED;CONTINENT_DERIVED_FROM_COORDINATES
4891636275	50c9509d-22c7-4a22-a47d-8c48425ef4a7	https://www.inaturalist.org/observations/220993507	Animalia	Arthropoda	Insecta	Lepidoptera	Noctuidae	Euxoa	Euxoa auxiliaris		SPECIES	Euxoa auxiliaris Grote, 1873	Euxoa auxiliaris		US		Colorado	PRESENT		28eb1a3f-1c15-4a95-931a-4af90ecb574d	37.742946	-105.524193	3.0						2024-06-05T09:58:01	5	6	2024	4301148	4301148	HUMAN_OBSERVATION	iNaturalist	Observations	220993507		j_bladow	2024-06-06T23:24:14	CC_BY_NC_4_0	j_bladow	j_bladow			2025-10-27T22:25:15.430Z	StillImage	COORDINATE_ROUNDED;CONTINENT_DERIVED_FROM_COORDINATES
4875461904	50c9509d-22c7-4a22-a47d-8c48425ef4a7	https://www.inaturalist.org/observations/219391129	Animalia	Arthropoda	Insecta	Lepidoptera	Noctuidae	Euxoa	Euxoa auxiliaris		SPECIES	Euxoa auxiliaris Grote, 1873	Euxoa auxiliaris		US		New Mexico	PRESENT		28eb1a3f-1c15-4a95-931a-4af90ecb574d	35.165023	-106.673158	23.0						2024-05-30T09:23:33	30	5	2024	4301148	4301148	HUMAN_OBSERVATION	iNaturalist	Observations	219391129		gagreta	2024-05-30T19:50:40	CC_BY_NC_4_0	gagreta	gagreta			2025-10-27T23:40:14.959Z	StillImage	COORDINATE_ROUNDED;CONTINENT_DERIVED_FROM_COORDINATES
4875375706	50c9509d-22c7-4a22-a47d-8c48425ef4a7	https://www.inaturalist.org/observations/220187225	Animalia	Arthropoda	Insecta	Lepidoptera	Noctuidae	Euxoa	Euxoa auxiliaris		SPECIES	Euxoa auxiliaris Grote, 1873	Euxoa auxiliaris		US		Colorado	PRESENT		28eb1a3f-1c15-4a95-931a-4af90ecb574d	40.574793	-104.977052	29.0						2024-06-02T12:15:01	2	6	2024	4301148	4301148	HUMAN_OBSERVATION	iNaturalist	Observations	220187225		Joel Dunnington MD	2024-06-03T05:19:13	CC_BY_4_0	Joel Dunnington MD	Joel Dunnington MD			2025-10-27T22:30:45.113Z	StillImage	COORDINATE_ROUNDED;CONTINENT_DERIVED_FROM_COORDINATES
4875366129	50c9509d-22c7-4a22-a47d-8c48425ef4a7	https://www.inaturalist.org/observations/219109195	Animalia	Arthropoda	Insecta	Lepidoptera	Noctuidae	Euxoa	Euxoa auxiliaris		SPECIES	Euxoa auxiliaris Grote, 1873	Euxoa auxiliaris		US		Colorado	PRESENT		28eb1a3f-1c15-4a95-931a-4af90ecb574d	39.812452	-104.888561	5.0						2024-05-29T08:00:36	29	5	2024	4301148	4301148	HUMAN_OBSERVATION	iNaturalist	Observations	219109195		arobey63	2024-05-29T14:01:08	CC_BY_NC_4_0	arobey63	arobey63			2025-10-27T22:24:51.712Z	StillImage	COORDINATE_ROUNDED;CONTINENT_DERIVED_FROM_COORDINATES
4875350975	50c9509d-22c7-4a22-a47d-8c48425ef4a7	https://www.inaturalist.org/observations/220263912	Animalia	Arthropoda	Insecta	Lepidoptera	Noctuidae	Euxoa	Euxoa auxiliaris		SPECIES	Euxoa auxiliaris Grote, 1873	Euxoa auxiliaris		US		Colorado	PRESENT		28eb1a3f-1c15-4a95-931a-4af90ecb574d	39.935719	-105.196764	28030.0						2024-06-02T11:52:27	2	6	2024	4301148	4301148	HUMAN_OBSERVATION	iNaturalist	Observations	220263912		Ren Deru	2024-06-03T15:25:53	CC_BY_NC_4_0	Ren Deru	Ren Deru			2025-10-27T22:25:10.213Z	StillImage	COORDINATE_ROUNDED;CONTINENT_DERIVED_FROM_COORDINATES
4875243629	50c9509d-22c7-4a22-a47d-8c48425ef4a7	https://www.inaturalist.org/observations/219773717	Animalia	Arthropoda	Insecta	Lepidoptera	Noctuidae	Euxoa	Euxoa auxiliaris		SPECIES	Euxoa auxiliaris Grote, 1873	Euxoa auxiliaris		US		Colorado	PRESENT		28eb1a3f-1c15-4a95-931a-4af90ecb574d	40.425745	-105.051108	4.0						2024-06-01T10:22:16	1	6	2024	4301148	4301148	HUMAN_OBSERVATION	iNaturalist	Observations	219773717		nondairy	2024-06-01T16:23:38	CC_BY_NC_4_0	nondairy	nondairy			2025-10-27T23:40:18.451Z	StillImage	COORDINATE_ROUNDED;CONTINENT_DERIVED_FROM_COORDINATES
4875235572	50c9509d-22c7-4a22-a47d-8c48425ef4a7	https://www.inaturalist.org/observations/219671506	Animalia	Arthropoda	Insecta	Lepidoptera	Noctuidae	Euxoa	Euxoa auxiliaris		SPECIES	Euxoa auxiliaris Grote, 1873	Euxoa auxiliaris		US		Colorado	PRESENT		28eb1a3f-1c15-4a95-931a-4af90ecb574d	40.408163	-105.097664	35.0						2024-05-25T08:12:14	25	5	2024	4301148	4301148	HUMAN_OBSERVATION	iNaturalist	Observations	219671506		Joshua Smith	2024-06-01T04:15:14	CC_BY_NC_4_0	Joshua Smith	Joshua Smith			2025-10-27T22:24:59.054Z	StillImage	COORDINATE_ROUNDED;CONTINENT_DERIVED_FROM_COORDINATES
4875234883	50c9509d-22c7-4a22-a47d-8c48425ef4a7	https://www.inaturalist.org/observations/219031533	Animalia	Arthropoda	Insecta	Lepidoptera	Noctuidae	Euxoa	Euxoa auxiliaris		SPECIES	Euxoa auxiliaris Grote, 1873	Euxoa auxiliaris		US		Wyoming	PRESENT		28eb1a3f-1c15-4a95-931a-4af90ecb574d	41.155086	-104.855027	4.0						2024-05-28T20:25:10	28	5	2024	4301148	4301148	HUMAN_OBSERVATION	iNaturalist	Observations	219031533		"Tim ""The Nature Nerd"" O'Hara"	2024-05-29T02:26:13	CC_BY_NC_4_0	"Tim ""The Nature Nerd"" O'Hara"	"Tim ""The Nature Nerd"" O'Hara"			2025-10-28T00:34:03.832Z	StillImage	COORDINATE_ROUNDED;CONTINENT_DERIVED_FROM_COORDINATES
4875225203	50c9509d-22c7-4a22-a47d-8c48425ef4a7	https://www.inaturalist.org/observations/219045622	Animalia	Arthropoda	Insecta	Lepidoptera	Noctuidae	Euxoa	Euxoa auxiliaris		SPECIES	Euxoa auxiliaris Grote, 1873	Euxoa auxiliaris		US		Colorado	PRESENT		28eb1a3f-1c15-4a95-931a-4af90ecb574d	39.688669	-105.098581	28060.0						2024-05-28T19:43:05	28	5	2024	4301148	4301148	HUMAN_OBSERVATION	iNaturalist	Observations	219045622		Jackson Irvin	2024-05-29T04:13:40	CC_BY_4_0	Jackson Irvin	Jackson Irvin			2025-10-28T00:34:02.624Z	StillImage	COORDINATE_ROUNDED;CONTINENT_DERIVED_FROM_COORDINATES
4875195830	50c9509d-22c7-4a22-a47d-8c48425ef4a7	https://www.inaturalist.org/observations/217772034	Animalia	Arthropoda	Insecta	Lepidoptera	Noctuidae	Euxoa	Euxoa auxiliaris		SPECIES	Euxoa auxiliaris Grote, 1873	Euxoa auxiliaris		US		Colorado	PRESENT		28eb1a3f-1c15-4a95-931a-4af90ecb574d	38.858992	-104.912891	5.0						2024-05-23T15:13:38	23	5	2024	4301148	4301148	HUMAN_OBSERVATION	iNaturalist	Observations	217772034		karya_ua	2024-05-23T21:13:58	CC_BY_NC_4_0	karya_ua	karya_ua			2025-10-27T23:39:59.939Z	StillImage	COORDINATE_ROUNDED;CONTINENT_DERIVED_FROM_COORDINATES
4875146831	50c9509d-22c7-4a22-a47d-8c48425ef4a7	https://www.inaturalist.org/observations/220240962	Animalia	Arthropoda	Insecta	Lepidoptera	Noctuidae	Euxoa	Euxoa auxiliaris		SPECIES	Euxoa auxiliaris Grote, 1873	Euxoa auxiliaris		US		Kansas	PRESENT		28eb1a3f-1c15-4a95-931a-4af90ecb574d	38.498279	-98.7442	35.0						2024-06-03T08:21:17	3	6	2024	4301148	4301148	HUMAN_OBSERVATION	iNaturalist	Observations	220240962		mmaples	2024-06-03T19:11:41	CC_BY_NC_4_0	madigothard	madigothard			2025-10-27T23:40:22.173Z	StillImage	COORDINATE_ROUNDED;CONTINENT_DERIVED_FROM_COORDINATES
4875116483	50c9509d-22c7-4a22-a47d-8c48425ef4a7	https://www.inaturalist.org/observations/219630107	Animalia	Arthropoda	Insecta	Lepidoptera	Noctuidae	Euxoa	Euxoa auxiliaris		SPECIES	Euxoa auxiliaris Grote, 1873	Euxoa auxiliaris		US		Colorado	PRESENT		28eb1a3f-1c15-4a95-931a-4af90ecb574d	40.139886	-105.206147	4.0						2024-05-30T10:12:30	30	5	2024	4301148	4301148	HUMAN_OBSERVATION	iNaturalist	Observations	219630107		sueriffe	2024-05-31T23:08:29	CC_BY_NC_4_0	sueriffe	sueriffe			2025-10-27T23:40:13.976Z	StillImage	COORDINATE_ROUNDED;CONTINENT_DERIVED_FROM_COORDINATES
4875018851	50c9509d-22c7-4a22-a47d-8c48425ef4a7	https://www.inaturalist.org/observations/219424852	Animalia	Arthropoda	Insecta	Lepidoptera	Noctuidae	Euxoa	Euxoa auxiliaris		SPECIES	Euxoa auxiliaris Grote, 1873	Euxoa auxiliaris		US		Colorado	PRESENT		28eb1a3f-1c15-4a95-931a-4af90ecb574d	39.35965	-104.831798	6.0						2024-05-30T16:51:42	30	5	2024	4301148	4301148	HUMAN_OBSERVATION	iNaturalist	Observations	219424852		Matthew L. Hughes	2024-05-31T04:41:45	CC_BY_NC_4_0	Matthew L. Hughes	Matthew L. Hughes			2025-10-28T00:34:10.117Z	StillImage	COORDINATE_ROUNDED;CONTINENT_DERIVED_FROM_COORDINATES
4873725407	323b0e80-5e4b-4cc4-936a-d93fc8cae9bc	01a29811-2303-4c88-af0f-53bb79b170dc	Animalia	Arthropoda	Insecta	Lepidoptera	Noctuidae	Euxoa	Euxoa auxiliaris		SPECIES	Euxoa auxiliaris Grote, 1873	Euxoa auxiliaris	(Grote, 1873)	US	Pictograph Cave State Park (MT FWP), 12 mi. SE of Billings	Montana	PRESENT	1	0d923068-1cec-44de-8b78-33a51fb0cacd	45.736543	-108.42893	10.0		1067.0				2024-04-13	13	4	2024	4301148	4301148	PRESERVED_SPECIMEN	CSU	CSUC					CC0_1_0	Department of Bioagricultural Sciences	Marian L. Kirst; F. Nunn			2025-10-25T09:38:12.086Z		OCCURRENCE_STATUS_INFERRED_FROM_INDIVIDUAL_COUNT
4873688571	323b0e80-5e4b-4cc4-936a-d93fc8cae9bc	dad341df-edd4-49dc-a4fd-7aee42cc61cc	Animalia	Arthropoda	Insecta	Lepidoptera	Noctuidae	Euxoa	Euxoa auxiliaris		SPECIES	Euxoa auxiliaris Grote, 1873	Euxoa auxiliaris	(Grote, 1873)	US	Pictograph Cave State Park (MT FWP), 12 mi. SE of Billings	Montana	PRESENT	1	0d923068-1cec-44de-8b78-33a51fb0cacd	45.736543	-108.42893	10.0		1067.0				2024-04-13	13	4	2024	4301148	4301148	PRESERVED_SPECIMEN	CSU	CSUC					CC0_1_0	Department of Bioagricultural Sciences	Marian L. Kirst; F. Nunn			2025-10-25T09:38:11.957Z		OCCURRENCE_STATUS_INFERRED_FROM_INDIVIDUAL_COUNT
4872464328	50c9509d-22c7-4a22-a47d-8c48425ef4a7	https://www.inaturalist.org/observations/218818449	Animalia	Arthropoda	Insecta	Lepidoptera	Noctuidae	Euxoa	Euxoa auxiliaris		SPECIES	Euxoa auxiliaris Grote, 1873	Euxoa auxiliaris		US		Missouri	PRESENT		28eb1a3f-1c15-4a95-931a-4af90ecb574d	38.966928	-91.731383	4.0						2024-05-27T09:49:28	27	5	2024	4301148	4301148	HUMAN_OBSERVATION	iNaturalist	Observations	218818449		jacks322	2024-05-28T03:40:01	CC_BY_NC_4_0	jacks322	jacks322			2025-10-27T23:48:30.380Z	StillImage	COORDINATE_ROUNDED;CONTINENT_DERIVED_FROM_COORDINATES
4872453598	50c9509d-22c7-4a22-a47d-8c48425ef4a7	https://www.inaturalist.org/observations/217693274	Animalia	Arthropoda	Insecta	Lepidoptera	Noctuidae	Euxoa	Euxoa auxiliaris		SPECIES	Euxoa auxiliaris Grote, 1873	Euxoa auxiliaris		US		Nebraska	PRESENT		28eb1a3f-1c15-4a95-931a-4af90ecb574d	41.277397	-104.052903	6.0						2024-05-23T08:13:34	23	5	2024	4301148	4301148	HUMAN_OBSERVATION	iNaturalist	Observations	217693274		Brady Schwab	2024-05-23T14:14:01	CC_BY_NC_4_0	Brady Schwab	Brady Schwab			2025-10-28T00:33:48.130Z	StillImage	COORDINATE_ROUNDED;CONTINENT_DERIVED_FROM_COORDINATES
4872397426	50c9509d-22c7-4a22-a47d-8c48425ef4a7	https://www.inaturalist.org/observations/218897298	Animalia	Arthropoda	Insecta	Lepidoptera	Noctuidae	Euxoa	Euxoa auxiliaris		SPECIES	Euxoa auxiliaris Grote, 1873	Euxoa auxiliaris		US		Colorado	PRESENT		28eb1a3f-1c15-4a95-931a-4af90ecb574d	39.70146	-104.965519							2024-05-25T19:29	25	5	2024	4301148	4301148	HUMAN_OBSERVATION	iNaturalist	Observations	218897298		Bob Walker	2024-05-28T14:22:56	CC0_1_0	Bob Walker	Bob Walker			2025-10-27T22:24:50.307Z	StillImage	COORDINATE_ROUNDED;CONTINENT_DERIVED_FROM_COORDINATES
4872136041	50c9509d-22c7-4a22-a47d-8c48425ef4a7	https://www.inaturalist.org/observations/217602129	Animalia	Arthropoda	Insecta	Lepidoptera	Noctuidae	Euxoa	Euxoa auxiliaris		SPECIES	Euxoa auxiliaris Grote, 1873	Euxoa auxiliaris		US		Colorado	PRESENT		28eb1a3f-1c15-4a95-931a-4af90ecb574d	40.408338	-105.098022	35.0						2024-05-16T15:23:09	16	5	2024	4301148	4301148	HUMAN_OBSERVATION	iNaturalist	Observations	217602129		Joshua Smith	2024-05-23T00:25:59	CC_BY_NC_4_0	Joshua Smith	Joshua Smith			2025-10-27T23:40:02.624Z	StillImage	COORDINATE_ROUNDED;CONTINENT_DERIVED_FROM_COORDINATES
4872065414	50c9509d-22c7-4a22-a47d-8c48425ef4a7	https://www.inaturalist.org/observations/218978342	Animalia	Arthropoda	Insecta	Lepidoptera	Noctuidae	Euxoa	Euxoa auxiliaris		SPECIES	Euxoa auxiliaris Grote, 1873	Euxoa auxiliaris		US		Colorado	PRESENT		28eb1a3f-1c15-4a95-931a-4af90ecb574d	39.60274	-104.990626	1.0						2024-05-27T22:42	27	5	2024	4301148	4301148	HUMAN_OBSERVATION	iNaturalist	Observations	218978342		bugtim	2024-05-28T21:07:59	CC_BY_NC_4_0	bugtim	bugtim			2025-10-28T00:34:03.904Z	StillImage	COORDINATE_ROUNDED;CONTINENT_DERIVED_FROM_COORDINATES
4872042242	50c9509d-22c7-4a22-a47d-8c48425ef4a7	https://www.inaturalist.org/observations/217418293	Animalia	Arthropoda	Insecta	Lepidoptera	Noctuidae	Euxoa	Euxoa auxiliaris		SPECIES	Euxoa auxiliaris Grote, 1873	Euxoa auxiliaris		US		Utah	PRESENT		28eb1a3f-1c15-4a95-931a-4af90ecb574d	37.87185	-109.297633	28329.0						2024-05-14T22:00:49	14	5	2024	4301148	4301148	HUMAN_OBSERVATION	iNaturalist	Observations	217418293		Olivia Hanson	2024-05-22T03:01:14	CC_BY_NC_4_0	Olivia Hanson	Olivia Hanson			2025-10-27T22:30:46.982Z	StillImage	COORDINATE_ROUNDED;CONTINENT_DERIVED_FROM_COORDINATES
4867870412	50c9509d-22c7-4a22-a47d-8c48425ef4a7	https://www.inaturalist.org/observations/217064668	Animalia	Arthropoda	Insecta	Lepidoptera	Noctuidae	Euxoa	Euxoa auxiliaris		SPECIES	Euxoa auxiliaris Grote, 1873	Euxoa auxiliaris		US		Colorado	PRESENT		28eb1a3f-1c15-4a95-931a-4af90ecb574d	40.574817	-104.976677	12.0						2024-05-20T08:12:55	20	5	2024	4301148	4301148	HUMAN_OBSERVATION	iNaturalist	Observations	217064668		Joel Dunnington MD	2024-05-20T14:56:17	CC_BY_4_0	Joel Dunnington MD	Joel Dunnington MD			2025-10-27T22:24:27.863Z	StillImage	COORDINATE_ROUNDED;CONTINENT_DERIVED_FROM_COORDINATES
4867705962	50c9509d-22c7-4a22-a47d-8c48425ef4a7	https://www.inaturalist.org/observations/215933588	Animalia	Arthropoda	Insecta	Lepidoptera	Noctuidae	Euxoa	Euxoa auxiliaris		SPECIES	Euxoa auxiliaris Grote, 1873	Euxoa auxiliaris		US		Colorado	PRESENT		28eb1a3f-1c15-4a95-931a-4af90ecb574d	40.646389	-104.343463	4.0						2024-05-13T18:57:24	13	5	2024	4301148	4301148	HUMAN_OBSERVATION	iNaturalist	Observations	215933588		Brady Schwab	2024-05-15T16:18:22	CC_BY_NC_4_0	Brady Schwab	Brady Schwab			2025-10-27T23:39:40.917Z	StillImage	COORDINATE_ROUNDED;CONTINENT_DERIVED_FROM_COORDINATES
4863870912	50c9509d-22c7-4a22-a47d-8c48425ef4a7	https://www.inaturalist.org/observations/214653921	Animalia	Arthropoda	Insecta	Lepidoptera	Noctuidae	Euxoa	Euxoa auxiliaris		SPECIES	Euxoa auxiliaris Grote, 1873	Euxoa auxiliaris		US		Colorado	PRESENT		28eb1a3f-1c15-4a95-931a-4af90ecb574d	38.301583	-104.589469							2024-05-08T22:57:50	8	5	2024	4301148	4301148	HUMAN_OBSERVATION	iNaturalist	Observations	214653921		vjnorthcutt	2024-05-09T20:01:55	CC0_1_0	vjnorthcutt	vjnorthcutt			2025-10-27T23:39:31.416Z	StillImage	COORDINATE_ROUNDED;CONTINENT_DERIVED_FROM_COORDINATES
4863765997	50c9509d-22c7-4a22-a47d-8c48425ef4a7	https://www.inaturalist.org/observations/214387698	Animalia	Arthropoda	Insecta	Lepidoptera	Noctuidae	Euxoa	Euxoa auxiliaris		SPECIES	Euxoa auxiliaris Grote, 1873	Euxoa auxiliaris		US		Colorado	PRESENT		28eb1a3f-1c15-4a95-931a-4af90ecb574d	38.324981	-102.692581							2024-05-01T12:23:02	1	5	2024	4301148	4301148	HUMAN_OBSERVATION	iNaturalist	Observations	214387698		Tresa Moulton	2024-05-08T14:14:44	CC_BY_NC_4_0	Tresa Moulton	Tresa Moulton			2025-10-27T22:29:53.650Z	StillImage	COORDINATE_ROUNDED;CONTINENT_DERIVED_FROM_COORDINATES
4863626469	50c9509d-22c7-4a22-a47d-8c48425ef4a7	https://www.inaturalist.org/observations/214173351	Animalia	Arthropoda	Insecta	Lepidoptera	Noctuidae	Euxoa	Euxoa auxiliaris		SPECIES	Euxoa auxiliaris Grote, 1873	Euxoa auxiliaris		US		Colorado	PRESENT		28eb1a3f-1c15-4a95-931a-4af90ecb574d	37.936133	-104.829978	8.0						2024-05-07T06:23:52	7	5	2024	4301148	4301148	HUMAN_OBSERVATION	iNaturalist	Observations	214173351		Brian	2024-05-07T19:57:57	CC_BY_NC_4_0	azimoore	azimoore			2025-10-27T22:23:44.242Z	StillImage	COORDINATE_ROUNDED;CONTINENT_DERIVED_FROM_COORDINATES
4863444262	50c9509d-22c7-4a22-a47d-8c48425ef4a7	https://www.inaturalist.org/observations/214936776	Animalia	Arthropoda	Insecta	Lepidoptera	Noctuidae	Euxoa	Euxoa auxiliaris		SPECIES	Euxoa auxiliaris Grote, 1873	Euxoa auxiliaris		US		Colorado	PRESENT		28eb1a3f-1c15-4a95-931a-4af90ecb574d	40.419723	-105.048723	76.0						2024-05-10T20:46	10	5	2024	4301148	4301148	HUMAN_OBSERVATION	iNaturalist	Observations	214936776		Joshua Smith	2024-05-11T05:10:19	CC_BY_NC_4_0	Joshua Smith	Joshua Smith			2025-10-27T22:23:54.767Z	StillImage	COORDINATE_ROUNDED;CONTINENT_DERIVED_FROM_COORDINATES
4863362821	50c9509d-22c7-4a22-a47d-8c48425ef4a7	https://www.inaturalist.org/observations/215251308	Animalia	Arthropoda	Insecta	Lepidoptera	Noctuidae	Euxoa	Euxoa auxiliaris		SPECIES	Euxoa auxiliaris Grote, 1873	Euxoa auxiliaris		US		Colorado	PRESENT		28eb1a3f-1c15-4a95-931a-4af90ecb574d	38.86115	-104.919633	17.0						2024-05-11T13:52:11	11	5	2024	4301148	4301148	HUMAN_OBSERVATION	iNaturalist	Observations	215251308		manitutu	2024-05-12T14:18:42	CC_BY_NC_4_0	manitutu	manitutu			2025-10-27T22:24:02.213Z	StillImage	COORDINATE_ROUNDED;CONTINENT_DERIVED_FROM_COORDINATES
4855403025	50c9509d-22c7-4a22-a47d-8c48425ef4a7	https://www.inaturalist.org/observations/213059124	Animalia	Arthropoda	Insecta	Lepidoptera	Noctuidae	Euxoa	Euxoa auxiliaris		SPECIES	Euxoa auxiliaris Grote, 1873	Euxoa auxiliaris		US		New Mexico	PRESENT		28eb1a3f-1c15-4a95-931a-4af90ecb574d	34.88908	-106.082356	7.0						2024-05-02T21:26:32	2	5	2024	4301148	4301148	HUMAN_OBSERVATION	iNaturalist	Observations	213059124		Elliott Gordon	2024-05-06T20:52:44	CC_BY_4_0	Tom Kennedy	Tom Kennedy			2025-10-27T22:23:28.770Z	StillImage	COORDINATE_ROUNDED;CONTINENT_DERIVED_FROM_COORDINATES
4855301869	50c9509d-22c7-4a22-a47d-8c48425ef4a7	https://www.inaturalist.org/observations/212459338	Animalia	Arthropoda	Insecta	Lepidoptera	Noctuidae	Euxoa	Euxoa auxiliaris		SPECIES	Euxoa auxiliaris Grote, 1873	Euxoa auxiliaris		US		Texas	PRESENT		28eb1a3f-1c15-4a95-931a-4af90ecb574d	32.857052	-96.685683	1.0						2024-04-29T23:48	29	4	2024	4301148	4301148	HUMAN_OBSERVATION	iNaturalist	Observations	212459338		Annika Lindqvist	2024-05-01T01:54:54	CC_BY_4_0	Annika Lindqvist	Annika Lindqvist			2025-10-27T22:29:46.516Z	StillImage	CONTINENT_DERIVED_FROM_COORDINATES
4855225353	50c9509d-22c7-4a22-a47d-8c48425ef4a7	https://www.inaturalist.org/observations/214005409	Animalia	Arthropoda	Insecta	Lepidoptera	Noctuidae	Euxoa	Euxoa auxiliaris		SPECIES	Euxoa auxiliaris Grote, 1873	Euxoa auxiliaris		US		Texas	PRESENT		28eb1a3f-1c15-4a95-931a-4af90ecb574d	31.6288	-102.77005	5068.0						2024-05-05T23:51:45	5	5	2024	4301148	4301148	HUMAN_OBSERVATION	iNaturalist	Observations	214005409		Larry Chen	2024-05-06T16:26:36	CC_BY_NC_4_0	Larry Chen	Larry Chen			2025-10-27T22:29:51.853Z	StillImage	CONTINENT_DERIVED_FROM_COORDINATES
4855100961	50c9509d-22c7-4a22-a47d-8c48425ef4a7	https://www.inaturalist.org/observations/212879225	Animalia	Arthropoda	Insecta	Lepidoptera	Noctuidae	Euxoa	Euxoa auxiliaris		SPECIES	Euxoa auxiliaris Grote, 1873	Euxoa auxiliaris		US		Arizona	PRESENT		28eb1a3f-1c15-4a95-931a-4af90ecb574d	31.609975	-110.907718	23.0						2024-05-01T01:56	1	5	2024	4301148	4301148	HUMAN_OBSERVATION	iNaturalist	Observations	212879225		Sue Carnahan	2024-05-02T13:30:39	CC_BY_4_0	Sue Carnahan	Sue Carnahan			2025-10-27T23:39:26.718Z	StillImage	COORDINATE_ROUNDED;CONTINENT_DERIVED_FROM_COORDINATES
4855064911	50c9509d-22c7-4a22-a47d-8c48425ef4a7	https://www.inaturalist.org/observations/210362635	Animalia	Arthropoda	Insecta	Lepidoptera	Noctuidae	Euxoa	Euxoa auxiliaris		SPECIES	Euxoa auxiliaris Grote, 1873	Euxoa auxiliaris		US		Texas	PRESENT		28eb1a3f-1c15-4a95-931a-4af90ecb574d	33.30867	-97.129547	3415.0						2024-04-27T14:27:15	27	4	2024	4301148	4301148	HUMAN_OBSERVATION	iNaturalist	Observations	210362635		happysailor	2024-04-27T19:28:22	CC_BY_NC_4_0	happysailor	happysailor			2025-10-27T23:38:56.289Z	StillImage	COORDINATE_ROUNDED;CONTINENT_DERIVED_FROM_COORDINATES
4854961465	50c9509d-22c7-4a22-a47d-8c48425ef4a7	https://www.inaturalist.org/observations/212491239	Animalia	Arthropoda	Insecta	Lepidoptera	Noctuidae	Euxoa	Euxoa auxiliaris		SPECIES	Euxoa auxiliaris Grote, 1873	Euxoa auxiliaris		US		Texas	PRESENT		28eb1a3f-1c15-4a95-931a-4af90ecb574d	33.482217	-101.818091	28957.0						2024-04-29T19:03	29	4	2024	4301148	4301148	HUMAN_OBSERVATION	iNaturalist	Observations	212491239		Jordan Cochran	2024-05-01T04:18:40	CC_BY_NC_4_0	Jordan Cochran	Jordan Cochran			2025-10-27T22:23:24.982Z	StillImage	COORDINATE_ROUNDED;CONTINENT_DERIVED_FROM_COORDINATES
4853164827	50c9509d-22c7-4a22-a47d-8c48425ef4a7	https://www.inaturalist.org/observations/211353105	Animalia	Arthropoda	Insecta	Lepidoptera	Noctuidae	Euxoa	Euxoa auxiliaris		SPECIES	Euxoa auxiliaris Grote, 1873	Euxoa auxiliaris		US		Texas	PRESENT		28eb1a3f-1c15-4a95-931a-4af90ecb574d	33.831412	-98.535181	4.0						2024-04-28T23:18:57	28	4	2024	4301148	4301148	HUMAN_OBSERVATION	iNaturalist	Observations	211353105		Bryan Box	2024-04-29T04:19:06	CC_BY_NC_4_0	Bryan Box	Bryan Box			2025-10-27T22:29:12.490Z	StillImage	COORDINATE_ROUNDED;CONTINENT_DERIVED_FROM_COORDINATES
4852609698	50c9509d-22c7-4a22-a47d-8c48425ef4a7	https://www.inaturalist.org/observations/211899928	Animalia	Arthropoda	Insecta	Lepidoptera	Noctuidae	Euxoa	Euxoa auxiliaris		SPECIES	Euxoa auxiliaris Grote, 1873	Euxoa auxiliaris		US		Kansas	PRESENT		28eb1a3f-1c15-4a95-931a-4af90ecb574d	38.87179	-99.337038	4.0						2024-04-29T17:08:16	29	4	2024	4301148	4301148	HUMAN_OBSERVATION	iNaturalist	Observations	211899928		ambermorg	2024-04-29T22:10:28	CC_BY_NC_4_0	ambermorg	ambermorg			2025-10-27T23:47:29.128Z	StillImage	COORDINATE_ROUNDED;CONTINENT_DERIVED_FROM_COORDINATES
4852539559	50c9509d-22c7-4a22-a47d-8c48425ef4a7	https://www.inaturalist.org/observations/211371107	Animalia	Arthropoda	Insecta	Lepidoptera	Noctuidae	Euxoa	Euxoa auxiliaris		SPECIES	Euxoa auxiliaris Grote, 1873	Euxoa auxiliaris		US		Texas	PRESENT		28eb1a3f-1c15-4a95-931a-4af90ecb574d	34.07253	-98.555708	4.0						2024-04-29T00:03:31	29	4	2024	4301148	4301148	HUMAN_OBSERVATION	iNaturalist	Observations	211371107		Lynn Seman	2024-04-29T05:08:27	CC_BY_NC_4_0	Lynn Seman	Lynn Seman			2025-10-27T23:47:07.385Z	StillImage	COORDINATE_ROUNDED;CONTINENT_DERIVED_FROM_COORDINATES
4852467209	50c9509d-22c7-4a22-a47d-8c48425ef4a7	https://www.inaturalist.org/observations/210538892	Animalia	Arthropoda	Insecta	Lepidoptera	Noctuidae	Euxoa	Euxoa auxiliaris		SPECIES	Euxoa auxiliaris Grote, 1873	Euxoa auxiliaris		US		Arizona	PRESENT		28eb1a3f-1c15-4a95-931a-4af90ecb574d	36.061051	-112.113323							2024-04-27T08:04:28	27	4	2024	4301148	4301148	HUMAN_OBSERVATION	iNaturalist	Observations	210538892		Kate Turner	2024-04-28T01:08:10	CC_BY_NC_4_0	Kate Turner	Kate Turner			2025-10-27T23:38:57.350Z	StillImage	COORDINATE_ROUNDED;CONTINENT_DERIVED_FROM_COORDINATES
4852272724	50c9509d-22c7-4a22-a47d-8c48425ef4a7	https://www.inaturalist.org/observations/211693969	Animalia	Arthropoda	Insecta	Lepidoptera	Noctuidae	Euxoa	Euxoa auxiliaris		SPECIES	Euxoa auxiliaris Grote, 1873	Euxoa auxiliaris		US		Texas	PRESENT		28eb1a3f-1c15-4a95-931a-4af90ecb574d	33.885146	-98.540236							2024-04-26T23:49:47	26	4	2024	4301148	4301148	HUMAN_OBSERVATION	iNaturalist	Observations	211693969		Gabe King	2024-04-29T17:13:50	CC_BY_NC_4_0	Gabe King	Gabe King			2025-10-27T22:23:13.954Z	StillImage	COORDINATE_ROUNDED;CONTINENT_DERIVED_FROM_COORDINATES
4852239610	50c9509d-22c7-4a22-a47d-8c48425ef4a7	https://www.inaturalist.org/observations/210568448	Animalia	Arthropoda	Insecta	Lepidoptera	Noctuidae	Euxoa	Euxoa auxiliaris		SPECIES	Euxoa auxiliaris Grote, 1873	Euxoa auxiliaris		US		Texas	PRESENT		28eb1a3f-1c15-4a95-931a-4af90ecb574d	33.831267	-98.535189	24.0						2024-04-27T21:09:58	27	4	2024	4301148	4301148	HUMAN_OBSERVATION	iNaturalist	Observations	210568448		Bryan Box	2024-04-28T02:10:34	CC_BY_NC_4_0	Bryan Box	Bryan Box			2025-10-28T00:32:38.137Z	StillImage	COORDINATE_ROUNDED;CONTINENT_DERIVED_FROM_COORDINATES
4852220973	50c9509d-22c7-4a22-a47d-8c48425ef4a7	https://www.inaturalist.org/observations/209891052	Animalia	Arthropoda	Insecta	Lepidoptera	Noctuidae	Euxoa	Euxoa auxiliaris		SPECIES	Euxoa auxiliaris Grote, 1873	Euxoa auxiliaris		US		New Mexico	PRESENT		28eb1a3f-1c15-4a95-931a-4af90ecb574d	34.450671	-103.207142	4.0						2024-04-26T18:46:24	26	4	2024	4301148	4301148	HUMAN_OBSERVATION	iNaturalist	Observations	209891052		itsemil	2024-04-30T16:17:08	CC_BY_NC_4_0	bmunozes	bmunozes			2025-10-27T22:22:59.696Z	StillImage	COORDINATE_ROUNDED;CONTINENT_DERIVED_FROM_COORDINATES
4852064656	50c9509d-22c7-4a22-a47d-8c48425ef4a7	https://www.inaturalist.org/observations/207761544	Animalia	Arthropoda	Insecta	Lepidoptera	Noctuidae	Euxoa	Euxoa auxiliaris		SPECIES	Euxoa auxiliaris Grote, 1873	Euxoa auxiliaris		US		Arizona	PRESENT		28eb1a3f-1c15-4a95-931a-4af90ecb574d	31.609975	-110.907718	23.0						2024-04-13T20:04	13	4	2024	4301148	4301148	HUMAN_OBSERVATION	iNaturalist	Observations	207761544		Sue Carnahan	2024-04-17T14:41:01	CC_BY_4_0	Sue Carnahan	Sue Carnahan			2025-10-28T00:32:08.760Z	StillImage	COORDINATE_ROUNDED;CONTINENT_DERIVED_FROM_COORDINATES
4847170854	50c9509d-22c7-4a22-a47d-8c48425ef4a7	https://www.inaturalist.org/observations/207474819	Animalia	Arthropoda	Insecta	Lepidoptera	Noctuidae	Euxoa	Euxoa auxiliaris		SPECIES	Euxoa auxiliaris Grote, 1873	Euxoa auxiliaris		US		Arizona	PRESENT		28eb1a3f-1c15-4a95-931a-4af90ecb574d	32.286233	-110.944668	19.0						2024-04-15T15:04:44	15	4	2024	4301148	4301148	HUMAN_OBSERVATION	iNaturalist	Observations	207474819		Carrie Seltzer	2024-04-15T22:05:15	CC0_1_0	Carrie Seltzer	Carrie Seltzer			2025-10-28T00:32:05.590Z	StillImage	COORDINATE_ROUNDED;CONTINENT_DERIVED_FROM_COORDINATES
4846949483	50c9509d-22c7-4a22-a47d-8c48425ef4a7	https://www.inaturalist.org/observations/207278502	Animalia	Arthropoda	Insecta	Lepidoptera	Noctuidae	Euxoa	Euxoa auxiliaris		SPECIES	Euxoa auxiliaris Grote, 1873	Euxoa auxiliaris		US		Arizona	PRESENT		28eb1a3f-1c15-4a95-931a-4af90ecb574d	32.039241	-112.707935	3.0						2024-04-10T17:23:09	10	4	2024	4301148	4301148	HUMAN_OBSERVATION	iNaturalist	Observations	207278502		Aaron Echols	2024-04-14T22:22:29	CC_BY_NC_4_0	Aaron Echols	Aaron Echols			2025-10-27T22:28:42.915Z	StillImage	COORDINATE_ROUNDED;CONTINENT_DERIVED_FROM_COORDINATES
4606831201	50c9509d-22c7-4a22-a47d-8c48425ef4a7	https://www.inaturalist.org/observations/204651271	Animalia	Arthropoda	Insecta	Lepidoptera	Noctuidae	Euxoa	Euxoa auxiliaris		SPECIES	Euxoa auxiliaris Grote, 1873	Euxoa auxiliaris		US		Arizona	PRESENT		28eb1a3f-1c15-4a95-931a-4af90ecb574d	33.52343	-112.255875	6.0						2024-03-30T16:13:28	30	3	2024	4301148	4301148	HUMAN_OBSERVATION	iNaturalist	Observations	204651271		Carlos A. Armenta	2024-03-31T00:01:50	CC_BY_4_0	Carlos A. Armenta	Carlos A. Armenta			2025-10-28T00:31:38.309Z	StillImage	CONTINENT_DERIVED_FROM_COORDINATES
4600164074	50c9509d-22c7-4a22-a47d-8c48425ef4a7	https://www.inaturalist.org/observations/203635287	Animalia	Arthropoda	Insecta	Lepidoptera	Noctuidae	Euxoa	Euxoa auxiliaris		SPECIES	Euxoa auxiliaris Grote, 1873	Euxoa auxiliaris		US		Texas	PRESENT		28eb1a3f-1c15-4a95-931a-4af90ecb574d	29.611928	-97.961188	87.0						2024-03-23T14:41:12	23	3	2024	4301148	4301148	HUMAN_OBSERVATION	iNaturalist	Observations	203635287		darwinning21	2024-03-23T19:50:16	CC_BY_NC_4_0	darwinning21	darwinning21			2025-10-27T22:21:21.500Z	StillImage	COORDINATE_ROUNDED;CONTINENT_DERIVED_FROM_COORDINATES
4596833535	50c9509d-22c7-4a22-a47d-8c48425ef4a7	https://www.inaturalist.org/observations/195477716	Animalia	Arthropoda	Insecta	Lepidoptera	Noctuidae	Euxoa	Euxoa auxiliaris		SPECIES	Euxoa auxiliaris Grote, 1873	Euxoa auxiliaris		US		Arizona	PRESENT		28eb1a3f-1c15-4a95-931a-4af90ecb574d	33.435062	-111.995277	230.0						2024-01-01T09:25:16	1	1	2024	4301148	4301148	HUMAN_OBSERVATION	iNaturalist	Observations	195477716		jackchaillet	2024-01-01T16:30:07	CC_BY_NC_4_0	jackchaillet	jackchaillet			2025-10-27T22:19:00.972Z	StillImage	COORDINATE_ROUNDED;CONTINENT_DERIVED_FROM_COORDINATES
